user_id,session_start_time,device_type,cart_value,checkout_status,hour_of_day,day_of_week
USER_0563,2026-01-01 00:15:17,Desktop,154.53,Abandoned,0,Thursday
USER_0598,2026-01-01 01:06:51,Mobile,42.24,Abandoned,1,Thursday
USER_0400,2026-01-01 01:47:44,Mobile,38.67,Abandoned,1,Thursday
USER_0534,2026-01-01 03:34:39,Unknown,24.78,Abandoned,3,Thursday
USER_0476,2026-01-01 05:19:16,Tablet,90.41,Completed,5,Thursday
USER_1088,2026-01-01 06:00:50,Desktop,76.28,Completed,6,Thursday
USER_1364,2026-01-01 06:46:03,Desktop,26.42,Completed,6,Thursday
USER_0793,2026-01-01 07:21:45,Mobile,13.37,Abandoned,7,Thursday
USER_0944,2026-01-01 08:01:25,Mobile,71.52,Abandoned,8,Thursday
USER_1235,2026-01-01 08:16:53,Mobile,77.01,Completed,8,Thursday
USER_0395,2026-01-01 10:02:40,Mobile,28.75,Abandoned,10,Thursday
USER_1344,2026-01-01 11:35:43,Mobile,25.23,Completed,11,Thursday
USER_1305,2026-01-01 11:42:17,Desktop,83.62,Completed,11,Thursday
USER_0087,2026-01-01 13:49:28,Mobile,182.48,Completed,13,Thursday
USER_1199,2026-01-01 14:54:47,Mobile,39.58,Completed,14,Thursday
USER_0952,2026-01-01 14:59:57,Mobile,30.82,Completed,14,Thursday
USER_0807,2026-01-01 17:30:14,Mobile,54.730000000000004,Completed,17,Thursday
USER_0671,2026-01-01 18:17:47,Mobile,82.51,Abandoned,18,Thursday
USER_0010,2026-01-01 19:18:38,Tablet,43.09,Abandoned,19,Thursday
USER_1111,2026-01-01 20:37:11,Desktop,203.63,Completed,20,Thursday
USER_1406,2026-01-01 21:54:00,Desktop,98.11,Completed,21,Thursday
USER_1272,2026-01-01 22:32:51,Mobile,42.61,Abandoned,22,Thursday
USER_0526,2026-01-01 23:39:26,Mobile,19.39,Abandoned,23,Thursday
USER_1148,2026-01-02 00:39:40,Mobile,128.72,Abandoned,0,Friday
USER_1192,2026-01-02 00:55:43,Desktop,118.48,Completed,0,Friday
USER_0964,2026-01-02 01:27:36,Desktop,44.84,Completed,1,Friday
USER_1348,2026-01-02 01:54:06,Mobile,68.57,Abandoned,1,Friday
USER_0894,2026-01-02 04:18:14,Mobile,49.51,Abandoned,4,Friday
USER_0488,2026-01-02 06:49:17,Mobile,76.58,Completed,6,Friday
USER_0696,2026-01-02 07:07:16,Desktop,28.04,Abandoned,7,Friday
USER_1347,2026-01-02 07:38:56,Tablet,25.56,Abandoned,7,Friday
USER_0399,2026-01-02 08:17:00,Desktop,92.49,Completed,8,Friday
USER_0660,2026-01-02 08:27:21,Unknown,100.43,Abandoned,8,Friday
USER_0501,2026-01-02 08:36:09,Mobile,39.69,Abandoned,8,Friday
USER_1470,2026-01-02 09:53:39,Mobile,33.55,Abandoned,9,Friday
USER_1432,2026-01-02 09:53:46,Mobile,115.11,Abandoned,9,Friday
USER_0124,2026-01-02 10:57:31,Mobile,54.730000000000004,Completed,10,Friday
USER_1248,2026-01-02 11:03:22,Desktop,56.6,Abandoned,11,Friday
USER_0022,2026-01-02 12:32:42,Desktop,52.12,Abandoned,12,Friday
USER_0735,2026-01-02 12:38:56,Mobile,21.04,Completed,12,Friday
USER_1137,2026-01-02 13:20:45,Desktop,61.86,Completed,13,Friday
USER_0217,2026-01-02 13:36:10,Mobile,58.05,Abandoned,13,Friday
USER_0429,2026-01-02 13:57:25,Mobile,69.0,Abandoned,13,Friday
USER_0283,2026-01-02 14:16:39,Mobile,60.51,Completed,14,Friday
USER_1253,2026-01-02 14:35:25,Mobile,218.81,Completed,14,Friday
USER_0045,2026-01-02 14:38:53,Mobile,116.17,Abandoned,14,Friday
USER_0215,2026-01-02 15:29:17,Mobile,55.99,Completed,15,Friday
USER_0375,2026-01-02 15:55:04,Mobile,59.42,Abandoned,15,Friday
USER_1103,2026-01-02 16:06:15,Tablet,171.8,Completed,16,Friday
USER_0360,2026-01-02 16:07:34,Mobile,95.68,Abandoned,16,Friday
USER_0236,2026-01-02 16:12:51,Mobile,54.730000000000004,Abandoned,16,Friday
USER_0821,2026-01-02 16:28:13,Mobile,101.17,Abandoned,16,Friday
USER_0996,2026-01-02 17:09:38,Desktop,122.46,Completed,17,Friday
USER_1271,2026-01-02 17:14:29,Mobile,156.26,Abandoned,17,Friday
USER_1178,2026-01-02 17:50:53,Desktop,42.06,Completed,17,Friday
USER_1276,2026-01-02 19:57:33,Mobile,40.11,Abandoned,19,Friday
USER_0126,2026-01-02 20:09:58,Mobile,29.6,Abandoned,20,Friday
USER_0645,2026-01-02 20:48:17,Desktop,66.71,Completed,20,Friday
USER_1326,2026-01-02 22:23:11,Unknown,87.91,Abandoned,22,Friday
USER_0889,2026-01-02 23:33:56,Mobile,39.11,Completed,23,Friday
USER_0726,2026-01-02 23:34:37,Mobile,49.79,Abandoned,23,Friday
USER_0898,2026-01-03 00:20:01,Desktop,14.37,Abandoned,0,Saturday
USER_0261,2026-01-03 00:59:15,Mobile,145.64,Abandoned,0,Saturday
USER_0488,2026-01-03 01:43:21,Mobile,19.74,Completed,1,Saturday
USER_1359,2026-01-03 04:31:13,Tablet,69.66,Abandoned,4,Saturday
USER_1483,2026-01-03 04:51:25,Mobile,63.74,Abandoned,4,Saturday
USER_0346,2026-01-03 05:27:38,Unknown,56.25,Completed,5,Saturday
USER_0116,2026-01-03 05:55:52,Desktop,57.1,Completed,5,Saturday
USER_1489,2026-01-03 07:01:50,Mobile,28.29,Completed,7,Saturday
USER_1328,2026-01-03 10:56:44,Mobile,44.11,Abandoned,10,Saturday
USER_1040,2026-01-03 11:06:43,Mobile,102.5,Abandoned,11,Saturday
USER_0154,2026-01-03 12:21:54,Desktop,124.26,Completed,12,Saturday
USER_1400,2026-01-03 12:42:27,Desktop,41.53,Completed,12,Saturday
USER_0605,2026-01-03 13:12:06,Desktop,19.8,Completed,13,Saturday
USER_0078,2026-01-03 13:30:21,Tablet,32.91,Completed,13,Saturday
USER_1349,2026-01-03 14:50:56,Desktop,182.04,Completed,14,Saturday
USER_1260,2026-01-03 16:16:54,Mobile,34.21,Abandoned,16,Saturday
USER_0223,2026-01-03 16:51:02,Mobile,51.26,Abandoned,16,Saturday
USER_0373,2026-01-03 17:00:00,Desktop,137.05,Completed,17,Saturday
USER_1386,2026-01-03 17:14:58,Mobile,38.76,Abandoned,17,Saturday
USER_0268,2026-01-03 17:47:04,Mobile,49.03,Abandoned,17,Saturday
USER_1172,2026-01-03 17:51:08,Desktop,91.51,Abandoned,17,Saturday
USER_1385,2026-01-03 18:33:28,Mobile,166.11,Abandoned,18,Saturday
USER_1482,2026-01-03 18:34:07,Tablet,54.730000000000004,Completed,18,Saturday
USER_0685,2026-01-03 18:45:46,Desktop,134.94,Completed,18,Saturday
USER_0206,2026-01-03 19:44:37,Mobile,45.47,Abandoned,19,Saturday
USER_1202,2026-01-03 21:30:31,Tablet,30.7,Completed,21,Saturday
USER_1099,2026-01-03 22:17:58,Mobile,64.21,Abandoned,22,Saturday
USER_0672,2026-01-03 22:34:03,Mobile,25.73,Abandoned,22,Saturday
USER_1340,2026-01-03 23:00:58,Mobile,74.2,Completed,23,Saturday
USER_1261,2026-01-04 00:03:45,Mobile,422.96,Completed,0,Sunday
USER_1406,2026-01-04 00:15:02,Mobile,112.02,Abandoned,0,Sunday
USER_0745,2026-01-04 00:37:00,Mobile,51.0,Abandoned,0,Sunday
USER_0124,2026-01-04 01:37:19,Mobile,108.19,Abandoned,1,Sunday
USER_0887,2026-01-04 02:28:36,Mobile,29.8,Completed,2,Sunday
USER_0397,2026-01-04 02:34:09,Desktop,33.24,Abandoned,2,Sunday
USER_0375,2026-01-04 03:00:01,Desktop,51.93,Abandoned,3,Sunday
USER_0406,2026-01-04 03:42:24,Mobile,57.8,Abandoned,3,Sunday
USER_1283,2026-01-04 05:21:35,Mobile,23.56,Completed,5,Sunday
USER_0198,2026-01-04 07:53:55,Mobile,44.74,Abandoned,7,Sunday
USER_0578,2026-01-04 09:06:47,Mobile,49.7,Completed,9,Sunday
USER_0609,2026-01-04 10:06:39,Desktop,148.75,Abandoned,10,Sunday
USER_0232,2026-01-04 10:39:02,Desktop,23.55,Completed,10,Sunday
USER_1033,2026-01-04 10:39:44,Mobile,54.730000000000004,Abandoned,10,Sunday
USER_0526,2026-01-04 10:44:43,Mobile,61.2,Completed,10,Sunday
USER_1374,2026-01-04 10:59:43,Mobile,115.36,Abandoned,10,Sunday
USER_0988,2026-01-04 11:06:29,Desktop,78.14,Completed,11,Sunday
USER_0476,2026-01-04 12:17:26,Mobile,66.47,Completed,12,Sunday
USER_1324,2026-01-04 14:29:45,Tablet,54.730000000000004,Completed,14,Sunday
USER_0266,2026-01-04 14:49:39,Desktop,54.730000000000004,Completed,14,Sunday
USER_0816,2026-01-04 16:19:02,Mobile,93.45,Abandoned,16,Sunday
USER_0844,2026-01-04 16:32:54,Desktop,46.19,Completed,16,Sunday
USER_0038,2026-01-04 18:23:57,Tablet,29.47,Completed,18,Sunday
USER_1239,2026-01-04 21:39:24,Unknown,29.6,Completed,21,Sunday
USER_0177,2026-01-04 21:41:23,Mobile,96.66,Abandoned,21,Sunday
USER_0557,2026-01-04 21:44:22,Mobile,20.01,Abandoned,21,Sunday
USER_0122,2026-01-04 23:57:10,Desktop,162.4,Completed,23,Sunday
USER_0196,2026-01-05 02:05:53,Desktop,40.59,Completed,2,Monday
USER_1142,2026-01-05 02:16:31,Desktop,66.77,Abandoned,2,Monday
USER_1020,2026-01-05 03:48:01,Unknown,86.15,Completed,3,Monday
USER_0909,2026-01-05 04:05:06,Desktop,35.01,Completed,4,Monday
USER_0171,2026-01-05 05:14:06,Tablet,40.49,Completed,5,Monday
USER_0279,2026-01-05 06:28:13,Unknown,59.49,Abandoned,6,Monday
USER_0515,2026-01-05 08:13:53,Mobile,31.35,Abandoned,8,Monday
USER_0305,2026-01-05 08:47:04,Desktop,27.28,Abandoned,8,Monday
USER_0783,2026-01-05 09:34:29,Desktop,28.92,Completed,9,Monday
USER_1011,2026-01-05 09:55:25,Desktop,119.81,Completed,9,Monday
USER_0275,2026-01-05 11:59:02,Mobile,70.71,Completed,11,Monday
USER_0856,2026-01-05 12:47:50,Desktop,32.6,Abandoned,12,Monday
USER_0980,2026-01-05 14:26:35,Desktop,96.28,Completed,14,Monday
USER_0550,2026-01-05 14:31:31,Mobile,33.8,Completed,14,Monday
USER_0635,2026-01-05 14:33:28,Mobile,15.37,Abandoned,14,Monday
USER_1015,2026-01-05 15:24:32,Mobile,85.88,Completed,15,Monday
USER_1400,2026-01-05 16:28:31,Mobile,159.18,Completed,16,Monday
USER_0011,2026-01-05 16:55:47,Mobile,78.47,Completed,16,Monday
USER_0130,2026-01-05 17:19:34,Mobile,16.01,Abandoned,17,Monday
USER_0780,2026-01-05 19:42:41,Mobile,53.77,Abandoned,19,Monday
USER_0021,2026-01-05 19:44:50,Desktop,45.67,Completed,19,Monday
USER_0806,2026-01-05 20:20:29,Desktop,54.730000000000004,Completed,20,Monday
USER_0445,2026-01-05 20:31:43,Desktop,31.48,Abandoned,20,Monday
USER_0884,2026-01-05 20:54:48,Mobile,43.96,Completed,20,Monday
USER_0375,2026-01-05 20:56:33,Mobile,21.69,Abandoned,20,Monday
USER_0452,2026-01-05 21:49:50,Desktop,63.06,Completed,21,Monday
USER_0714,2026-01-05 22:40:44,Mobile,22.22,Completed,22,Monday
USER_0937,2026-01-05 23:59:38,Unknown,72.55,Completed,23,Monday
USER_0604,2026-01-06 00:03:04,Desktop,33.52,Completed,0,Tuesday
USER_1181,2026-01-06 02:03:59,Mobile,10.0,Abandoned,2,Tuesday
USER_1079,2026-01-06 03:34:34,Tablet,91.46,Abandoned,3,Tuesday
USER_0785,2026-01-06 04:14:04,Mobile,75.27,Completed,4,Tuesday
USER_1411,2026-01-06 04:42:14,Mobile,131.55,Abandoned,4,Tuesday
USER_0633,2026-01-06 04:56:53,Unknown,14.03,Completed,4,Tuesday
USER_0856,2026-01-06 06:30:33,Mobile,35.68,Completed,6,Tuesday
USER_0526,2026-01-06 07:26:59,Tablet,59.47,Abandoned,7,Tuesday
USER_0314,2026-01-06 08:05:22,Mobile,79.17,Completed,8,Tuesday
USER_0453,2026-01-06 08:58:30,Mobile,21.1,Abandoned,8,Tuesday
USER_1391,2026-01-06 10:04:58,Desktop,72.27,Abandoned,10,Tuesday
USER_1188,2026-01-06 10:07:31,Desktop,37.65,Completed,10,Tuesday
USER_1226,2026-01-06 11:23:26,Mobile,16.35,Completed,11,Tuesday
USER_0127,2026-01-06 11:59:07,Mobile,33.52,Abandoned,11,Tuesday
USER_1445,2026-01-06 12:44:03,Desktop,76.27,Abandoned,12,Tuesday
USER_0285,2026-01-06 13:16:49,Mobile,16.8,Abandoned,13,Tuesday
USER_1445,2026-01-06 13:47:12,Desktop,54.730000000000004,Abandoned,13,Tuesday
USER_0859,2026-01-06 14:07:50,Desktop,65.64,Abandoned,14,Tuesday
USER_1070,2026-01-06 16:23:19,Desktop,46.29,Abandoned,16,Tuesday
USER_0682,2026-01-06 17:29:15,Desktop,18.86,Completed,17,Tuesday
USER_1036,2026-01-06 17:50:32,Mobile,19.87,Completed,17,Tuesday
USER_0926,2026-01-06 18:13:39,Desktop,42.14,Completed,18,Tuesday
USER_1462,2026-01-06 18:21:35,Desktop,26.28,Abandoned,18,Tuesday
USER_1086,2026-01-06 20:10:55,Mobile,43.95,Completed,20,Tuesday
USER_0575,2026-01-06 20:49:55,Tablet,98.4,Completed,20,Tuesday
USER_1266,2026-01-06 22:45:53,Mobile,45.72,Completed,22,Tuesday
USER_0646,2026-01-06 23:26:34,Mobile,44.91,Abandoned,23,Tuesday
USER_0695,2026-01-07 00:01:30,Mobile,44.94,Abandoned,0,Wednesday
USER_1124,2026-01-07 00:16:25,Tablet,105.5,Abandoned,0,Wednesday
USER_0879,2026-01-07 00:47:24,Mobile,126.56,Abandoned,0,Wednesday
USER_1012,2026-01-07 02:22:05,Desktop,71.83,Completed,2,Wednesday
USER_0821,2026-01-07 02:30:09,Desktop,59.67,Completed,2,Wednesday
USER_0978,2026-01-07 04:30:33,Mobile,63.38,Abandoned,4,Wednesday
USER_1387,2026-01-07 06:25:29,Mobile,138.13,Abandoned,6,Wednesday
USER_0278,2026-01-07 06:29:57,Desktop,74.41,Completed,6,Wednesday
USER_0853,2026-01-07 06:49:15,Mobile,146.88,Abandoned,6,Wednesday
USER_0037,2026-01-07 07:07:06,Desktop,41.58,Completed,7,Wednesday
USER_0767,2026-01-07 07:12:24,Mobile,22.92,Abandoned,7,Wednesday
USER_0534,2026-01-07 07:35:26,Mobile,35.34,Abandoned,7,Wednesday
USER_1499,2026-01-07 08:50:42,Desktop,37.87,Abandoned,8,Wednesday
USER_1419,2026-01-07 08:53:48,Mobile,154.93,Abandoned,8,Wednesday
USER_0237,2026-01-07 09:07:18,Mobile,88.12,Abandoned,9,Wednesday
USER_0267,2026-01-07 09:23:46,Mobile,36.08,Completed,9,Wednesday
USER_0446,2026-01-07 10:23:59,Mobile,92.34,Completed,10,Wednesday
USER_0891,2026-01-07 11:59:08,Mobile,50.19,Abandoned,11,Wednesday
USER_1453,2026-01-07 12:09:27,Desktop,157.98,Abandoned,12,Wednesday
USER_0105,2026-01-07 12:42:54,Mobile,43.95,Completed,12,Wednesday
USER_0503,2026-01-07 13:07:15,Mobile,20.08,Abandoned,13,Wednesday
USER_0227,2026-01-07 13:43:47,Desktop,48.36,Abandoned,13,Wednesday
USER_0040,2026-01-07 14:25:03,Unknown,43.97,Abandoned,14,Wednesday
USER_0727,2026-01-07 15:24:41,Mobile,22.8,Completed,15,Wednesday
USER_0205,2026-01-07 16:08:35,Tablet,79.91,Abandoned,16,Wednesday
USER_0511,2026-01-07 16:35:10,Desktop,54.730000000000004,Completed,16,Wednesday
USER_0579,2026-01-07 18:05:10,Desktop,26.32,Completed,18,Wednesday
USER_0093,2026-01-07 18:29:02,Desktop,102.75,Abandoned,18,Wednesday
USER_1163,2026-01-07 19:59:08,Mobile,36.81,Abandoned,19,Wednesday
USER_0464,2026-01-07 22:05:04,Unknown,53.73,Completed,22,Wednesday
USER_0157,2026-01-07 22:43:18,Mobile,50.18,Completed,22,Wednesday
USER_0124,2026-01-07 22:45:38,Mobile,53.73,Abandoned,22,Wednesday
USER_1495,2026-01-07 23:32:31,Mobile,74.25,Abandoned,23,Wednesday
USER_0936,2026-01-08 00:32:32,Mobile,28.06,Abandoned,0,Thursday
USER_0528,2026-01-08 01:57:48,Mobile,126.55,Completed,1,Thursday
USER_0670,2026-01-08 02:35:01,Tablet,75.74,Abandoned,2,Thursday
USER_1406,2026-01-08 05:32:53,Mobile,93.98,Abandoned,5,Thursday
USER_0203,2026-01-08 05:35:13,Mobile,32.88,Abandoned,5,Thursday
USER_1253,2026-01-08 09:44:32,Mobile,26.45,Abandoned,9,Thursday
USER_1485,2026-01-08 10:13:13,Mobile,117.77,Abandoned,10,Thursday
USER_1126,2026-01-08 11:20:49,Desktop,25.72,Completed,11,Thursday
USER_0929,2026-01-08 11:26:52,Mobile,60.16,Abandoned,11,Thursday
USER_0854,2026-01-08 13:03:44,Mobile,105.88,Completed,13,Thursday
USER_0154,2026-01-08 13:36:57,Mobile,50.28,Completed,13,Thursday
USER_0447,2026-01-08 14:48:59,Desktop,116.81,Completed,14,Thursday
USER_0390,2026-01-08 15:44:00,Mobile,45.76,Abandoned,15,Thursday
USER_0709,2026-01-08 17:43:49,Mobile,23.8,Abandoned,17,Thursday
USER_0588,2026-01-08 18:39:46,Mobile,69.63,Completed,18,Thursday
USER_0807,2026-01-08 19:30:25,Mobile,62.11,Completed,19,Thursday
USER_0963,2026-01-08 19:52:17,Mobile,313.31,Completed,19,Thursday
USER_0319,2026-01-08 20:02:15,Desktop,29.54,Abandoned,20,Thursday
USER_0051,2026-01-08 20:21:06,Desktop,46.35,Completed,20,Thursday
USER_0075,2026-01-08 22:22:18,Desktop,33.95,Completed,22,Thursday
USER_0146,2026-01-08 22:25:03,Mobile,49.77,Abandoned,22,Thursday
USER_0183,2026-01-08 22:38:10,Mobile,48.48,Abandoned,22,Thursday
USER_0922,2026-01-08 23:38:45,Mobile,30.97,Abandoned,23,Thursday
USER_1297,2026-01-09 00:37:44,Tablet,74.02,Abandoned,0,Friday
USER_0442,2026-01-09 02:27:13,Desktop,47.5,Abandoned,2,Friday
USER_0872,2026-01-09 02:31:10,Desktop,130.92,Abandoned,2,Friday
USER_1225,2026-01-09 04:41:32,Mobile,35.82,Abandoned,4,Friday
USER_1367,2026-01-09 04:51:09,Mobile,183.07,Abandoned,4,Friday
USER_0801,2026-01-09 05:41:56,Mobile,65.32,Abandoned,5,Friday
USER_0503,2026-01-09 05:45:43,Desktop,124.76,Abandoned,5,Friday
USER_0295,2026-01-09 06:09:51,Tablet,58.85,Completed,6,Friday
USER_0740,2026-01-09 06:16:46,Tablet,32.87,Completed,6,Friday
USER_0273,2026-01-09 06:41:35,Mobile,46.0,Abandoned,6,Friday
USER_0395,2026-01-09 11:13:56,Mobile,22.17,Completed,11,Friday
USER_1068,2026-01-09 11:32:02,Tablet,50.78,Completed,11,Friday
USER_0611,2026-01-09 12:10:53,Desktop,61.06,Abandoned,12,Friday
USER_1046,2026-01-09 13:26:14,Mobile,56.25,Abandoned,13,Friday
USER_1309,2026-01-09 15:58:12,Mobile,129.62,Abandoned,15,Friday
USER_0763,2026-01-09 16:32:54,Mobile,49.55,Abandoned,16,Friday
USER_1447,2026-01-09 16:52:52,Mobile,15.94,Completed,16,Friday
USER_0349,2026-01-09 16:53:13,Mobile,500.0,Completed,16,Friday
USER_1031,2026-01-09 18:01:19,Desktop,34.85,Completed,18,Friday
USER_1000,2026-01-09 18:46:35,Mobile,102.48,Abandoned,18,Friday
USER_1207,2026-01-09 18:56:41,Mobile,20.54,Abandoned,18,Friday
USER_1149,2026-01-09 21:10:42,Mobile,64.03,Completed,21,Friday
USER_1229,2026-01-09 22:12:23,Desktop,32.58,Completed,22,Friday
USER_0175,2026-01-09 22:40:38,Desktop,10.0,Abandoned,22,Friday
USER_0859,2026-01-09 23:21:32,Mobile,45.43,Completed,23,Friday
USER_0004,2026-01-10 00:24:51,Tablet,52.85,Abandoned,0,Saturday
USER_0659,2026-01-10 00:25:05,Tablet,47.36,Abandoned,0,Saturday
USER_0661,2026-01-10 00:39:17,Mobile,63.95,Completed,0,Saturday
USER_1037,2026-01-10 01:20:09,Mobile,45.82,Abandoned,1,Saturday
USER_1135,2026-01-10 01:34:18,Desktop,57.11,Abandoned,1,Saturday
USER_0332,2026-01-10 01:39:26,Desktop,60.98,Abandoned,1,Saturday
USER_0986,2026-01-10 02:46:40,Tablet,53.36,Completed,2,Saturday
USER_0494,2026-01-10 03:12:28,Desktop,48.86,Abandoned,3,Saturday
USER_0829,2026-01-10 04:05:30,Desktop,30.54,Completed,4,Saturday
USER_0855,2026-01-10 04:47:58,Mobile,80.35,Abandoned,4,Saturday
USER_0364,2026-01-10 06:32:05,Mobile,54.730000000000004,Completed,6,Saturday
USER_0662,2026-01-10 08:10:40,Mobile,43.1,Abandoned,8,Saturday
USER_0559,2026-01-10 08:49:19,Mobile,76.17,Completed,8,Saturday
USER_1106,2026-01-10 11:46:13,Desktop,62.66,Abandoned,11,Saturday
USER_1437,2026-01-10 12:18:59,Desktop,34.68,Completed,12,Saturday
USER_0931,2026-01-10 12:29:24,Desktop,123.09,Completed,12,Saturday
USER_1065,2026-01-10 13:23:02,Mobile,54.730000000000004,Abandoned,13,Saturday
USER_0696,2026-01-10 13:45:50,Unknown,27.93,Completed,13,Saturday
USER_0698,2026-01-10 14:04:42,Mobile,84.3,Abandoned,14,Saturday
USER_0916,2026-01-10 15:00:35,Mobile,170.42,Abandoned,15,Saturday
USER_0074,2026-01-10 15:59:25,Desktop,37.51,Completed,15,Saturday
USER_1487,2026-01-10 16:13:08,Desktop,71.4,Completed,16,Saturday
USER_0478,2026-01-10 16:39:26,Tablet,25.15,Abandoned,16,Saturday
USER_0009,2026-01-10 19:23:25,Mobile,29.85,Abandoned,19,Saturday
USER_0872,2026-01-10 20:26:01,Mobile,113.97,Abandoned,20,Saturday
USER_0687,2026-01-10 20:59:19,Mobile,54.730000000000004,Abandoned,20,Saturday
USER_0795,2026-01-10 21:25:41,Mobile,116.29,Abandoned,21,Saturday
USER_0560,2026-01-10 21:41:35,Desktop,110.62,Abandoned,21,Saturday
USER_1325,2026-01-10 21:57:16,Desktop,54.730000000000004,Abandoned,21,Saturday
USER_0137,2026-01-10 22:48:54,Desktop,25.09,Completed,22,Saturday
USER_1335,2026-01-10 23:40:39,Mobile,65.26,Completed,23,Saturday
USER_0958,2026-01-11 00:20:56,Desktop,18.12,Completed,0,Sunday
USER_0927,2026-01-11 01:39:13,Mobile,27.51,Completed,1,Sunday
USER_1154,2026-01-11 02:05:35,Desktop,138.04,Abandoned,2,Sunday
USER_0226,2026-01-11 02:27:14,Unknown,38.4,Completed,2,Sunday
USER_0483,2026-01-11 02:37:00,Mobile,86.63,Abandoned,2,Sunday
USER_1053,2026-01-11 03:25:36,Mobile,54.730000000000004,Completed,3,Sunday
USER_1063,2026-01-11 04:28:16,Tablet,35.09,Abandoned,4,Sunday
USER_1240,2026-01-11 04:33:52,Mobile,18.51,Abandoned,4,Sunday
USER_0864,2026-01-11 04:56:49,Mobile,63.54,Abandoned,4,Sunday
USER_0947,2026-01-11 06:00:21,Desktop,140.54,Completed,6,Sunday
USER_0672,2026-01-11 06:51:38,Mobile,35.75,Completed,6,Sunday
USER_1356,2026-01-11 07:08:14,Mobile,57.09,Completed,7,Sunday
USER_0954,2026-01-11 07:46:55,Mobile,20.33,Completed,7,Sunday
USER_0165,2026-01-11 08:46:36,Mobile,35.27,Abandoned,8,Sunday
USER_0322,2026-01-11 09:37:08,Tablet,68.14,Completed,9,Sunday
USER_1252,2026-01-11 09:38:24,Desktop,88.54,Abandoned,9,Sunday
USER_0295,2026-01-11 10:41:13,Mobile,78.36,Completed,10,Sunday
USER_0964,2026-01-11 11:46:35,Tablet,14.58,Completed,11,Sunday
USER_0383,2026-01-11 11:59:13,Mobile,40.57,Completed,11,Sunday
USER_1064,2026-01-11 12:33:30,Mobile,29.12,Abandoned,12,Sunday
USER_1327,2026-01-11 13:01:53,Mobile,44.66,Abandoned,13,Sunday
USER_1002,2026-01-11 13:46:45,Mobile,50.79,Completed,13,Sunday
USER_1251,2026-01-11 15:18:54,Mobile,109.19,Abandoned,15,Sunday
USER_1026,2026-01-11 15:45:59,Unknown,66.15,Abandoned,15,Sunday
USER_1020,2026-01-11 16:56:33,Desktop,137.22,Abandoned,16,Sunday
USER_1177,2026-01-11 17:15:09,Mobile,34.65,Completed,17,Sunday
USER_0125,2026-01-11 17:50:52,Desktop,21.73,Abandoned,17,Sunday
USER_0563,2026-01-11 18:01:04,Desktop,140.6,Abandoned,18,Sunday
USER_0966,2026-01-11 18:40:53,Tablet,54.730000000000004,Abandoned,18,Sunday
USER_1257,2026-01-11 20:05:20,Desktop,33.68,Completed,20,Sunday
USER_0441,2026-01-11 22:21:01,Unknown,72.57,Abandoned,22,Sunday
USER_0231,2026-01-11 23:07:52,Desktop,93.96,Abandoned,23,Sunday
USER_0861,2026-01-12 00:08:42,Desktop,59.0,Completed,0,Monday
USER_0962,2026-01-12 00:15:02,Unknown,33.99,Completed,0,Monday
USER_0647,2026-01-12 01:33:31,Mobile,40.98,Abandoned,1,Monday
USER_0083,2026-01-12 02:12:59,Mobile,65.95,Abandoned,2,Monday
USER_0778,2026-01-12 03:39:04,Mobile,62.13,Abandoned,3,Monday
USER_0838,2026-01-12 03:59:55,Mobile,120.06,Abandoned,3,Monday
USER_1326,2026-01-12 05:31:18,Mobile,45.63,Abandoned,5,Monday
USER_1327,2026-01-12 06:20:15,Desktop,29.18,Completed,6,Monday
USER_1017,2026-01-12 06:51:52,Mobile,291.51,Abandoned,6,Monday
USER_0403,2026-01-12 07:11:04,Desktop,61.16,Abandoned,7,Monday
USER_0428,2026-01-12 07:48:54,Mobile,93.9,Completed,7,Monday
USER_0308,2026-01-12 07:55:35,Tablet,76.65,Completed,7,Monday
USER_0198,2026-01-12 09:29:48,Mobile,61.64,Completed,9,Monday
USER_1333,2026-01-12 09:40:57,Mobile,47.09,Abandoned,9,Monday
USER_0277,2026-01-12 10:25:38,Desktop,10.0,Completed,10,Monday
USER_1062,2026-01-12 10:38:42,Desktop,27.36,Abandoned,10,Monday
USER_0632,2026-01-12 12:38:13,Tablet,67.62,Completed,12,Monday
USER_0552,2026-01-12 12:47:13,Unknown,10.0,Completed,12,Monday
USER_0332,2026-01-12 12:57:37,Mobile,57.2,Completed,12,Monday
USER_0291,2026-01-12 13:28:19,Tablet,83.91,Abandoned,13,Monday
USER_0947,2026-01-12 14:20:21,Mobile,93.84,Completed,14,Monday
USER_0427,2026-01-12 14:45:10,Desktop,80.54,Completed,14,Monday
USER_1334,2026-01-12 16:05:14,Mobile,101.79,Abandoned,16,Monday
USER_0763,2026-01-12 16:15:23,Mobile,54.730000000000004,Abandoned,16,Monday
USER_1108,2026-01-12 18:36:15,Mobile,111.33,Completed,18,Monday
USER_0675,2026-01-12 18:55:43,Mobile,62.05,Abandoned,18,Monday
USER_0909,2026-01-12 21:54:02,Desktop,50.02,Completed,21,Monday
USER_1216,2026-01-12 22:48:19,Tablet,58.82,Completed,22,Monday
USER_0247,2026-01-12 23:36:48,Mobile,45.65,Abandoned,23,Monday
USER_1052,2026-01-13 00:23:38,Desktop,112.89,Abandoned,0,Tuesday
USER_0997,2026-01-13 01:19:26,Mobile,79.19,Abandoned,1,Tuesday
USER_0268,2026-01-13 02:25:33,Mobile,42.62,Completed,2,Tuesday
USER_0559,2026-01-13 02:28:36,Mobile,129.11,Abandoned,2,Tuesday
USER_1178,2026-01-13 02:30:51,Tablet,45.16,Abandoned,2,Tuesday
USER_0632,2026-01-13 03:22:19,Unknown,29.53,Completed,3,Tuesday
USER_1165,2026-01-13 03:22:46,Unknown,54.22,Abandoned,3,Tuesday
USER_0931,2026-01-13 04:50:12,Desktop,31.95,Abandoned,4,Tuesday
USER_1354,2026-01-13 06:12:45,Desktop,100.34,Completed,6,Tuesday
USER_0060,2026-01-13 07:28:12,Tablet,31.52,Completed,7,Tuesday
USER_0622,2026-01-13 07:39:27,Desktop,50.65,Abandoned,7,Tuesday
USER_0860,2026-01-13 07:59:20,Tablet,100.57,Abandoned,7,Tuesday
USER_0856,2026-01-13 09:03:32,Mobile,34.37,Abandoned,9,Tuesday
USER_0114,2026-01-13 09:33:12,Mobile,71.32,Completed,9,Tuesday
USER_1187,2026-01-13 10:27:57,Mobile,54.730000000000004,Abandoned,10,Tuesday
USER_0050,2026-01-13 11:43:57,Unknown,64.0,Abandoned,11,Tuesday
USER_0797,2026-01-13 13:33:30,Desktop,78.94,Completed,13,Tuesday
USER_0461,2026-01-13 16:59:56,Mobile,53.12,Completed,16,Tuesday
USER_0770,2026-01-13 17:54:27,Desktop,55.8,Abandoned,17,Tuesday
USER_0492,2026-01-13 20:41:28,Mobile,72.86,Completed,20,Tuesday
USER_0705,2026-01-13 21:28:20,Mobile,45.5,Abandoned,21,Tuesday
USER_0467,2026-01-13 22:22:54,Mobile,97.34,Completed,22,Tuesday
USER_0984,2026-01-13 22:47:24,Tablet,133.12,Completed,22,Tuesday
USER_0481,2026-01-13 23:08:33,Mobile,29.91,Completed,23,Tuesday
USER_0085,2026-01-13 23:20:03,Mobile,172.19,Abandoned,23,Tuesday
USER_0409,2026-01-13 23:38:09,Desktop,44.82,Completed,23,Tuesday
USER_0206,2026-01-14 01:49:35,Desktop,199.6,Abandoned,1,Wednesday
USER_0147,2026-01-14 03:21:10,Mobile,45.22,Abandoned,3,Wednesday
USER_1001,2026-01-14 03:55:17,Mobile,86.47,Abandoned,3,Wednesday
USER_0390,2026-01-14 04:13:42,Mobile,86.17,Completed,4,Wednesday
USER_0716,2026-01-14 04:14:12,Tablet,42.45,Completed,4,Wednesday
USER_1140,2026-01-14 05:04:12,Mobile,57.24,Abandoned,5,Wednesday
USER_1316,2026-01-14 07:58:02,Mobile,139.2,Abandoned,7,Wednesday
USER_0058,2026-01-14 09:05:33,Mobile,44.28,Abandoned,9,Wednesday
USER_0906,2026-01-14 09:10:45,Mobile,41.62,Completed,9,Wednesday
USER_0130,2026-01-14 09:45:43,Desktop,25.8,Completed,9,Wednesday
USER_1049,2026-01-14 10:15:52,Mobile,151.25,Completed,10,Wednesday
USER_1236,2026-01-14 10:25:14,Mobile,39.94,Abandoned,10,Wednesday
USER_0785,2026-01-14 10:32:20,Mobile,119.1,Completed,10,Wednesday
USER_1142,2026-01-14 12:44:30,Unknown,36.93,Completed,12,Wednesday
USER_0147,2026-01-14 13:15:33,Mobile,116.7,Abandoned,13,Wednesday
USER_0010,2026-01-14 13:20:48,Desktop,92.23,Completed,13,Wednesday
USER_0248,2026-01-14 16:00:59,Desktop,47.06,Completed,16,Wednesday
USER_0028,2026-01-14 17:33:50,Tablet,33.88,Completed,17,Wednesday
USER_1448,2026-01-14 17:40:37,Desktop,35.71,Completed,17,Wednesday
USER_1390,2026-01-14 17:43:38,Desktop,54.730000000000004,Abandoned,17,Wednesday
USER_0370,2026-01-14 17:43:50,Mobile,109.11,Abandoned,17,Wednesday
USER_0377,2026-01-14 18:18:58,Desktop,60.59,Completed,18,Wednesday
USER_0672,2026-01-14 19:31:42,Desktop,26.45,Completed,19,Wednesday
USER_1246,2026-01-14 20:02:24,Desktop,46.34,Abandoned,20,Wednesday
USER_0327,2026-01-14 20:18:31,Mobile,50.14,Completed,20,Wednesday
USER_0817,2026-01-14 20:37:22,Mobile,13.59,Abandoned,20,Wednesday
USER_0881,2026-01-14 21:12:09,Desktop,48.05,Abandoned,21,Wednesday
USER_1139,2026-01-14 21:25:46,Desktop,87.36,Completed,21,Wednesday
USER_1464,2026-01-14 23:28:59,Tablet,49.93,Completed,23,Wednesday
USER_0336,2026-01-14 23:34:20,Mobile,64.42,Completed,23,Wednesday
USER_0273,2026-01-15 02:08:29,Mobile,74.81,Abandoned,2,Thursday
USER_0391,2026-01-15 03:09:45,Mobile,43.7,Completed,3,Thursday
USER_0593,2026-01-15 03:59:41,Desktop,87.79,Abandoned,3,Thursday
USER_0748,2026-01-15 04:53:42,Unknown,140.8,Completed,4,Thursday
USER_1280,2026-01-15 05:53:16,Mobile,20.28,Abandoned,5,Thursday
USER_0055,2026-01-15 07:09:42,Tablet,43.63,Abandoned,7,Thursday
USER_0463,2026-01-15 10:52:29,Mobile,248.2,Abandoned,10,Thursday
USER_0401,2026-01-15 11:41:01,Desktop,61.0,Completed,11,Thursday
USER_0337,2026-01-15 12:52:39,Mobile,53.38,Abandoned,12,Thursday
USER_1368,2026-01-15 15:08:54,Desktop,46.17,Completed,15,Thursday
USER_0892,2026-01-15 16:07:13,Desktop,125.01,Completed,16,Thursday
USER_0485,2026-01-15 16:16:22,Tablet,54.730000000000004,Abandoned,16,Thursday
USER_0828,2026-01-15 19:11:13,Tablet,99.68,Completed,19,Thursday
USER_1163,2026-01-15 19:31:38,Mobile,45.61,Abandoned,19,Thursday
USER_0419,2026-01-15 21:10:44,Mobile,33.54,Abandoned,21,Thursday
USER_0460,2026-01-15 21:16:28,Mobile,46.98,Completed,21,Thursday
USER_1495,2026-01-15 22:35:06,Desktop,52.98,Abandoned,22,Thursday
USER_0238,2026-01-16 00:29:36,Desktop,39.51,Completed,0,Friday
USER_0239,2026-01-16 02:01:46,Mobile,112.54,Abandoned,2,Friday
USER_1127,2026-01-16 03:20:14,Desktop,33.7,Abandoned,3,Friday
USER_0589,2026-01-16 03:22:46,Mobile,59.8,Abandoned,3,Friday
USER_0401,2026-01-16 06:00:21,Unknown,77.43,Abandoned,6,Friday
USER_0177,2026-01-16 06:09:15,Tablet,54.730000000000004,Abandoned,6,Friday
USER_0708,2026-01-16 09:23:05,Mobile,90.19,Completed,9,Friday
USER_0977,2026-01-16 09:32:43,Mobile,41.19,Abandoned,9,Friday
USER_1063,2026-01-16 09:38:48,Mobile,81.84,Abandoned,9,Friday
USER_0465,2026-01-16 12:04:22,Desktop,83.43,Completed,12,Friday
USER_0657,2026-01-16 12:24:43,Mobile,102.44,Abandoned,12,Friday
USER_1046,2026-01-16 13:04:14,Mobile,16.03,Completed,13,Friday
USER_0772,2026-01-16 14:13:23,Unknown,76.01,Abandoned,14,Friday
USER_1491,2026-01-16 14:27:35,Mobile,98.08,Abandoned,14,Friday
USER_1357,2026-01-16 15:05:39,Mobile,41.79,Completed,15,Friday
USER_1081,2026-01-16 15:13:36,Desktop,38.24,Completed,15,Friday
USER_1452,2026-01-16 16:24:57,Mobile,34.61,Abandoned,16,Friday
USER_0520,2026-01-16 17:19:16,Desktop,27.92,Abandoned,17,Friday
USER_0010,2026-01-16 18:06:52,Desktop,84.16,Completed,18,Friday
USER_0073,2026-01-16 18:28:36,Mobile,240.62,Abandoned,18,Friday
USER_0762,2026-01-16 18:51:04,Mobile,38.04,Abandoned,18,Friday
USER_1337,2026-01-16 23:08:59,Desktop,40.32,Completed,23,Friday
USER_0331,2026-01-16 23:23:08,Tablet,55.15,Completed,23,Friday
USER_0531,2026-01-16 23:48:30,Mobile,19.27,Completed,23,Friday
USER_0798,2026-01-17 00:20:40,Mobile,34.74,Abandoned,0,Saturday
USER_0713,2026-01-17 00:33:30,Mobile,52.61,Abandoned,0,Saturday
USER_0401,2026-01-17 00:35:25,Desktop,30.54,Completed,0,Saturday
USER_0092,2026-01-17 00:40:22,Mobile,118.91,Abandoned,0,Saturday
USER_0561,2026-01-17 00:44:09,Mobile,23.55,Abandoned,0,Saturday
USER_0047,2026-01-17 02:16:38,Desktop,98.07,Completed,2,Saturday
USER_0118,2026-01-17 02:30:49,Desktop,141.82,Completed,2,Saturday
USER_0674,2026-01-17 02:32:18,Mobile,69.97,Completed,2,Saturday
USER_0455,2026-01-17 03:48:22,Mobile,49.93,Abandoned,3,Saturday
USER_0164,2026-01-17 04:29:18,Desktop,64.08,Abandoned,4,Saturday
USER_0322,2026-01-17 04:41:38,Mobile,41.0,Completed,4,Saturday
USER_0792,2026-01-17 04:49:29,Mobile,14.53,Abandoned,4,Saturday
USER_0061,2026-01-17 05:01:47,Desktop,28.89,Abandoned,5,Saturday
USER_0721,2026-01-17 06:16:02,Mobile,54.2,Completed,6,Saturday
USER_1064,2026-01-17 07:02:37,Desktop,29.62,Completed,7,Saturday
USER_1474,2026-01-17 07:11:17,Tablet,41.74,Completed,7,Saturday
USER_0242,2026-01-17 08:46:07,Mobile,74.55,Completed,8,Saturday
USER_1338,2026-01-17 08:48:39,Mobile,60.0,Abandoned,8,Saturday
USER_0425,2026-01-17 08:54:34,Desktop,108.64,Completed,8,Saturday
USER_0017,2026-01-17 09:39:18,Desktop,66.1,Completed,9,Saturday
USER_0563,2026-01-17 09:39:51,Tablet,68.68,Completed,9,Saturday
USER_0324,2026-01-17 09:40:31,Desktop,34.36,Abandoned,9,Saturday
USER_0661,2026-01-17 09:54:20,Mobile,22.98,Abandoned,9,Saturday
USER_0867,2026-01-17 10:37:34,Unknown,41.75,Completed,10,Saturday
USER_0504,2026-01-17 12:26:37,Mobile,34.03,Abandoned,12,Saturday
USER_1017,2026-01-17 13:01:30,Mobile,48.99,Completed,13,Saturday
USER_0625,2026-01-17 13:57:52,Mobile,27.31,Completed,13,Saturday
USER_0122,2026-01-17 14:08:04,Mobile,94.41,Completed,14,Saturday
USER_0818,2026-01-17 14:32:10,Desktop,33.95,Completed,14,Saturday
USER_1490,2026-01-17 14:42:47,Mobile,43.1,Abandoned,14,Saturday
USER_0750,2026-01-17 16:56:41,Mobile,53.89,Completed,16,Saturday
USER_0881,2026-01-17 21:05:16,Mobile,113.3,Completed,21,Saturday
USER_0118,2026-01-17 21:37:15,Desktop,171.25,Completed,21,Saturday
USER_0836,2026-01-17 21:55:12,Desktop,179.08,Completed,21,Saturday
USER_0822,2026-01-17 21:57:13,Unknown,23.73,Completed,21,Saturday
USER_0025,2026-01-17 22:15:38,Mobile,42.84,Completed,22,Saturday
USER_0670,2026-01-17 22:16:43,Mobile,37.86,Abandoned,22,Saturday
USER_1177,2026-01-17 23:33:37,Tablet,69.46,Completed,23,Saturday
USER_1278,2026-01-17 23:34:16,Desktop,66.76,Completed,23,Saturday
USER_0401,2026-01-18 00:52:06,Unknown,37.38,Abandoned,0,Sunday
USER_0733,2026-01-18 01:15:00,Desktop,35.51,Completed,1,Sunday
USER_0049,2026-01-18 03:26:17,Mobile,28.55,Abandoned,3,Sunday
USER_1151,2026-01-18 04:40:19,Unknown,10.0,Completed,4,Sunday
USER_0685,2026-01-18 05:25:03,Mobile,54.730000000000004,Abandoned,5,Sunday
USER_1411,2026-01-18 05:29:03,Mobile,95.91,Completed,5,Sunday
USER_0207,2026-01-18 05:53:37,Mobile,141.47,Abandoned,5,Sunday
USER_0139,2026-01-18 07:02:19,Mobile,131.12,Abandoned,7,Sunday
USER_0109,2026-01-18 08:14:07,Tablet,54.730000000000004,Completed,8,Sunday
USER_0815,2026-01-18 10:01:40,Mobile,28.28,Completed,10,Sunday
USER_0588,2026-01-18 10:43:14,Desktop,25.34,Completed,10,Sunday
USER_1144,2026-01-18 11:16:30,Desktop,16.82,Abandoned,11,Sunday
USER_1008,2026-01-18 12:59:14,Mobile,37.37,Abandoned,12,Sunday
USER_1165,2026-01-18 13:01:59,Mobile,57.78,Completed,13,Sunday
USER_0434,2026-01-18 13:49:20,Mobile,28.36,Abandoned,13,Sunday
USER_0376,2026-01-18 15:30:31,Desktop,72.26,Completed,15,Sunday
USER_0201,2026-01-18 17:30:17,Mobile,83.4,Completed,17,Sunday
USER_1448,2026-01-18 17:38:57,Mobile,40.11,Completed,17,Sunday
USER_1265,2026-01-18 18:10:27,Mobile,22.85,Abandoned,18,Sunday
USER_0511,2026-01-18 20:50:12,Desktop,54.730000000000004,Completed,20,Sunday
USER_0065,2026-01-18 21:14:48,Mobile,55.86,Completed,21,Sunday
USER_1368,2026-01-18 21:15:29,Unknown,192.83,Abandoned,21,Sunday
USER_1302,2026-01-18 21:27:44,Mobile,57.98,Abandoned,21,Sunday
USER_1338,2026-01-18 21:42:13,Mobile,60.67,Abandoned,21,Sunday
USER_1219,2026-01-18 22:21:57,Desktop,29.17,Abandoned,22,Sunday
USER_0313,2026-01-18 23:35:44,Mobile,41.46,Completed,23,Sunday
USER_1225,2026-01-19 00:30:09,Desktop,54.730000000000004,Completed,0,Monday
USER_1151,2026-01-19 01:04:09,Desktop,22.8,Completed,1,Monday
USER_1075,2026-01-19 01:14:17,Desktop,88.39,Completed,1,Monday
USER_0153,2026-01-19 01:36:54,Desktop,45.44,Completed,1,Monday
USER_0340,2026-01-19 02:23:45,Mobile,41.48,Abandoned,2,Monday
USER_1461,2026-01-19 04:02:00,Mobile,33.74,Abandoned,4,Monday
USER_0814,2026-01-19 04:31:20,Desktop,42.5,Completed,4,Monday
USER_1204,2026-01-19 04:42:18,Mobile,114.03,Completed,4,Monday
USER_1015,2026-01-19 04:52:12,Desktop,59.96,Completed,4,Monday
USER_1409,2026-01-19 06:00:45,Mobile,25.36,Completed,6,Monday
USER_0245,2026-01-19 06:10:15,Tablet,106.67,Completed,6,Monday
USER_0042,2026-01-19 06:27:38,Desktop,167.55,Completed,6,Monday
USER_1350,2026-01-19 08:10:45,Mobile,75.31,Abandoned,8,Monday
USER_0093,2026-01-19 08:59:02,Mobile,97.45,Completed,8,Monday
USER_1247,2026-01-19 10:16:13,Desktop,120.72,Completed,10,Monday
USER_0750,2026-01-19 10:55:02,Desktop,18.6,Completed,10,Monday
USER_1152,2026-01-19 11:05:23,Mobile,183.42,Abandoned,11,Monday
USER_0814,2026-01-19 11:24:06,Desktop,111.52,Completed,11,Monday
USER_0620,2026-01-19 12:38:40,Mobile,75.02,Abandoned,12,Monday
USER_0682,2026-01-19 13:22:24,Mobile,54.730000000000004,Abandoned,13,Monday
USER_0338,2026-01-19 13:37:23,Desktop,22.89,Completed,13,Monday
USER_1465,2026-01-19 13:53:16,Desktop,44.02,Completed,13,Monday
USER_1011,2026-01-19 14:02:32,Desktop,73.07,Completed,14,Monday
USER_1441,2026-01-19 15:03:45,Desktop,26.63,Completed,15,Monday
USER_1494,2026-01-19 15:47:13,Mobile,52.18,Abandoned,15,Monday
USER_0530,2026-01-19 15:48:39,Desktop,25.3,Abandoned,15,Monday
USER_1381,2026-01-19 16:12:40,Mobile,42.52,Abandoned,16,Monday
USER_0094,2026-01-19 16:31:34,Mobile,54.730000000000004,Abandoned,16,Monday
USER_0871,2026-01-19 16:39:41,Mobile,21.17,Completed,16,Monday
USER_0598,2026-01-19 17:48:02,Mobile,68.11,Abandoned,17,Monday
USER_1470,2026-01-19 17:50:26,Mobile,37.46,Abandoned,17,Monday
USER_0192,2026-01-19 18:42:43,Mobile,39.81,Abandoned,18,Monday
USER_0789,2026-01-19 19:26:39,Mobile,36.17,Abandoned,19,Monday
USER_0993,2026-01-19 19:48:48,Mobile,320.55,Abandoned,19,Monday
USER_1490,2026-01-19 20:40:18,Desktop,81.03,Abandoned,20,Monday
USER_0032,2026-01-19 23:00:04,Mobile,86.88,Completed,23,Monday
USER_1322,2026-01-19 23:14:06,Mobile,32.98,Abandoned,23,Monday
USER_0726,2026-01-20 00:24:43,Desktop,75.8,Abandoned,0,Tuesday
USER_0971,2026-01-20 01:43:44,Desktop,47.09,Abandoned,1,Tuesday
USER_1103,2026-01-20 02:15:34,Desktop,32.81,Completed,2,Tuesday
USER_1046,2026-01-20 02:19:19,Mobile,191.31,Abandoned,2,Tuesday
USER_0283,2026-01-20 02:23:44,Desktop,79.23,Abandoned,2,Tuesday
USER_0913,2026-01-20 02:26:15,Mobile,76.67,Abandoned,2,Tuesday
USER_1232,2026-01-20 02:28:42,Mobile,29.03,Abandoned,2,Tuesday
USER_0170,2026-01-20 02:42:28,Mobile,23.91,Abandoned,2,Tuesday
USER_1168,2026-01-20 02:55:31,Desktop,52.59,Abandoned,2,Tuesday
USER_0243,2026-01-20 04:23:07,Mobile,37.61,Abandoned,4,Tuesday
USER_0187,2026-01-20 04:26:23,Mobile,81.31,Abandoned,4,Tuesday
USER_1388,2026-01-20 04:46:40,Mobile,84.9,Abandoned,4,Tuesday
USER_0512,2026-01-20 04:58:57,Desktop,56.97,Abandoned,4,Tuesday
USER_0214,2026-01-20 09:47:30,Desktop,93.5,Abandoned,9,Tuesday
USER_0152,2026-01-20 10:12:12,Mobile,61.91,Abandoned,10,Tuesday
USER_0418,2026-01-20 11:30:32,Desktop,30.98,Abandoned,11,Tuesday
USER_1131,2026-01-20 11:54:09,Mobile,48.0,Abandoned,11,Tuesday
USER_1255,2026-01-20 14:24:41,Desktop,59.63,Completed,14,Tuesday
USER_1227,2026-01-20 15:16:49,Mobile,99.86,Completed,15,Tuesday
USER_0387,2026-01-20 15:46:53,Desktop,63.19,Completed,15,Tuesday
USER_1347,2026-01-20 16:05:47,Mobile,37.66,Completed,16,Tuesday
USER_0871,2026-01-20 16:07:40,Desktop,102.31,Completed,16,Tuesday
USER_1031,2026-01-20 17:15:28,Mobile,69.93,Completed,17,Tuesday
USER_0610,2026-01-20 18:08:50,Mobile,149.11,Completed,18,Tuesday
USER_1151,2026-01-20 21:02:35,Mobile,57.79,Completed,21,Tuesday
USER_0567,2026-01-20 21:04:39,Mobile,27.82,Abandoned,21,Tuesday
USER_1094,2026-01-20 21:22:42,Mobile,117.34,Abandoned,21,Tuesday
USER_0726,2026-01-20 21:54:04,Desktop,37.53,Completed,21,Tuesday
USER_0889,2026-01-20 23:07:34,Mobile,66.16,Completed,23,Tuesday
USER_0661,2026-01-20 23:32:14,Desktop,61.6,Completed,23,Tuesday
USER_0443,2026-01-21 00:19:47,Desktop,56.24,Completed,0,Wednesday
USER_0796,2026-01-21 00:38:03,Desktop,48.89,Completed,0,Wednesday
USER_1097,2026-01-21 00:50:41,Desktop,18.65,Abandoned,0,Wednesday
USER_0982,2026-01-21 00:58:50,Desktop,28.46,Abandoned,0,Wednesday
USER_0171,2026-01-21 01:47:08,Mobile,113.23,Abandoned,1,Wednesday
USER_0051,2026-01-21 03:51:28,Desktop,72.15,Abandoned,3,Wednesday
USER_1440,2026-01-21 03:56:06,Mobile,188.87,Abandoned,3,Wednesday
USER_1385,2026-01-21 04:09:15,Desktop,27.81,Completed,4,Wednesday
USER_0209,2026-01-21 08:55:43,Desktop,53.52,Completed,8,Wednesday
USER_1378,2026-01-21 08:59:59,Mobile,116.29,Abandoned,8,Wednesday
USER_0944,2026-01-21 09:13:21,Mobile,37.8,Completed,9,Wednesday
USER_1022,2026-01-21 09:16:09,Mobile,39.83,Abandoned,9,Wednesday
USER_0659,2026-01-21 10:11:28,Desktop,45.12,Abandoned,10,Wednesday
USER_0007,2026-01-21 10:11:34,Tablet,40.88,Completed,10,Wednesday
USER_0881,2026-01-21 10:21:57,Mobile,77.14,Abandoned,10,Wednesday
USER_1493,2026-01-21 10:56:53,Desktop,17.16,Abandoned,10,Wednesday
USER_1421,2026-01-21 11:18:13,Tablet,158.82,Abandoned,11,Wednesday
USER_1263,2026-01-21 11:33:37,Mobile,29.26,Completed,11,Wednesday
USER_1364,2026-01-21 11:45:30,Mobile,13.79,Abandoned,11,Wednesday
USER_0402,2026-01-21 11:46:43,Desktop,54.24,Completed,11,Wednesday
USER_0794,2026-01-21 13:57:24,Desktop,42.72,Completed,13,Wednesday
USER_0230,2026-01-21 14:17:52,Desktop,48.63,Completed,14,Wednesday
USER_1425,2026-01-21 14:30:48,Mobile,66.9,Completed,14,Wednesday
USER_0592,2026-01-21 15:34:54,Mobile,83.03,Abandoned,15,Wednesday
USER_0703,2026-01-21 16:20:52,Mobile,163.42,Abandoned,16,Wednesday
USER_0576,2026-01-21 17:17:08,Mobile,34.86,Abandoned,17,Wednesday
USER_1418,2026-01-21 18:56:58,Mobile,90.31,Abandoned,18,Wednesday
USER_0903,2026-01-21 19:04:01,Desktop,86.56,Completed,19,Wednesday
USER_0218,2026-01-21 19:59:31,Mobile,10.0,Abandoned,19,Wednesday
USER_0141,2026-01-21 20:32:31,Desktop,31.77,Completed,20,Wednesday
USER_0002,2026-01-21 20:41:06,Mobile,23.65,Completed,20,Wednesday
USER_0042,2026-01-21 20:41:42,Desktop,73.05,Completed,20,Wednesday
USER_0687,2026-01-21 21:07:33,Mobile,68.01,Completed,21,Wednesday
USER_1060,2026-01-21 21:43:30,Mobile,68.9,Completed,21,Wednesday
USER_0208,2026-01-21 22:00:54,Mobile,44.76,Completed,22,Wednesday
USER_0956,2026-01-21 22:03:22,Tablet,47.79,Completed,22,Wednesday
USER_0195,2026-01-21 22:08:57,Desktop,53.59,Completed,22,Wednesday
USER_0542,2026-01-21 22:21:56,Mobile,42.07,Completed,22,Wednesday
USER_0974,2026-01-22 01:47:24,Mobile,90.48,Abandoned,1,Thursday
USER_0624,2026-01-22 01:48:28,Tablet,27.24,Abandoned,1,Thursday
USER_0519,2026-01-22 03:01:00,Mobile,32.85,Abandoned,3,Thursday
USER_0851,2026-01-22 04:25:14,Mobile,59.08,Abandoned,4,Thursday
USER_0360,2026-01-22 05:58:52,Desktop,42.98,Completed,5,Thursday
USER_0223,2026-01-22 06:42:04,Tablet,26.56,Abandoned,6,Thursday
USER_1442,2026-01-22 07:34:06,Mobile,77.15,Abandoned,7,Thursday
USER_0610,2026-01-22 08:14:13,Mobile,37.64,Completed,8,Thursday
USER_1105,2026-01-22 08:41:40,Tablet,31.53,Completed,8,Thursday
USER_0007,2026-01-22 08:42:13,Mobile,48.75,Abandoned,8,Thursday
USER_0190,2026-01-22 08:46:04,Mobile,30.55,Abandoned,8,Thursday
USER_1435,2026-01-22 08:52:37,Desktop,53.4,Completed,8,Thursday
USER_0272,2026-01-22 09:06:39,Desktop,43.22,Abandoned,9,Thursday
USER_0017,2026-01-22 11:02:45,Mobile,39.13,Completed,11,Thursday
USER_1136,2026-01-22 11:29:57,Unknown,39.29,Abandoned,11,Thursday
USER_0994,2026-01-22 12:04:05,Desktop,104.29,Abandoned,12,Thursday
USER_0270,2026-01-22 12:23:17,Mobile,69.41,Abandoned,12,Thursday
USER_0744,2026-01-22 12:46:11,Unknown,17.98,Abandoned,12,Thursday
USER_0087,2026-01-22 13:07:43,Mobile,96.93,Abandoned,13,Thursday
USER_1185,2026-01-22 13:45:07,Mobile,76.38,Abandoned,13,Thursday
USER_0195,2026-01-22 16:02:34,Desktop,73.51,Completed,16,Thursday
USER_0324,2026-01-22 17:36:19,Mobile,97.24,Abandoned,17,Thursday
USER_0837,2026-01-22 17:53:18,Mobile,55.13,Completed,17,Thursday
USER_0892,2026-01-22 18:16:04,Mobile,81.7,Abandoned,18,Thursday
USER_1355,2026-01-22 22:13:40,Mobile,40.37,Completed,22,Thursday
USER_1163,2026-01-22 22:15:54,Desktop,94.72,Abandoned,22,Thursday
USER_1460,2026-01-22 22:56:39,Desktop,62.91,Abandoned,22,Thursday
USER_0873,2026-01-23 00:38:44,Tablet,22.31,Completed,0,Friday
USER_0099,2026-01-23 03:39:40,Mobile,107.09,Abandoned,3,Friday
USER_1448,2026-01-23 04:26:36,Mobile,50.21,Abandoned,4,Friday
USER_0573,2026-01-23 06:14:58,Mobile,45.87,Completed,6,Friday
USER_1288,2026-01-23 07:39:16,Mobile,40.95,Completed,7,Friday
USER_0570,2026-01-23 08:14:00,Mobile,42.94,Abandoned,8,Friday
USER_0701,2026-01-23 08:29:35,Desktop,63.39,Completed,8,Friday
USER_0956,2026-01-23 09:42:52,Tablet,28.73,Completed,9,Friday
USER_0191,2026-01-23 10:05:35,Tablet,19.7,Completed,10,Friday
USER_0505,2026-01-23 11:28:40,Mobile,27.33,Completed,11,Friday
USER_0710,2026-01-23 12:10:06,Desktop,69.97,Abandoned,12,Friday
USER_0432,2026-01-23 12:25:37,Mobile,49.14,Abandoned,12,Friday
USER_1479,2026-01-23 13:38:22,Mobile,112.57,Abandoned,13,Friday
USER_0283,2026-01-23 15:06:46,Desktop,52.34,Completed,15,Friday
USER_1034,2026-01-23 15:49:52,Desktop,94.41,Completed,15,Friday
USER_0633,2026-01-23 16:03:35,Mobile,54.730000000000004,Completed,16,Friday
USER_0139,2026-01-23 16:30:20,Mobile,41.15,Abandoned,16,Friday
USER_0510,2026-01-23 17:45:24,Mobile,54.94,Abandoned,17,Friday
USER_0370,2026-01-23 18:41:33,Desktop,49.62,Abandoned,18,Friday
USER_1394,2026-01-23 18:55:21,Mobile,46.7,Abandoned,18,Friday
USER_1108,2026-01-23 19:34:37,Tablet,30.97,Completed,19,Friday
USER_0986,2026-01-23 22:06:47,Mobile,19.48,Abandoned,22,Friday
USER_0736,2026-01-23 22:07:05,Mobile,82.28,Completed,22,Friday
USER_0618,2026-01-23 23:30:04,Mobile,76.52,Abandoned,23,Friday
USER_0848,2026-01-23 23:34:41,Mobile,36.63,Abandoned,23,Friday
USER_0767,2026-01-24 03:02:53,Mobile,69.84,Abandoned,3,Saturday
USER_0210,2026-01-24 05:44:38,Desktop,49.0,Abandoned,5,Saturday
USER_0073,2026-01-24 07:44:34,Desktop,112.06,Completed,7,Saturday
USER_0956,2026-01-24 08:25:28,Unknown,23.27,Completed,8,Saturday
USER_0321,2026-01-24 09:21:20,Desktop,50.28,Completed,9,Saturday
USER_0012,2026-01-24 09:37:15,Unknown,47.74,Abandoned,9,Saturday
USER_1406,2026-01-24 10:05:53,Desktop,60.63,Completed,10,Saturday
USER_0029,2026-01-24 10:06:55,Desktop,54.730000000000004,Completed,10,Saturday
USER_0741,2026-01-24 10:49:42,Mobile,50.38,Completed,10,Saturday
USER_1253,2026-01-24 11:00:19,Mobile,88.5,Completed,11,Saturday
USER_0342,2026-01-24 11:42:21,Mobile,49.6,Abandoned,11,Saturday
USER_0093,2026-01-24 12:37:36,Mobile,109.52,Abandoned,12,Saturday
USER_1365,2026-01-24 13:56:38,Mobile,89.06,Abandoned,13,Saturday
USER_0245,2026-01-24 16:19:50,Tablet,43.96,Completed,16,Saturday
USER_1374,2026-01-24 17:08:00,Mobile,41.95,Abandoned,17,Saturday
USER_0111,2026-01-24 17:27:33,Mobile,74.93,Abandoned,17,Saturday
USER_0022,2026-01-24 17:30:41,Mobile,35.66,Completed,17,Saturday
USER_1244,2026-01-24 17:55:23,Mobile,61.8,Abandoned,17,Saturday
USER_0640,2026-01-24 18:21:02,Mobile,43.33,Abandoned,18,Saturday
USER_0588,2026-01-24 18:23:33,Unknown,69.36,Abandoned,18,Saturday
USER_1212,2026-01-24 18:34:08,Mobile,49.17,Abandoned,18,Saturday
USER_0493,2026-01-24 18:56:37,Mobile,34.81,Abandoned,18,Saturday
USER_0327,2026-01-24 19:23:37,Desktop,111.99,Completed,19,Saturday
USER_1019,2026-01-24 19:27:24,Desktop,63.8,Abandoned,19,Saturday
USER_1191,2026-01-24 19:36:37,Mobile,54.730000000000004,Abandoned,19,Saturday
USER_0587,2026-01-24 23:18:08,Mobile,71.74,Abandoned,23,Saturday
USER_1337,2026-01-24 23:36:11,Mobile,18.43,Completed,23,Saturday
USER_0145,2026-01-24 23:45:23,Desktop,212.43,Abandoned,23,Saturday
USER_1255,2026-01-25 00:44:19,Mobile,55.48,Abandoned,0,Sunday
USER_0003,2026-01-25 01:28:57,Mobile,15.24,Abandoned,1,Sunday
USER_0893,2026-01-25 01:56:03,Desktop,118.88,Abandoned,1,Sunday
USER_1419,2026-01-25 03:43:21,Mobile,33.5,Abandoned,3,Sunday
USER_1151,2026-01-25 04:10:18,Mobile,54.730000000000004,Abandoned,4,Sunday
USER_1082,2026-01-25 04:21:59,Mobile,59.09,Abandoned,4,Sunday
USER_0477,2026-01-25 04:27:12,Tablet,19.67,Abandoned,4,Sunday
USER_1250,2026-01-25 04:28:26,Desktop,64.7,Completed,4,Sunday
USER_1042,2026-01-25 04:47:05,Desktop,61.68,Abandoned,4,Sunday
USER_1389,2026-01-25 04:50:13,Mobile,115.43,Abandoned,4,Sunday
USER_0056,2026-01-25 04:50:28,Mobile,76.66,Abandoned,4,Sunday
USER_0289,2026-01-25 04:53:39,Tablet,24.4,Completed,4,Sunday
USER_0691,2026-01-25 06:07:17,Tablet,104.74,Abandoned,6,Sunday
USER_0169,2026-01-25 06:20:19,Mobile,41.71,Abandoned,6,Sunday
USER_1291,2026-01-25 06:58:49,Desktop,167.03,Abandoned,6,Sunday
USER_0148,2026-01-25 07:25:26,Mobile,43.35,Abandoned,7,Sunday
USER_1416,2026-01-25 08:33:37,Mobile,47.59,Completed,8,Sunday
USER_1402,2026-01-25 10:46:08,Desktop,32.0,Completed,10,Sunday
USER_1015,2026-01-25 10:57:28,Mobile,39.48,Completed,10,Sunday
USER_1047,2026-01-25 11:08:07,Tablet,33.25,Completed,11,Sunday
USER_0636,2026-01-25 11:33:46,Mobile,117.29,Abandoned,11,Sunday
USER_0955,2026-01-25 12:23:39,Mobile,54.730000000000004,Abandoned,12,Sunday
USER_0165,2026-01-25 12:32:16,Tablet,92.11,Completed,12,Sunday
USER_0215,2026-01-25 13:04:37,Tablet,93.56,Abandoned,13,Sunday
USER_0338,2026-01-25 13:05:11,Mobile,133.67,Abandoned,13,Sunday
USER_0903,2026-01-25 14:47:41,Mobile,56.17,Abandoned,14,Sunday
USER_0892,2026-01-25 15:41:58,Desktop,28.01,Completed,15,Sunday
USER_1202,2026-01-25 18:00:21,Mobile,48.83,Completed,18,Sunday
USER_0876,2026-01-25 20:43:05,Unknown,80.36,Completed,20,Sunday
USER_0029,2026-01-25 22:12:28,Tablet,57.69,Abandoned,22,Sunday
USER_0076,2026-01-25 22:33:48,Mobile,69.3,Abandoned,22,Sunday
USER_0137,2026-01-25 23:32:24,Mobile,132.61,Abandoned,23,Sunday
USER_0069,2026-01-26 00:46:06,Mobile,79.7,Abandoned,0,Monday
USER_0068,2026-01-26 01:45:54,Tablet,62.11,Completed,1,Monday
USER_1197,2026-01-26 01:48:23,Mobile,16.46,Abandoned,1,Monday
USER_0159,2026-01-26 02:07:06,Unknown,32.8,Abandoned,2,Monday
USER_0824,2026-01-26 05:33:39,Unknown,41.97,Abandoned,5,Monday
USER_0021,2026-01-26 05:35:39,Desktop,15.1,Completed,5,Monday
USER_0043,2026-01-26 06:30:48,Mobile,26.55,Abandoned,6,Monday
USER_0125,2026-01-26 06:32:05,Mobile,45.86,Abandoned,6,Monday
USER_0710,2026-01-26 06:39:15,Tablet,50.97,Completed,6,Monday
USER_0784,2026-01-26 06:57:08,Tablet,75.85,Completed,6,Monday
USER_0420,2026-01-26 06:58:52,Desktop,47.78,Abandoned,6,Monday
USER_0143,2026-01-26 07:04:14,Mobile,64.15,Completed,7,Monday
USER_0260,2026-01-26 07:47:57,Mobile,41.61,Abandoned,7,Monday
USER_0962,2026-01-26 08:04:23,Desktop,56.11,Completed,8,Monday
USER_0700,2026-01-26 08:57:51,Mobile,73.2,Abandoned,8,Monday
USER_0751,2026-01-26 10:04:34,Tablet,54.730000000000004,Completed,10,Monday
USER_0758,2026-01-26 10:15:16,Unknown,39.07,Completed,10,Monday
USER_1295,2026-01-26 10:55:18,Mobile,59.96,Abandoned,10,Monday
USER_0654,2026-01-26 11:33:00,Tablet,96.06,Completed,11,Monday
USER_0281,2026-01-26 12:05:31,Tablet,21.42,Abandoned,12,Monday
USER_0509,2026-01-26 13:36:17,Mobile,200.05,Abandoned,13,Monday
USER_0898,2026-01-26 13:56:26,Mobile,117.49,Abandoned,13,Monday
USER_0748,2026-01-26 14:12:10,Mobile,17.95,Abandoned,14,Monday
USER_1290,2026-01-26 14:31:32,Mobile,69.5,Abandoned,14,Monday
USER_1473,2026-01-26 19:37:33,Mobile,37.83,Completed,19,Monday
USER_1255,2026-01-26 20:49:27,Desktop,42.17,Completed,20,Monday
USER_1401,2026-01-26 22:52:45,Tablet,68.57,Completed,22,Monday
USER_1220,2026-01-27 00:21:20,Mobile,108.07,Abandoned,0,Tuesday
USER_1065,2026-01-27 00:51:16,Mobile,40.33,Abandoned,0,Tuesday
USER_1116,2026-01-27 01:29:03,Desktop,40.69,Completed,1,Tuesday
USER_1153,2026-01-27 02:38:33,Mobile,69.54,Abandoned,2,Tuesday
USER_0425,2026-01-27 02:45:56,Unknown,79.18,Abandoned,2,Tuesday
USER_1365,2026-01-27 03:59:51,Mobile,28.37,Completed,3,Tuesday
USER_1041,2026-01-27 04:45:57,Mobile,167.4,Abandoned,4,Tuesday
USER_0825,2026-01-27 05:49:17,Unknown,35.94,Abandoned,5,Tuesday
USER_0117,2026-01-27 06:11:33,Desktop,102.21,Completed,6,Tuesday
USER_0884,2026-01-27 06:23:29,Mobile,73.23,Completed,6,Tuesday
USER_0672,2026-01-27 06:29:58,Desktop,54.730000000000004,Abandoned,6,Tuesday
USER_0657,2026-01-27 08:06:38,Mobile,36.4,Completed,8,Tuesday
USER_0343,2026-01-27 10:39:58,Mobile,17.81,Completed,10,Tuesday
USER_0529,2026-01-27 11:05:19,Mobile,53.84,Abandoned,11,Tuesday
USER_0514,2026-01-27 11:33:33,Tablet,53.99,Abandoned,11,Tuesday
USER_1291,2026-01-27 13:07:53,Tablet,29.29,Completed,13,Tuesday
USER_0564,2026-01-27 14:18:25,Mobile,99.15,Completed,14,Tuesday
USER_0331,2026-01-27 14:32:36,Mobile,52.8,Abandoned,14,Tuesday
USER_0305,2026-01-27 15:55:07,Unknown,32.27,Abandoned,15,Tuesday
USER_0148,2026-01-27 16:05:10,Mobile,79.86,Abandoned,16,Tuesday
USER_0265,2026-01-27 16:23:53,Mobile,81.25,Abandoned,16,Tuesday
USER_0727,2026-01-27 16:58:59,Tablet,34.27,Abandoned,16,Tuesday
USER_0318,2026-01-27 20:03:40,Tablet,121.72,Abandoned,20,Tuesday
USER_1416,2026-01-27 21:19:36,Mobile,234.65,Abandoned,21,Tuesday
USER_0911,2026-01-27 21:57:32,Mobile,26.88,Completed,21,Tuesday
USER_0027,2026-01-27 22:09:28,Desktop,48.45,Completed,22,Tuesday
USER_0381,2026-01-27 22:40:33,Desktop,67.97,Completed,22,Tuesday
USER_0477,2026-01-27 23:35:48,Mobile,240.37,Abandoned,23,Tuesday
USER_0447,2026-01-28 00:14:07,Mobile,33.89,Abandoned,0,Wednesday
USER_0187,2026-01-28 01:06:38,Mobile,29.64,Completed,1,Wednesday
USER_1405,2026-01-28 01:06:46,Unknown,29.51,Abandoned,1,Wednesday
USER_0296,2026-01-28 01:13:00,Mobile,120.77,Abandoned,1,Wednesday
USER_0825,2026-01-28 02:34:54,Mobile,34.46,Abandoned,2,Wednesday
USER_1281,2026-01-28 02:52:16,Unknown,31.42,Completed,2,Wednesday
USER_0858,2026-01-28 04:26:58,Mobile,63.44,Abandoned,4,Wednesday
USER_0462,2026-01-28 05:01:16,Mobile,66.71,Abandoned,5,Wednesday
USER_0289,2026-01-28 07:12:10,Mobile,109.53,Completed,7,Wednesday
USER_1328,2026-01-28 07:48:21,Desktop,57.96,Completed,7,Wednesday
USER_0634,2026-01-28 07:55:31,Desktop,64.19,Completed,7,Wednesday
USER_0103,2026-01-28 08:20:54,Mobile,50.99,Completed,8,Wednesday
USER_1251,2026-01-28 08:53:45,Mobile,23.39,Completed,8,Wednesday
USER_1209,2026-01-28 08:54:00,Tablet,47.95,Completed,8,Wednesday
USER_1168,2026-01-28 09:11:25,Mobile,56.87,Completed,9,Wednesday
USER_0482,2026-01-28 09:41:53,Mobile,40.92,Abandoned,9,Wednesday
USER_0688,2026-01-28 09:44:53,Mobile,19.75,Abandoned,9,Wednesday
USER_1040,2026-01-28 11:34:54,Mobile,26.11,Completed,11,Wednesday
USER_0648,2026-01-28 11:45:00,Mobile,53.22,Completed,11,Wednesday
USER_0261,2026-01-28 13:16:52,Tablet,100.11,Completed,13,Wednesday
USER_1328,2026-01-28 13:54:25,Desktop,162.96,Abandoned,13,Wednesday
USER_1244,2026-01-28 13:56:02,Mobile,54.730000000000004,Abandoned,13,Wednesday
USER_0039,2026-01-28 14:55:37,Tablet,34.26,Abandoned,14,Wednesday
USER_0838,2026-01-28 17:44:00,Mobile,42.86,Abandoned,17,Wednesday
USER_1349,2026-01-28 17:45:16,Mobile,27.66,Abandoned,17,Wednesday
USER_0956,2026-01-28 19:15:10,Desktop,91.11,Abandoned,19,Wednesday
USER_0244,2026-01-28 19:15:14,Desktop,219.08,Abandoned,19,Wednesday
USER_0764,2026-01-28 21:16:49,Mobile,34.81,Completed,21,Wednesday
USER_0118,2026-01-28 23:20:26,Mobile,25.16,Abandoned,23,Wednesday
USER_0943,2026-01-28 23:26:49,Desktop,105.03,Abandoned,23,Wednesday
USER_0499,2026-01-28 23:54:13,Desktop,54.730000000000004,Abandoned,23,Wednesday
USER_0388,2026-01-29 00:46:01,Desktop,67.88,Abandoned,0,Thursday
USER_0467,2026-01-29 01:02:32,Mobile,153.29,Completed,1,Thursday
USER_0345,2026-01-29 01:54:22,Mobile,22.46,Abandoned,1,Thursday
USER_1301,2026-01-29 01:55:05,Mobile,22.06,Abandoned,1,Thursday
USER_0161,2026-01-29 01:57:57,Mobile,49.15,Completed,1,Thursday
USER_1320,2026-01-29 02:45:51,Tablet,56.9,Completed,2,Thursday
USER_0185,2026-01-29 02:55:00,Mobile,43.35,Abandoned,2,Thursday
USER_0422,2026-01-29 03:10:30,Mobile,270.29,Abandoned,3,Thursday
USER_0156,2026-01-29 03:18:49,Desktop,54.730000000000004,Completed,3,Thursday
USER_0854,2026-01-29 03:55:51,Mobile,38.17,Abandoned,3,Thursday
USER_1187,2026-01-29 05:06:27,Mobile,59.19,Completed,5,Thursday
USER_0643,2026-01-29 05:14:24,Desktop,102.62,Completed,5,Thursday
USER_0051,2026-01-29 05:25:10,Desktop,34.07,Completed,5,Thursday
USER_0054,2026-01-29 07:08:33,Desktop,49.62,Completed,7,Thursday
USER_0883,2026-01-29 10:11:58,Mobile,104.54,Abandoned,10,Thursday
USER_0572,2026-01-29 12:53:16,Desktop,108.38,Abandoned,12,Thursday
USER_1467,2026-01-29 12:57:29,Desktop,62.89,Abandoned,12,Thursday
USER_0368,2026-01-29 13:08:31,Mobile,262.95,Completed,13,Thursday
USER_0296,2026-01-29 14:00:06,Mobile,197.83,Abandoned,14,Thursday
USER_0910,2026-01-29 14:05:30,Desktop,21.89,Completed,14,Thursday
USER_0151,2026-01-29 14:06:10,Mobile,18.18,Completed,14,Thursday
USER_0214,2026-01-29 14:20:56,Desktop,91.58,Completed,14,Thursday
USER_1278,2026-01-29 14:28:41,Mobile,54.730000000000004,Abandoned,14,Thursday
USER_0714,2026-01-29 15:19:30,Mobile,47.18,Completed,15,Thursday
USER_1157,2026-01-29 19:09:04,Mobile,39.39,Completed,19,Thursday
USER_0502,2026-01-29 19:44:32,Desktop,32.03,Abandoned,19,Thursday
USER_0092,2026-01-29 20:35:30,Mobile,25.55,Completed,20,Thursday
USER_1005,2026-01-29 21:29:49,Mobile,114.28,Abandoned,21,Thursday
USER_0105,2026-01-29 21:52:14,Desktop,42.61,Completed,21,Thursday
USER_1256,2026-01-29 22:28:40,Desktop,66.43,Abandoned,22,Thursday
USER_0106,2026-01-29 23:56:05,Tablet,16.66,Completed,23,Thursday
USER_0266,2026-01-30 00:01:40,Mobile,104.74,Abandoned,0,Friday
USER_1386,2026-01-30 00:42:44,Mobile,54.730000000000004,Abandoned,0,Friday
USER_1375,2026-01-30 01:30:19,Tablet,22.78,Completed,1,Friday
USER_1244,2026-01-30 02:26:08,Desktop,64.61,Abandoned,2,Friday
USER_1406,2026-01-30 03:42:09,Mobile,54.77,Completed,3,Friday
USER_0366,2026-01-30 05:44:57,Mobile,40.75,Abandoned,5,Friday
USER_0329,2026-01-30 07:06:36,Desktop,54.730000000000004,Completed,7,Friday
USER_0985,2026-01-30 11:56:40,Mobile,35.54,Abandoned,11,Friday
USER_0775,2026-01-30 13:19:49,Desktop,66.46,Abandoned,13,Friday
USER_0900,2026-01-30 15:38:33,Mobile,38.22,Abandoned,15,Friday
USER_1044,2026-01-30 15:51:28,Mobile,47.27,Completed,15,Friday
USER_0662,2026-01-30 16:43:40,Desktop,144.44,Completed,16,Friday
USER_0095,2026-01-30 17:21:41,Mobile,51.92,Abandoned,17,Friday
USER_1208,2026-01-30 17:59:08,Mobile,13.97,Abandoned,17,Friday
USER_1187,2026-01-30 18:05:25,Mobile,48.42,Abandoned,18,Friday
USER_0583,2026-01-30 18:05:46,Mobile,58.24,Completed,18,Friday
USER_0967,2026-01-30 18:54:57,Unknown,31.93,Completed,18,Friday
USER_0700,2026-01-30 20:18:02,Desktop,88.02,Completed,20,Friday
USER_0462,2026-01-30 21:05:05,Desktop,21.11,Completed,21,Friday
USER_0526,2026-01-30 21:41:17,Mobile,49.92,Completed,21,Friday
USER_0058,2026-01-30 22:06:21,Mobile,20.95,Abandoned,22,Friday
USER_1431,2026-01-30 22:45:51,Mobile,45.05,Completed,22,Friday
USER_1084,2026-01-30 23:57:02,Unknown,86.51,Completed,23,Friday
USER_0431,2026-01-31 00:17:30,Desktop,49.15,Completed,0,Saturday
USER_1261,2026-01-31 00:19:17,Desktop,47.32,Completed,0,Saturday
USER_0398,2026-01-31 00:24:09,Mobile,55.59,Abandoned,0,Saturday
USER_1348,2026-01-31 01:21:22,Mobile,57.43,Abandoned,1,Saturday
USER_0338,2026-01-31 01:39:39,Mobile,85.71,Abandoned,1,Saturday
USER_0764,2026-01-31 01:47:55,Mobile,86.05,Abandoned,1,Saturday
USER_0482,2026-01-31 02:52:32,Mobile,137.57,Abandoned,2,Saturday
USER_1092,2026-01-31 03:25:25,Tablet,60.88,Completed,3,Saturday
USER_0532,2026-01-31 03:35:02,Mobile,18.55,Abandoned,3,Saturday
USER_1275,2026-01-31 03:42:07,Mobile,95.36,Abandoned,3,Saturday
USER_1328,2026-01-31 03:50:22,Mobile,131.29,Abandoned,3,Saturday
USER_0079,2026-01-31 07:33:42,Tablet,270.45,Completed,7,Saturday
USER_0726,2026-01-31 08:05:58,Desktop,140.28,Completed,8,Saturday
USER_1240,2026-01-31 10:16:13,Desktop,54.730000000000004,Abandoned,10,Saturday
USER_0114,2026-01-31 10:18:57,Tablet,61.66,Completed,10,Saturday
USER_1135,2026-01-31 11:36:59,Mobile,45.79,Completed,11,Saturday
USER_1459,2026-01-31 11:58:42,Desktop,41.92,Abandoned,11,Saturday
USER_0063,2026-01-31 16:13:52,Mobile,50.72,Abandoned,16,Saturday
USER_1155,2026-01-31 16:15:03,Mobile,125.93,Abandoned,16,Saturday
USER_0001,2026-01-31 16:15:27,Desktop,54.730000000000004,Completed,16,Saturday
USER_1202,2026-01-31 17:50:22,Desktop,28.46,Completed,17,Saturday
USER_1231,2026-01-31 18:18:05,Mobile,120.62,Abandoned,18,Saturday
USER_0145,2026-01-31 18:49:46,Mobile,140.45,Abandoned,18,Saturday
USER_0628,2026-01-31 19:08:11,Mobile,35.56,Completed,19,Saturday
USER_0209,2026-01-31 20:15:21,Mobile,159.65,Abandoned,20,Saturday
USER_0736,2026-01-31 21:48:12,Mobile,102.96,Completed,21,Saturday
USER_1247,2026-01-31 22:26:02,Mobile,45.88,Abandoned,22,Saturday
USER_1370,2026-01-31 22:41:45,Mobile,11.21,Abandoned,22,Saturday
USER_1429,2026-02-01 00:30:59,Desktop,18.46,Abandoned,0,Sunday
USER_0075,2026-02-01 00:43:10,Mobile,35.59,Abandoned,0,Sunday
USER_1098,2026-02-01 00:51:18,Mobile,89.47,Abandoned,0,Sunday
USER_0943,2026-02-01 00:55:22,Mobile,89.66,Abandoned,0,Sunday
USER_0921,2026-02-01 04:14:55,Desktop,40.32,Completed,4,Sunday
USER_0719,2026-02-01 04:39:05,Mobile,46.98,Abandoned,4,Sunday
USER_1186,2026-02-01 06:38:23,Mobile,53.46,Abandoned,6,Sunday
USER_0700,2026-02-01 07:30:21,Mobile,47.36,Completed,7,Sunday
USER_0778,2026-02-01 08:12:09,Desktop,60.73,Abandoned,8,Sunday
USER_0661,2026-02-01 08:24:45,Desktop,53.54,Abandoned,8,Sunday
USER_0403,2026-02-01 09:23:08,Desktop,18.39,Completed,9,Sunday
USER_0019,2026-02-01 10:04:20,Tablet,47.71,Completed,10,Sunday
USER_1210,2026-02-01 10:06:06,Desktop,53.8,Completed,10,Sunday
USER_0494,2026-02-01 10:19:08,Desktop,103.89,Abandoned,10,Sunday
USER_1477,2026-02-01 10:40:26,Mobile,31.81,Completed,10,Sunday
USER_0122,2026-02-01 12:44:34,Mobile,62.34,Abandoned,12,Sunday
USER_0363,2026-02-01 13:36:04,Tablet,78.72,Abandoned,13,Sunday
USER_0455,2026-02-01 13:44:10,Mobile,54.730000000000004,Abandoned,13,Sunday
USER_1196,2026-02-01 16:39:44,Mobile,17.45,Completed,16,Sunday
USER_1148,2026-02-01 17:20:55,Desktop,105.27,Completed,17,Sunday
USER_0280,2026-02-01 17:47:35,Mobile,88.73,Abandoned,17,Sunday
USER_0734,2026-02-01 18:24:46,Desktop,63.35,Completed,18,Sunday
USER_1143,2026-02-01 20:38:10,Desktop,56.05,Abandoned,20,Sunday
USER_0621,2026-02-01 21:00:36,Mobile,17.15,Abandoned,21,Sunday
USER_0639,2026-02-01 21:56:38,Desktop,90.34,Completed,21,Sunday
USER_1014,2026-02-01 22:16:06,Mobile,143.47,Abandoned,22,Sunday
USER_0212,2026-02-01 22:29:34,Mobile,26.47,Abandoned,22,Sunday
USER_1096,2026-02-01 22:59:18,Mobile,130.88,Completed,22,Sunday
USER_0884,2026-02-01 23:07:03,Desktop,113.91,Completed,23,Sunday
USER_0956,2026-02-01 23:07:22,Desktop,25.97,Completed,23,Sunday
USER_1044,2026-02-01 23:10:56,Mobile,42.26,Abandoned,23,Sunday
USER_1051,2026-02-01 23:42:59,Desktop,22.04,Completed,23,Sunday
USER_0589,2026-02-02 00:40:57,Mobile,52.33,Abandoned,0,Monday
USER_1443,2026-02-02 03:12:54,Tablet,73.07,Abandoned,3,Monday
USER_1015,2026-02-02 04:40:52,Mobile,54.730000000000004,Completed,4,Monday
USER_0726,2026-02-02 05:36:15,Desktop,70.16,Completed,5,Monday
USER_0348,2026-02-02 06:08:25,Mobile,54.730000000000004,Completed,6,Monday
USER_1397,2026-02-02 06:28:27,Mobile,83.49,Abandoned,6,Monday
USER_0494,2026-02-02 06:31:42,Mobile,73.36,Abandoned,6,Monday
USER_1376,2026-02-02 07:05:53,Desktop,54.730000000000004,Abandoned,7,Monday
USER_0561,2026-02-02 07:20:41,Mobile,50.45,Abandoned,7,Monday
USER_0116,2026-02-02 07:22:18,Tablet,68.65,Completed,7,Monday
USER_1083,2026-02-02 07:42:17,Mobile,141.13,Abandoned,7,Monday
USER_0826,2026-02-02 08:25:26,Mobile,54.69,Completed,8,Monday
USER_1146,2026-02-02 08:50:47,Mobile,72.0,Abandoned,8,Monday
USER_0687,2026-02-02 09:49:34,Desktop,29.79,Completed,9,Monday
USER_1373,2026-02-02 11:31:24,Mobile,54.730000000000004,Abandoned,11,Monday
USER_1450,2026-02-02 13:19:13,Desktop,23.71,Completed,13,Monday
USER_0790,2026-02-02 13:19:49,Tablet,41.55,Completed,13,Monday
USER_0846,2026-02-02 14:59:27,Tablet,208.58,Completed,14,Monday
USER_0490,2026-02-02 15:06:22,Mobile,42.04,Abandoned,15,Monday
USER_0516,2026-02-02 15:37:38,Desktop,69.2,Abandoned,15,Monday
USER_0988,2026-02-02 15:38:25,Desktop,78.42,Abandoned,15,Monday
USER_0992,2026-02-02 15:50:39,Mobile,26.86,Completed,15,Monday
USER_0781,2026-02-02 17:22:44,Desktop,41.15,Completed,17,Monday
USER_0460,2026-02-02 17:29:14,Mobile,81.93,Completed,17,Monday
USER_1284,2026-02-02 18:15:27,Mobile,72.13,Abandoned,18,Monday
USER_1381,2026-02-02 22:22:56,Mobile,14.94,Completed,22,Monday
USER_0042,2026-02-02 23:07:19,Unknown,80.35,Completed,23,Monday
USER_0380,2026-02-02 23:13:59,Mobile,38.16,Abandoned,23,Monday
USER_0699,2026-02-02 23:52:54,Mobile,38.82,Abandoned,23,Monday
USER_1024,2026-02-03 00:28:09,Desktop,71.03,Abandoned,0,Tuesday
USER_1082,2026-02-03 00:48:39,Mobile,146.92,Abandoned,0,Tuesday
USER_0733,2026-02-03 01:56:54,Mobile,47.93,Abandoned,1,Tuesday
USER_1259,2026-02-03 04:34:55,Unknown,117.49,Abandoned,4,Tuesday
USER_0924,2026-02-03 05:23:01,Desktop,21.4,Completed,5,Tuesday
USER_1417,2026-02-03 05:34:19,Desktop,59.44,Completed,5,Tuesday
USER_1075,2026-02-03 06:01:15,Desktop,38.41,Completed,6,Tuesday
USER_0294,2026-02-03 06:12:04,Desktop,65.58,Completed,6,Tuesday
USER_0790,2026-02-03 07:21:08,Mobile,45.03,Completed,7,Tuesday
USER_0328,2026-02-03 10:33:10,Desktop,22.84,Completed,10,Tuesday
USER_0364,2026-02-03 12:11:47,Mobile,30.67,Abandoned,12,Tuesday
USER_0366,2026-02-03 12:18:57,Mobile,54.730000000000004,Abandoned,12,Tuesday
USER_1186,2026-02-03 15:20:05,Desktop,23.35,Abandoned,15,Tuesday
USER_1169,2026-02-03 15:21:32,Mobile,74.61,Abandoned,15,Tuesday
USER_0881,2026-02-03 15:48:07,Desktop,46.38,Completed,15,Tuesday
USER_0338,2026-02-03 17:14:53,Desktop,63.44,Completed,17,Tuesday
USER_1077,2026-02-03 17:36:51,Mobile,177.71,Abandoned,17,Tuesday
USER_0935,2026-02-03 20:22:17,Mobile,45.04,Completed,20,Tuesday
USER_1144,2026-02-03 20:40:09,Mobile,82.46,Abandoned,20,Tuesday
USER_0662,2026-02-03 21:25:39,Tablet,55.61,Abandoned,21,Tuesday
USER_1270,2026-02-03 21:33:05,Desktop,328.9,Completed,21,Tuesday
USER_0034,2026-02-03 22:18:51,Mobile,10.0,Completed,22,Tuesday
USER_0356,2026-02-03 22:41:18,Mobile,34.24,Abandoned,22,Tuesday
USER_0100,2026-02-03 22:57:45,Desktop,83.52,Abandoned,22,Tuesday
USER_0552,2026-02-03 23:05:17,Desktop,33.47,Completed,23,Tuesday
USER_0480,2026-02-04 00:41:47,Mobile,78.88,Abandoned,0,Wednesday
USER_0274,2026-02-04 00:48:24,Mobile,52.51,Abandoned,0,Wednesday
USER_1072,2026-02-04 01:04:38,Desktop,95.8,Completed,1,Wednesday
USER_0210,2026-02-04 01:06:56,Mobile,26.16,Abandoned,1,Wednesday
USER_0519,2026-02-04 01:23:29,Mobile,61.09,Completed,1,Wednesday
USER_1177,2026-02-04 02:55:34,Tablet,73.91,Abandoned,2,Wednesday
USER_0704,2026-02-04 04:00:53,Desktop,59.48,Completed,4,Wednesday
USER_0899,2026-02-04 04:17:08,Mobile,54.730000000000004,Completed,4,Wednesday
USER_0253,2026-02-04 05:09:11,Mobile,119.29,Completed,5,Wednesday
USER_0315,2026-02-04 05:31:38,Mobile,54.730000000000004,Abandoned,5,Wednesday
USER_0041,2026-02-04 05:32:12,Mobile,59.22,Abandoned,5,Wednesday
USER_0716,2026-02-04 05:36:57,Desktop,24.88,Abandoned,5,Wednesday
USER_0047,2026-02-04 06:04:30,Unknown,89.34,Completed,6,Wednesday
USER_1128,2026-02-04 06:45:37,Desktop,31.67,Completed,6,Wednesday
USER_0066,2026-02-04 09:07:04,Tablet,10.95,Abandoned,9,Wednesday
USER_0521,2026-02-04 11:01:39,Mobile,90.74,Completed,11,Wednesday
USER_0282,2026-02-04 11:44:05,Mobile,45.86,Abandoned,11,Wednesday
USER_0553,2026-02-04 13:27:48,Mobile,68.84,Completed,13,Wednesday
USER_0704,2026-02-04 15:27:00,Tablet,138.04,Completed,15,Wednesday
USER_1015,2026-02-04 16:17:24,Desktop,69.51,Completed,16,Wednesday
USER_0497,2026-02-04 16:59:38,Mobile,60.95,Abandoned,16,Wednesday
USER_0936,2026-02-04 17:00:51,Unknown,52.95,Completed,17,Wednesday
USER_1239,2026-02-04 17:13:30,Desktop,25.9,Completed,17,Wednesday
USER_0359,2026-02-04 17:24:24,Tablet,47.47,Abandoned,17,Wednesday
USER_0449,2026-02-04 19:58:46,Mobile,196.97,Abandoned,19,Wednesday
USER_0259,2026-02-04 20:03:48,Mobile,42.78,Completed,20,Wednesday
USER_1189,2026-02-04 20:08:07,Desktop,54.730000000000004,Completed,20,Wednesday
USER_0993,2026-02-04 20:08:49,Unknown,123.61,Completed,20,Wednesday
USER_1216,2026-02-04 20:26:05,Mobile,20.05,Completed,20,Wednesday
USER_1009,2026-02-04 22:06:33,Mobile,81.7,Abandoned,22,Wednesday
USER_1340,2026-02-04 22:11:05,Mobile,19.44,Abandoned,22,Wednesday
USER_0511,2026-02-04 22:27:19,Mobile,70.77,Abandoned,22,Wednesday
USER_1347,2026-02-04 23:05:45,Tablet,53.81,Completed,23,Wednesday
USER_0072,2026-02-04 23:57:26,Mobile,81.29,Completed,23,Wednesday
USER_0267,2026-02-04 23:57:51,Mobile,28.27,Completed,23,Wednesday
USER_1257,2026-02-05 01:48:06,Desktop,38.56,Completed,1,Thursday
USER_1065,2026-02-05 02:01:41,Mobile,84.07,Abandoned,2,Thursday
USER_1105,2026-02-05 04:15:16,Mobile,39.2,Abandoned,4,Thursday
USER_1330,2026-02-05 07:29:59,Unknown,89.22,Abandoned,7,Thursday
USER_0798,2026-02-05 07:40:22,Desktop,62.55,Abandoned,7,Thursday
USER_0173,2026-02-05 08:09:40,Desktop,40.86,Completed,8,Thursday
USER_1181,2026-02-05 08:10:07,Desktop,44.48,Abandoned,8,Thursday
USER_1425,2026-02-05 10:07:45,Unknown,54.72,Completed,10,Thursday
USER_0420,2026-02-05 10:22:22,Tablet,47.32,Completed,10,Thursday
USER_1202,2026-02-05 10:24:41,Mobile,87.76,Abandoned,10,Thursday
USER_0553,2026-02-05 13:32:33,Desktop,42.89,Abandoned,13,Thursday
USER_0866,2026-02-05 13:52:41,Mobile,37.62,Abandoned,13,Thursday
USER_1069,2026-02-05 14:43:46,Tablet,98.66,Abandoned,14,Thursday
USER_1465,2026-02-05 15:56:02,Desktop,41.5,Completed,15,Thursday
USER_0919,2026-02-05 17:12:25,Desktop,38.43,Abandoned,17,Thursday
USER_0157,2026-02-05 19:35:10,Mobile,10.85,Completed,19,Thursday
USER_0019,2026-02-05 20:34:16,Mobile,27.78,Completed,20,Thursday
USER_1252,2026-02-05 21:03:54,Desktop,31.65,Abandoned,21,Thursday
USER_0581,2026-02-05 21:29:33,Desktop,38.43,Completed,21,Thursday
USER_1200,2026-02-05 21:38:03,Mobile,34.14,Completed,21,Thursday
USER_1039,2026-02-05 21:50:41,Tablet,103.44,Completed,21,Thursday
USER_0726,2026-02-06 00:51:46,Desktop,32.99,Abandoned,0,Friday
USER_0109,2026-02-06 00:52:14,Mobile,34.63,Abandoned,0,Friday
USER_1057,2026-02-06 02:35:34,Unknown,60.41,Abandoned,2,Friday
USER_0453,2026-02-06 02:36:52,Mobile,26.68,Abandoned,2,Friday
USER_1466,2026-02-06 02:47:32,Mobile,150.9,Completed,2,Friday
USER_0154,2026-02-06 04:37:02,Unknown,91.96,Abandoned,4,Friday
USER_0009,2026-02-06 04:47:20,Desktop,25.55,Completed,4,Friday
USER_0303,2026-02-06 05:00:11,Desktop,105.52,Abandoned,5,Friday
USER_0142,2026-02-06 05:26:25,Mobile,120.8,Abandoned,5,Friday
USER_1491,2026-02-06 06:04:53,Desktop,25.99,Completed,6,Friday
USER_0780,2026-02-06 08:09:42,Desktop,25.6,Abandoned,8,Friday
USER_0456,2026-02-06 09:33:07,Desktop,36.72,Abandoned,9,Friday
USER_1145,2026-02-06 09:57:23,Mobile,21.76,Abandoned,9,Friday
USER_0755,2026-02-06 10:24:47,Desktop,32.88,Abandoned,10,Friday
USER_0494,2026-02-06 10:50:09,Mobile,42.09,Abandoned,10,Friday
USER_1206,2026-02-06 10:56:23,Mobile,75.77,Abandoned,10,Friday
USER_1276,2026-02-06 12:26:40,Mobile,57.56,Abandoned,12,Friday
USER_0310,2026-02-06 13:30:16,Mobile,49.59,Completed,13,Friday
USER_0331,2026-02-06 19:55:32,Desktop,39.88,Abandoned,19,Friday
USER_0608,2026-02-06 20:23:38,Mobile,23.33,Completed,20,Friday
USER_0546,2026-02-06 21:53:09,Desktop,80.21,Completed,21,Friday
USER_0921,2026-02-06 23:42:21,Mobile,79.05,Completed,23,Friday
USER_0849,2026-02-06 23:58:19,Mobile,36.56,Abandoned,23,Friday
USER_0785,2026-02-07 00:37:19,Unknown,26.69,Completed,0,Saturday
USER_1483,2026-02-07 00:54:50,Desktop,150.12,Abandoned,0,Saturday
USER_0505,2026-02-07 01:23:44,Mobile,64.1,Completed,1,Saturday
USER_0063,2026-02-07 04:02:49,Unknown,70.67,Abandoned,4,Saturday
USER_0698,2026-02-07 04:03:27,Mobile,72.68,Abandoned,4,Saturday
USER_0594,2026-02-07 05:31:02,Mobile,24.99,Completed,5,Saturday
USER_0957,2026-02-07 06:19:58,Desktop,144.68,Completed,6,Saturday
USER_0940,2026-02-07 07:00:18,Desktop,42.0,Abandoned,7,Saturday
USER_0759,2026-02-07 08:58:32,Mobile,93.16,Abandoned,8,Saturday
USER_0206,2026-02-07 09:22:25,Tablet,140.89,Completed,9,Saturday
USER_1248,2026-02-07 09:26:26,Desktop,57.56,Completed,9,Saturday
USER_1259,2026-02-07 12:10:41,Mobile,25.33,Abandoned,12,Saturday
USER_0095,2026-02-07 13:39:48,Mobile,10.8,Completed,13,Saturday
USER_1099,2026-02-07 13:54:09,Desktop,53.25,Completed,13,Saturday
USER_0702,2026-02-07 16:00:49,Desktop,64.24,Abandoned,16,Saturday
USER_1105,2026-02-07 16:59:43,Mobile,37.43,Abandoned,16,Saturday
USER_1402,2026-02-07 17:14:41,Mobile,59.63,Completed,17,Saturday
USER_0983,2026-02-07 22:29:06,Mobile,72.22,Completed,22,Saturday
USER_1187,2026-02-07 22:37:42,Desktop,104.17,Completed,22,Saturday
USER_0397,2026-02-08 00:08:57,Mobile,47.06,Abandoned,0,Sunday
USER_0832,2026-02-08 01:53:06,Unknown,53.01,Abandoned,1,Sunday
USER_0758,2026-02-08 01:58:23,Desktop,48.61,Completed,1,Sunday
USER_0163,2026-02-08 02:11:06,Tablet,55.8,Abandoned,2,Sunday
USER_0575,2026-02-08 02:26:27,Tablet,39.11,Abandoned,2,Sunday
USER_0129,2026-02-08 03:15:00,Mobile,38.99,Abandoned,3,Sunday
USER_1244,2026-02-08 03:29:44,Mobile,40.62,Abandoned,3,Sunday
USER_1183,2026-02-08 03:57:46,Mobile,60.44,Completed,3,Sunday
USER_0208,2026-02-08 04:11:13,Mobile,31.48,Completed,4,Sunday
USER_0077,2026-02-08 04:45:35,Tablet,40.73,Completed,4,Sunday
USER_0160,2026-02-08 05:03:14,Mobile,176.9,Completed,5,Sunday
USER_0988,2026-02-08 05:28:43,Mobile,97.77,Abandoned,5,Sunday
USER_0662,2026-02-08 05:32:11,Mobile,29.31,Abandoned,5,Sunday
USER_0092,2026-02-08 06:01:00,Mobile,54.730000000000004,Completed,6,Sunday
USER_0117,2026-02-08 06:13:30,Desktop,82.09,Completed,6,Sunday
USER_0842,2026-02-08 06:48:55,Mobile,51.03,Abandoned,6,Sunday
USER_0994,2026-02-08 09:34:17,Mobile,34.46,Abandoned,9,Sunday
USER_1249,2026-02-08 09:54:03,Mobile,32.01,Abandoned,9,Sunday
USER_0559,2026-02-08 10:02:23,Mobile,63.15,Completed,10,Sunday
USER_1435,2026-02-08 11:01:58,Mobile,31.5,Abandoned,11,Sunday
USER_0623,2026-02-08 11:20:24,Desktop,111.41,Abandoned,11,Sunday
USER_1084,2026-02-08 12:56:22,Desktop,133.96,Completed,12,Sunday
USER_0629,2026-02-08 13:04:23,Desktop,53.1,Completed,13,Sunday
USER_1028,2026-02-08 14:50:40,Tablet,114.46,Completed,14,Sunday
USER_1115,2026-02-08 14:57:11,Unknown,41.78,Completed,14,Sunday
USER_1319,2026-02-08 15:24:29,Tablet,34.32,Completed,15,Sunday
USER_1036,2026-02-08 15:54:04,Mobile,111.63,Completed,15,Sunday
USER_0736,2026-02-08 17:07:29,Mobile,152.46,Abandoned,17,Sunday
USER_1105,2026-02-08 17:10:26,Mobile,195.6,Completed,17,Sunday
USER_0025,2026-02-08 17:29:05,Desktop,67.78,Abandoned,17,Sunday
USER_0757,2026-02-08 17:52:06,Tablet,95.62,Completed,17,Sunday
USER_0088,2026-02-08 18:09:09,Desktop,66.81,Completed,18,Sunday
USER_1218,2026-02-08 19:10:14,Mobile,135.94,Abandoned,19,Sunday
USER_0753,2026-02-08 19:23:50,Tablet,72.36,Abandoned,19,Sunday
USER_1144,2026-02-08 19:48:33,Mobile,92.14,Abandoned,19,Sunday
USER_1327,2026-02-08 20:46:03,Mobile,26.1,Completed,20,Sunday
USER_0104,2026-02-09 00:18:18,Mobile,46.98,Completed,0,Monday
USER_1321,2026-02-09 00:31:24,Mobile,92.65,Completed,0,Monday
USER_0151,2026-02-09 00:41:45,Mobile,87.41,Completed,0,Monday
USER_0160,2026-02-09 01:01:47,Mobile,97.93,Abandoned,1,Monday
USER_0023,2026-02-09 01:24:19,Mobile,59.05,Completed,1,Monday
USER_1230,2026-02-09 01:26:15,Desktop,35.74,Abandoned,1,Monday
USER_1161,2026-02-09 02:05:36,Desktop,52.55,Completed,2,Monday
USER_1354,2026-02-09 03:59:33,Desktop,56.29,Abandoned,3,Monday
USER_0232,2026-02-09 05:06:30,Mobile,63.89,Abandoned,5,Monday
USER_0716,2026-02-09 08:50:47,Desktop,29.1,Completed,8,Monday
USER_1032,2026-02-09 08:51:01,Tablet,45.93,Completed,8,Monday
USER_0704,2026-02-09 09:02:35,Mobile,51.54,Completed,9,Monday
USER_0459,2026-02-09 11:40:47,Mobile,12.71,Completed,11,Monday
USER_0791,2026-02-09 12:43:18,Mobile,93.8,Abandoned,12,Monday
USER_0303,2026-02-09 12:44:33,Mobile,60.74,Completed,12,Monday
USER_0335,2026-02-09 13:00:03,Desktop,64.87,Completed,13,Monday
USER_0838,2026-02-09 15:02:34,Desktop,39.05,Abandoned,15,Monday
USER_0517,2026-02-09 17:54:38,Mobile,79.92,Abandoned,17,Monday
USER_0956,2026-02-09 19:13:00,Desktop,31.79,Abandoned,19,Monday
USER_1170,2026-02-09 19:19:47,Desktop,35.21,Completed,19,Monday
USER_0815,2026-02-09 19:21:29,Tablet,82.14,Abandoned,19,Monday
USER_0225,2026-02-09 19:47:43,Mobile,68.87,Abandoned,19,Monday
USER_0078,2026-02-09 20:32:51,Tablet,23.8,Abandoned,20,Monday
USER_0010,2026-02-09 21:27:19,Unknown,152.21,Abandoned,21,Monday
USER_1468,2026-02-09 23:21:48,Desktop,33.35,Completed,23,Monday
USER_1388,2026-02-09 23:54:33,Mobile,50.09,Completed,23,Monday
USER_0386,2026-02-10 00:13:20,Mobile,169.93,Abandoned,0,Tuesday
USER_0512,2026-02-10 00:25:21,Desktop,14.31,Abandoned,0,Tuesday
USER_0521,2026-02-10 01:08:16,Mobile,18.01,Abandoned,1,Tuesday
USER_0151,2026-02-10 02:11:34,Mobile,72.77,Completed,2,Tuesday
USER_1093,2026-02-10 02:58:09,Mobile,10.9,Abandoned,2,Tuesday
USER_0809,2026-02-10 04:24:48,Desktop,14.46,Abandoned,4,Tuesday
USER_0215,2026-02-10 04:38:16,Mobile,117.2,Abandoned,4,Tuesday
USER_0952,2026-02-10 05:24:48,Desktop,41.86,Abandoned,5,Tuesday
USER_1450,2026-02-10 06:06:23,Mobile,227.57,Completed,6,Tuesday
USER_0835,2026-02-10 06:34:24,Mobile,27.87,Abandoned,6,Tuesday
USER_0975,2026-02-10 07:46:18,Mobile,44.39,Completed,7,Tuesday
USER_0724,2026-02-10 08:03:21,Mobile,77.59,Abandoned,8,Tuesday
USER_0203,2026-02-10 08:17:42,Mobile,74.18,Abandoned,8,Tuesday
USER_0061,2026-02-10 08:22:22,Mobile,46.26,Abandoned,8,Tuesday
USER_0924,2026-02-10 08:27:24,Tablet,35.82,Completed,8,Tuesday
USER_0236,2026-02-10 08:42:59,Desktop,63.46,Completed,8,Tuesday
USER_0698,2026-02-10 08:52:04,Mobile,133.62,Abandoned,8,Tuesday
USER_0690,2026-02-10 11:37:11,Mobile,89.64,Completed,11,Tuesday
USER_0834,2026-02-10 12:41:01,Desktop,36.19,Completed,12,Tuesday
USER_0386,2026-02-10 12:53:35,Mobile,28.66,Completed,12,Tuesday
USER_1037,2026-02-10 12:57:26,Mobile,34.8,Completed,12,Tuesday
USER_0824,2026-02-10 13:12:28,Desktop,23.86,Abandoned,13,Tuesday
USER_1266,2026-02-10 14:12:25,Desktop,60.09,Completed,14,Tuesday
USER_1409,2026-02-10 16:17:54,Desktop,92.66,Completed,16,Tuesday
USER_1284,2026-02-10 17:09:38,Mobile,52.12,Abandoned,17,Tuesday
USER_0389,2026-02-10 17:28:40,Mobile,166.98,Abandoned,17,Tuesday
USER_0179,2026-02-10 18:33:30,Desktop,173.13,Completed,18,Tuesday
USER_0201,2026-02-10 19:29:45,Mobile,66.69,Completed,19,Tuesday
USER_0925,2026-02-10 19:45:10,Mobile,86.16,Completed,19,Tuesday
USER_0090,2026-02-10 21:01:14,Mobile,30.41,Completed,21,Tuesday
USER_1102,2026-02-10 21:42:30,Mobile,43.18,Completed,21,Tuesday
USER_0951,2026-02-11 02:00:51,Tablet,124.83,Abandoned,2,Wednesday
USER_1475,2026-02-11 03:45:12,Desktop,54.730000000000004,Abandoned,3,Wednesday
USER_0457,2026-02-11 06:08:27,Desktop,143.57,Abandoned,6,Wednesday
USER_0414,2026-02-11 07:05:45,Mobile,112.52,Abandoned,7,Wednesday
USER_1172,2026-02-11 07:36:09,Mobile,88.99,Abandoned,7,Wednesday
USER_0350,2026-02-11 08:03:07,Mobile,25.48,Abandoned,8,Wednesday
USER_0787,2026-02-11 13:21:51,Mobile,44.58,Completed,13,Wednesday
USER_0450,2026-02-11 14:17:04,Tablet,82.99,Completed,14,Wednesday
USER_1498,2026-02-11 15:12:50,Mobile,28.77,Abandoned,15,Wednesday
USER_0849,2026-02-11 16:15:52,Mobile,48.25,Completed,16,Wednesday
USER_1008,2026-02-11 16:15:57,Mobile,89.02,Abandoned,16,Wednesday
USER_0867,2026-02-11 16:42:51,Desktop,37.74,Completed,16,Wednesday
USER_1435,2026-02-11 17:18:44,Unknown,31.49,Abandoned,17,Wednesday
USER_1142,2026-02-11 18:02:03,Mobile,16.94,Abandoned,18,Wednesday
USER_0088,2026-02-11 18:32:14,Mobile,42.47,Completed,18,Wednesday
USER_1496,2026-02-11 18:41:24,Unknown,90.25,Completed,18,Wednesday
USER_1383,2026-02-11 19:39:23,Mobile,30.96,Abandoned,19,Wednesday
USER_1282,2026-02-11 19:53:03,Tablet,55.24,Abandoned,19,Wednesday
USER_0057,2026-02-11 20:05:05,Desktop,47.19,Completed,20,Wednesday
USER_1171,2026-02-11 20:19:50,Mobile,35.4,Completed,20,Wednesday
USER_0563,2026-02-11 21:05:13,Desktop,94.11,Abandoned,21,Wednesday
USER_1380,2026-02-11 21:17:27,Mobile,158.77,Completed,21,Wednesday
USER_0916,2026-02-11 21:57:00,Tablet,104.88,Abandoned,21,Wednesday
USER_0939,2026-02-11 23:01:19,Mobile,34.73,Abandoned,23,Wednesday
USER_0120,2026-02-12 00:26:40,Mobile,199.35,Abandoned,0,Thursday
USER_1007,2026-02-12 00:39:31,Mobile,54.730000000000004,Abandoned,0,Thursday
USER_1212,2026-02-12 00:44:13,Mobile,40.56,Abandoned,0,Thursday
USER_1027,2026-02-12 01:20:46,Tablet,32.98,Abandoned,1,Thursday
USER_0490,2026-02-12 01:29:43,Mobile,113.15,Abandoned,1,Thursday
USER_0659,2026-02-12 02:26:28,Desktop,61.13,Abandoned,2,Thursday
USER_1057,2026-02-12 02:32:47,Mobile,31.41,Completed,2,Thursday
USER_0627,2026-02-12 04:04:48,Tablet,49.59,Abandoned,4,Thursday
USER_1021,2026-02-12 05:19:25,Mobile,41.9,Abandoned,5,Thursday
USER_0579,2026-02-12 08:05:05,Mobile,31.96,Abandoned,8,Thursday
USER_0050,2026-02-12 08:23:17,Mobile,105.58,Abandoned,8,Thursday
USER_1108,2026-02-12 09:01:46,Desktop,90.75,Completed,9,Thursday
USER_0133,2026-02-12 09:14:57,Mobile,94.17,Abandoned,9,Thursday
USER_0274,2026-02-12 10:17:22,Mobile,93.32,Abandoned,10,Thursday
USER_0251,2026-02-12 10:29:29,Mobile,30.1,Abandoned,10,Thursday
USER_0959,2026-02-12 12:35:53,Desktop,36.88,Abandoned,12,Thursday
USER_0837,2026-02-12 12:50:49,Unknown,140.91,Completed,12,Thursday
USER_1307,2026-02-12 14:44:50,Desktop,58.57,Completed,14,Thursday
USER_1479,2026-02-12 15:33:35,Mobile,20.99,Abandoned,15,Thursday
USER_0620,2026-02-12 16:29:33,Desktop,62.87,Abandoned,16,Thursday
USER_0828,2026-02-12 18:03:13,Tablet,83.56,Completed,18,Thursday
USER_0689,2026-02-12 19:34:03,Mobile,76.76,Completed,19,Thursday
USER_1141,2026-02-12 20:29:50,Mobile,29.68,Abandoned,20,Thursday
USER_0959,2026-02-12 22:03:21,Mobile,186.12,Completed,22,Thursday
USER_1047,2026-02-12 22:47:59,Mobile,20.59,Completed,22,Thursday
USER_1184,2026-02-12 23:52:35,Mobile,58.68,Abandoned,23,Thursday
USER_0448,2026-02-13 00:20:34,Desktop,168.81,Abandoned,0,Friday
USER_0554,2026-02-13 01:06:34,Mobile,80.2,Abandoned,1,Friday
USER_1332,2026-02-13 02:13:54,Tablet,94.02,Abandoned,2,Friday
USER_0609,2026-02-13 02:52:10,Mobile,27.53,Completed,2,Friday
USER_1176,2026-02-13 04:12:50,Desktop,68.41,Completed,4,Friday
USER_1109,2026-02-13 04:32:50,Mobile,53.31,Completed,4,Friday
USER_0365,2026-02-13 04:48:37,Mobile,26.19,Abandoned,4,Friday
USER_1192,2026-02-13 05:29:02,Mobile,95.8,Abandoned,5,Friday
USER_1123,2026-02-13 06:44:29,Mobile,32.05,Abandoned,6,Friday
USER_0378,2026-02-13 07:41:58,Mobile,34.62,Completed,7,Friday
USER_0509,2026-02-13 07:46:25,Desktop,72.33,Completed,7,Friday
USER_1150,2026-02-13 09:43:42,Tablet,49.74,Completed,9,Friday
USER_1180,2026-02-13 10:05:31,Mobile,60.95,Abandoned,10,Friday
USER_0518,2026-02-13 12:44:14,Mobile,47.8,Completed,12,Friday
USER_1316,2026-02-13 12:51:49,Mobile,136.8,Completed,12,Friday
USER_0194,2026-02-13 13:14:13,Mobile,29.93,Abandoned,13,Friday
USER_0250,2026-02-13 14:27:43,Mobile,40.36,Abandoned,14,Friday
USER_1083,2026-02-13 15:04:44,Desktop,74.65,Completed,15,Friday
USER_0840,2026-02-13 15:55:15,Tablet,28.73,Completed,15,Friday
USER_1110,2026-02-13 16:48:22,Tablet,27.91,Completed,16,Friday
USER_1403,2026-02-13 17:15:41,Mobile,59.71,Abandoned,17,Friday
USER_1247,2026-02-13 17:44:04,Desktop,95.95,Completed,17,Friday
USER_0163,2026-02-13 17:48:57,Desktop,104.44,Completed,17,Friday
USER_0744,2026-02-13 19:03:19,Mobile,57.95,Completed,19,Friday
USER_1365,2026-02-13 19:58:52,Mobile,35.27,Completed,19,Friday
USER_1087,2026-02-13 21:38:12,Desktop,65.31,Completed,21,Friday
USER_1327,2026-02-13 23:46:00,Mobile,78.88,Abandoned,23,Friday
USER_0153,2026-02-13 23:51:05,Mobile,64.73,Completed,23,Friday
USER_1073,2026-02-14 00:24:34,Mobile,121.78,Abandoned,0,Saturday
USER_1252,2026-02-14 01:51:22,Desktop,28.24,Abandoned,1,Saturday
USER_0086,2026-02-14 02:09:55,Mobile,34.71,Abandoned,2,Saturday
USER_0083,2026-02-14 02:14:57,Tablet,111.27,Completed,2,Saturday
USER_1433,2026-02-14 02:17:01,Desktop,20.96,Completed,2,Saturday
USER_0220,2026-02-14 04:29:40,Desktop,38.45,Abandoned,4,Saturday
USER_1073,2026-02-14 05:21:28,Mobile,33.94,Abandoned,5,Saturday
USER_1444,2026-02-14 05:28:21,Unknown,19.75,Completed,5,Saturday
USER_0170,2026-02-14 05:41:09,Mobile,48.34,Abandoned,5,Saturday
USER_0238,2026-02-14 06:11:13,Mobile,88.69,Completed,6,Saturday
USER_0204,2026-02-14 06:27:37,Mobile,60.44,Abandoned,6,Saturday
USER_0761,2026-02-14 07:07:51,Mobile,91.81,Abandoned,7,Saturday
USER_1017,2026-02-14 08:24:14,Desktop,118.48,Completed,8,Saturday
USER_0557,2026-02-14 10:09:47,Mobile,42.49,Abandoned,10,Saturday
USER_1133,2026-02-14 10:39:33,Mobile,305.04,Abandoned,10,Saturday
USER_0011,2026-02-14 11:52:08,Mobile,43.62,Abandoned,11,Saturday
USER_1264,2026-02-14 13:33:24,Tablet,47.55,Abandoned,13,Saturday
USER_1251,2026-02-14 15:03:18,Desktop,34.47,Abandoned,15,Saturday
USER_1450,2026-02-14 15:16:40,Desktop,77.83,Completed,15,Saturday
USER_0125,2026-02-14 15:53:24,Mobile,45.2,Abandoned,15,Saturday
USER_1425,2026-02-14 15:54:44,Mobile,54.730000000000004,Abandoned,15,Saturday
USER_1050,2026-02-14 16:37:40,Tablet,47.78,Completed,16,Saturday
USER_1404,2026-02-14 16:40:07,Mobile,47.08,Completed,16,Saturday
USER_1231,2026-02-14 16:49:23,Mobile,60.51,Abandoned,16,Saturday
USER_0661,2026-02-14 20:30:16,Desktop,40.75,Completed,20,Saturday
USER_0216,2026-02-14 21:22:31,Mobile,42.01,Completed,21,Saturday
USER_0656,2026-02-14 21:45:28,Desktop,109.66,Completed,21,Saturday
USER_0682,2026-02-14 21:52:03,Mobile,45.11,Completed,21,Saturday
USER_0912,2026-02-14 22:05:43,Mobile,70.06,Completed,22,Saturday
USER_0143,2026-02-14 22:56:15,Unknown,54.730000000000004,Abandoned,22,Saturday
USER_1103,2026-02-14 23:36:53,Mobile,40.89,Abandoned,23,Saturday
USER_0628,2026-02-14 23:42:12,Desktop,24.5,Completed,23,Saturday
USER_1417,2026-02-15 01:04:25,Desktop,182.25,Completed,1,Sunday
USER_1427,2026-02-15 01:26:33,Unknown,133.49,Completed,1,Sunday
USER_0445,2026-02-15 01:42:22,Mobile,80.4,Abandoned,1,Sunday
USER_0781,2026-02-15 01:47:36,Desktop,221.01,Abandoned,1,Sunday
USER_1234,2026-02-15 02:28:57,Desktop,90.08,Completed,2,Sunday
USER_1228,2026-02-15 03:01:28,Mobile,48.82,Abandoned,3,Sunday
USER_1411,2026-02-15 03:43:23,Mobile,69.56,Completed,3,Sunday
USER_1238,2026-02-15 05:06:17,Mobile,132.23,Completed,5,Sunday
USER_0217,2026-02-15 06:51:09,Desktop,30.81,Completed,6,Sunday
USER_1231,2026-02-15 07:55:33,Tablet,25.47,Completed,7,Sunday
USER_0937,2026-02-15 10:02:32,Mobile,71.09,Abandoned,10,Sunday
USER_0435,2026-02-15 10:55:52,Desktop,37.28,Completed,10,Sunday
USER_0918,2026-02-15 11:08:14,Mobile,54.730000000000004,Completed,11,Sunday
USER_0154,2026-02-15 11:08:45,Mobile,24.34,Abandoned,11,Sunday
USER_1194,2026-02-15 11:10:07,Mobile,44.59,Completed,11,Sunday
USER_0900,2026-02-15 11:18:03,Desktop,56.34,Completed,11,Sunday
USER_0560,2026-02-15 12:23:33,Mobile,57.44,Completed,12,Sunday
USER_0069,2026-02-15 12:43:37,Mobile,201.01,Abandoned,12,Sunday
USER_0102,2026-02-15 12:47:33,Mobile,47.71,Abandoned,12,Sunday
USER_0931,2026-02-15 14:20:25,Mobile,65.42,Abandoned,14,Sunday
USER_1393,2026-02-15 15:14:23,Mobile,18.98,Abandoned,15,Sunday
USER_1348,2026-02-15 15:23:59,Desktop,53.5,Completed,15,Sunday
USER_1428,2026-02-15 15:52:03,Mobile,54.730000000000004,Abandoned,15,Sunday
USER_0420,2026-02-15 16:32:06,Desktop,22.33,Completed,16,Sunday
USER_0680,2026-02-15 19:02:38,Mobile,29.75,Abandoned,19,Sunday
USER_1314,2026-02-15 22:16:18,Mobile,75.04,Abandoned,22,Sunday
USER_1137,2026-02-16 01:34:13,Mobile,38.28,Abandoned,1,Monday
USER_0525,2026-02-16 04:08:04,Mobile,51.08,Abandoned,4,Monday
USER_1209,2026-02-16 04:50:18,Mobile,77.6,Abandoned,4,Monday
USER_1214,2026-02-16 05:09:02,Mobile,205.2,Abandoned,5,Monday
USER_1144,2026-02-16 06:52:23,Desktop,47.27,Completed,6,Monday
USER_0620,2026-02-16 07:19:00,Desktop,172.43,Abandoned,7,Monday
USER_0691,2026-02-16 07:52:41,Mobile,15.28,Abandoned,7,Monday
USER_1500,2026-02-16 09:22:26,Mobile,60.13,Completed,9,Monday
USER_1475,2026-02-16 09:54:46,Mobile,43.94,Abandoned,9,Monday
USER_1197,2026-02-16 10:00:42,Mobile,38.63,Abandoned,10,Monday
USER_0579,2026-02-16 10:53:02,Mobile,54.730000000000004,Abandoned,10,Monday
USER_0661,2026-02-16 14:08:02,Desktop,47.49,Abandoned,14,Monday
USER_0190,2026-02-16 14:39:47,Mobile,14.64,Completed,14,Monday
USER_0577,2026-02-16 15:03:24,Mobile,19.44,Abandoned,15,Monday
USER_0958,2026-02-16 16:06:11,Mobile,87.3,Completed,16,Monday
USER_0208,2026-02-16 16:18:43,Unknown,18.84,Completed,16,Monday
USER_0038,2026-02-16 16:44:09,Desktop,88.83,Abandoned,16,Monday
USER_1171,2026-02-16 17:14:40,Mobile,59.21,Completed,17,Monday
USER_0915,2026-02-16 17:35:46,Mobile,48.88,Abandoned,17,Monday
USER_1131,2026-02-16 19:02:22,Desktop,51.78,Abandoned,19,Monday
USER_0696,2026-02-16 21:03:50,Unknown,76.29,Abandoned,21,Monday
USER_0998,2026-02-16 21:32:19,Desktop,25.4,Completed,21,Monday
USER_0455,2026-02-16 21:42:59,Unknown,56.12,Completed,21,Monday
USER_0534,2026-02-16 22:23:52,Mobile,26.03,Abandoned,22,Monday
USER_1032,2026-02-17 00:37:48,Desktop,60.73,Completed,0,Tuesday
USER_0061,2026-02-17 01:13:03,Mobile,83.11,Abandoned,1,Tuesday
USER_1414,2026-02-17 01:43:01,Mobile,60.82,Abandoned,1,Tuesday
USER_0900,2026-02-17 01:56:24,Mobile,81.09,Abandoned,1,Tuesday
USER_0750,2026-02-17 02:58:15,Mobile,34.64,Completed,2,Tuesday
USER_0940,2026-02-17 03:00:50,Desktop,52.44,Abandoned,3,Tuesday
USER_1025,2026-02-17 03:04:27,Desktop,46.77,Abandoned,3,Tuesday
USER_0082,2026-02-17 05:10:30,Tablet,44.82,Abandoned,5,Tuesday
USER_0086,2026-02-17 05:33:10,Desktop,32.45,Completed,5,Tuesday
USER_0105,2026-02-17 06:18:21,Mobile,41.24,Abandoned,6,Tuesday
USER_1453,2026-02-17 06:36:31,Mobile,26.49,Abandoned,6,Tuesday
USER_0250,2026-02-17 08:11:24,Mobile,54.730000000000004,Completed,8,Tuesday
USER_0116,2026-02-17 10:02:00,Mobile,34.62,Abandoned,10,Tuesday
USER_0816,2026-02-17 10:28:55,Mobile,54.730000000000004,Abandoned,10,Tuesday
USER_0746,2026-02-17 11:12:33,Tablet,63.57,Abandoned,11,Tuesday
USER_1292,2026-02-17 11:19:59,Mobile,24.12,Abandoned,11,Tuesday
USER_0683,2026-02-17 11:35:53,Mobile,41.93,Abandoned,11,Tuesday
USER_1012,2026-02-17 12:25:13,Mobile,85.64,Abandoned,12,Tuesday
USER_1339,2026-02-17 12:59:20,Desktop,40.79,Completed,12,Tuesday
USER_0791,2026-02-17 13:22:29,Desktop,21.72,Completed,13,Tuesday
USER_0749,2026-02-17 13:24:30,Desktop,236.86,Abandoned,13,Tuesday
USER_1497,2026-02-17 13:30:04,Mobile,48.98,Abandoned,13,Tuesday
USER_0141,2026-02-17 13:56:33,Desktop,25.63,Completed,13,Tuesday
USER_1477,2026-02-17 14:28:44,Mobile,61.03,Completed,14,Tuesday
USER_0685,2026-02-17 15:15:41,Desktop,51.64,Completed,15,Tuesday
USER_1500,2026-02-17 17:39:50,Mobile,20.05,Abandoned,17,Tuesday
USER_1463,2026-02-17 17:53:06,Mobile,58.01,Abandoned,17,Tuesday
USER_0968,2026-02-17 18:05:03,Mobile,103.49,Abandoned,18,Tuesday
USER_0574,2026-02-17 18:53:04,Desktop,46.93,Completed,18,Tuesday
USER_0630,2026-02-17 19:54:03,Mobile,14.31,Completed,19,Tuesday
USER_0329,2026-02-17 20:30:08,Desktop,54.730000000000004,Completed,20,Tuesday
USER_0480,2026-02-17 22:21:54,Mobile,80.79,Abandoned,22,Tuesday
USER_0362,2026-02-17 22:23:46,Mobile,37.29,Abandoned,22,Tuesday
USER_0596,2026-02-17 22:56:43,Mobile,37.47,Completed,22,Tuesday
USER_0369,2026-02-17 23:31:06,Mobile,236.89,Abandoned,23,Tuesday
USER_0450,2026-02-18 00:03:33,Mobile,35.59,Completed,0,Wednesday
USER_0932,2026-02-18 00:56:19,Mobile,26.33,Abandoned,0,Wednesday
USER_0580,2026-02-18 01:19:11,Desktop,55.5,Abandoned,1,Wednesday
USER_0902,2026-02-18 01:21:32,Mobile,79.33,Abandoned,1,Wednesday
USER_0508,2026-02-18 01:21:49,Tablet,77.18,Abandoned,1,Wednesday
USER_0714,2026-02-18 02:15:04,Desktop,10.98,Abandoned,2,Wednesday
USER_1300,2026-02-18 05:18:09,Desktop,35.54,Abandoned,5,Wednesday
USER_1327,2026-02-18 05:59:33,Mobile,115.51,Abandoned,5,Wednesday
USER_1024,2026-02-18 06:22:43,Mobile,67.51,Abandoned,6,Wednesday
USER_0450,2026-02-18 06:29:15,Mobile,24.45,Abandoned,6,Wednesday
USER_1003,2026-02-18 07:48:02,Unknown,122.43,Completed,7,Wednesday
USER_1206,2026-02-18 08:41:05,Desktop,102.23,Completed,8,Wednesday
USER_0173,2026-02-18 09:35:26,Mobile,45.02,Completed,9,Wednesday
USER_0484,2026-02-18 11:14:54,Mobile,96.7,Abandoned,11,Wednesday
USER_0113,2026-02-18 12:53:36,Desktop,200.31,Completed,12,Wednesday
USER_1392,2026-02-18 13:17:11,Mobile,27.51,Abandoned,13,Wednesday
USER_0096,2026-02-18 13:51:19,Desktop,78.34,Completed,13,Wednesday
USER_0628,2026-02-18 15:44:47,Mobile,198.51,Completed,15,Wednesday
USER_0837,2026-02-18 17:04:54,Desktop,83.47,Completed,17,Wednesday
USER_0459,2026-02-18 17:21:29,Mobile,33.44,Abandoned,17,Wednesday
USER_0128,2026-02-18 17:36:23,Mobile,63.77,Abandoned,17,Wednesday
USER_0670,2026-02-18 19:00:45,Desktop,133.01,Completed,19,Wednesday
USER_0029,2026-02-18 19:19:54,Tablet,28.21,Abandoned,19,Wednesday
USER_0100,2026-02-18 19:20:03,Mobile,53.54,Abandoned,19,Wednesday
USER_1378,2026-02-18 19:33:55,Mobile,46.61,Completed,19,Wednesday
USER_0385,2026-02-18 19:45:46,Desktop,36.22,Completed,19,Wednesday
USER_0646,2026-02-18 20:17:22,Tablet,63.88,Completed,20,Wednesday
USER_0171,2026-02-18 22:13:54,Desktop,51.14,Abandoned,22,Wednesday
USER_0431,2026-02-18 22:25:39,Tablet,82.94,Completed,22,Wednesday
USER_1455,2026-02-18 22:28:07,Mobile,114.62,Abandoned,22,Wednesday
USER_0969,2026-02-18 22:34:16,Mobile,23.87,Abandoned,22,Wednesday
USER_0549,2026-02-18 22:47:08,Desktop,57.05,Completed,22,Wednesday
USER_1242,2026-02-18 22:51:31,Desktop,52.74,Abandoned,22,Wednesday
USER_0211,2026-02-18 23:00:13,Mobile,62.32,Completed,23,Wednesday
USER_1242,2026-02-18 23:03:27,Mobile,54.05,Completed,23,Wednesday
USER_0263,2026-02-18 23:16:27,Desktop,28.86,Abandoned,23,Wednesday
USER_0963,2026-02-19 00:24:00,Mobile,140.55,Completed,0,Thursday
USER_1402,2026-02-19 00:44:18,Mobile,185.4,Abandoned,0,Thursday
USER_1500,2026-02-19 02:44:20,Mobile,77.9,Completed,2,Thursday
USER_0781,2026-02-19 02:49:40,Desktop,80.54,Abandoned,2,Thursday
USER_1490,2026-02-19 03:19:36,Desktop,59.45,Completed,3,Thursday
USER_1257,2026-02-19 03:24:31,Mobile,102.51,Abandoned,3,Thursday
USER_0190,2026-02-19 04:36:07,Desktop,11.16,Abandoned,4,Thursday
USER_0667,2026-02-19 08:01:51,Desktop,54.46,Completed,8,Thursday
USER_0848,2026-02-19 08:04:23,Mobile,37.63,Abandoned,8,Thursday
USER_1126,2026-02-19 08:14:32,Desktop,60.03,Completed,8,Thursday
USER_0848,2026-02-19 08:35:50,Mobile,111.08,Abandoned,8,Thursday
USER_0672,2026-02-19 09:06:39,Mobile,55.28,Abandoned,9,Thursday
USER_0759,2026-02-19 09:16:28,Mobile,43.19,Abandoned,9,Thursday
USER_0022,2026-02-19 10:48:33,Mobile,54.730000000000004,Abandoned,10,Thursday
USER_0686,2026-02-19 13:00:28,Mobile,50.85,Abandoned,13,Thursday
USER_0517,2026-02-19 13:54:24,Desktop,84.52,Completed,13,Thursday
USER_0573,2026-02-19 14:40:19,Desktop,31.6,Abandoned,14,Thursday
USER_0043,2026-02-19 14:56:22,Desktop,14.85,Completed,14,Thursday
USER_0645,2026-02-19 15:33:59,Mobile,239.43,Abandoned,15,Thursday
USER_0268,2026-02-19 15:47:27,Mobile,67.89,Abandoned,15,Thursday
USER_0881,2026-02-19 16:00:56,Mobile,47.27,Completed,16,Thursday
USER_0313,2026-02-19 17:38:04,Mobile,134.85,Abandoned,17,Thursday
USER_0828,2026-02-19 18:16:16,Mobile,59.86,Completed,18,Thursday
USER_0160,2026-02-19 18:18:09,Desktop,129.78,Abandoned,18,Thursday
USER_0096,2026-02-19 18:57:08,Tablet,122.75,Abandoned,18,Thursday
USER_1123,2026-02-19 19:27:57,Mobile,23.84,Completed,19,Thursday
USER_0833,2026-02-19 19:39:48,Mobile,73.63,Completed,19,Thursday
USER_0975,2026-02-19 20:01:05,Desktop,167.58,Abandoned,20,Thursday
USER_0966,2026-02-19 20:08:00,Mobile,28.53,Abandoned,20,Thursday
USER_0537,2026-02-19 20:38:30,Desktop,28.76,Completed,20,Thursday
USER_0465,2026-02-19 20:45:07,Desktop,32.1,Completed,20,Thursday
USER_0124,2026-02-19 22:14:56,Tablet,97.39,Completed,22,Thursday
USER_0668,2026-02-19 22:34:56,Mobile,65.68,Abandoned,22,Thursday
USER_0679,2026-02-19 23:14:53,Desktop,15.51,Completed,23,Thursday
USER_0111,2026-02-20 00:45:51,Mobile,68.14,Abandoned,0,Friday
USER_1307,2026-02-20 02:54:13,Desktop,46.35,Abandoned,2,Friday
USER_1398,2026-02-20 03:02:52,Mobile,50.76,Abandoned,3,Friday
USER_0771,2026-02-20 06:34:59,Mobile,31.69,Completed,6,Friday
USER_0693,2026-02-20 07:55:30,Mobile,68.47,Abandoned,7,Friday
USER_0921,2026-02-20 08:03:45,Mobile,108.07,Completed,8,Friday
USER_1181,2026-02-20 09:34:49,Desktop,35.97,Abandoned,9,Friday
USER_0950,2026-02-20 11:21:06,Desktop,18.29,Abandoned,11,Friday
USER_0910,2026-02-20 13:58:17,Desktop,44.83,Abandoned,13,Friday
USER_0578,2026-02-20 14:03:22,Mobile,89.26,Abandoned,14,Friday
USER_0296,2026-02-20 14:14:32,Desktop,41.53,Completed,14,Friday
USER_0621,2026-02-20 15:28:37,Mobile,20.63,Abandoned,15,Friday
USER_1250,2026-02-20 15:45:51,Desktop,89.67,Abandoned,15,Friday
USER_1440,2026-02-20 16:06:27,Tablet,137.0,Abandoned,16,Friday
USER_1473,2026-02-20 16:37:25,Mobile,55.31,Abandoned,16,Friday
USER_1258,2026-02-20 17:47:57,Desktop,19.23,Completed,17,Friday
USER_0225,2026-02-20 21:10:08,Mobile,44.41,Abandoned,21,Friday
USER_0837,2026-02-20 22:15:31,Mobile,60.25,Completed,22,Friday
USER_0802,2026-02-20 22:27:32,Mobile,32.26,Completed,22,Friday
USER_1013,2026-02-20 22:33:27,Mobile,79.77,Abandoned,22,Friday
USER_1121,2026-02-20 23:38:33,Desktop,30.27,Abandoned,23,Friday
USER_1110,2026-02-21 00:36:48,Mobile,55.52,Abandoned,0,Saturday
USER_1432,2026-02-21 01:17:34,Mobile,47.07,Abandoned,1,Saturday
USER_0631,2026-02-21 01:48:23,Unknown,54.730000000000004,Abandoned,1,Saturday
USER_0081,2026-02-21 02:06:51,Desktop,54.09,Abandoned,2,Saturday
USER_1463,2026-02-21 02:27:19,Tablet,48.05,Abandoned,2,Saturday
USER_0270,2026-02-21 02:35:43,Desktop,32.4,Abandoned,2,Saturday
USER_0443,2026-02-21 04:15:40,Desktop,55.85,Abandoned,4,Saturday
USER_1277,2026-02-21 04:34:48,Mobile,46.1,Abandoned,4,Saturday
USER_0469,2026-02-21 06:10:22,Mobile,31.01,Abandoned,6,Saturday
USER_0396,2026-02-21 06:44:35,Mobile,60.56,Abandoned,6,Saturday
USER_1032,2026-02-21 07:45:15,Mobile,69.17,Abandoned,7,Saturday
USER_0815,2026-02-21 09:52:51,Desktop,43.82,Completed,9,Saturday
USER_0700,2026-02-21 10:41:50,Mobile,100.03,Abandoned,10,Saturday
USER_0579,2026-02-21 11:22:01,Desktop,64.82,Completed,11,Saturday
USER_0624,2026-02-21 11:56:39,Mobile,23.7,Abandoned,11,Saturday
USER_1127,2026-02-21 13:08:42,Mobile,130.23,Completed,13,Saturday
USER_0885,2026-02-21 15:13:33,Mobile,89.89,Abandoned,15,Saturday
USER_0767,2026-02-21 15:19:55,Desktop,104.71,Completed,15,Saturday
USER_0794,2026-02-21 15:25:18,Desktop,70.83,Abandoned,15,Saturday
USER_0453,2026-02-21 16:27:49,Desktop,11.95,Abandoned,16,Saturday
USER_1284,2026-02-21 17:03:21,Mobile,111.07,Completed,17,Saturday
USER_0865,2026-02-21 17:20:52,Tablet,56.8,Completed,17,Saturday
USER_0763,2026-02-21 17:52:36,Mobile,68.69,Completed,17,Saturday
USER_0729,2026-02-21 18:14:49,Mobile,77.58,Abandoned,18,Saturday
USER_0841,2026-02-21 18:37:27,Tablet,192.21,Abandoned,18,Saturday
USER_0895,2026-02-21 19:00:43,Mobile,38.28,Abandoned,19,Saturday
USER_0164,2026-02-21 23:34:20,Desktop,54.730000000000004,Completed,23,Saturday
USER_0176,2026-02-22 00:34:53,Mobile,31.4,Abandoned,0,Sunday
USER_0582,2026-02-22 01:48:31,Desktop,27.24,Completed,1,Sunday
USER_0164,2026-02-22 02:05:28,Tablet,27.56,Abandoned,2,Sunday
USER_1381,2026-02-22 02:26:12,Mobile,16.38,Abandoned,2,Sunday
USER_0779,2026-02-22 05:40:07,Desktop,72.05,Abandoned,5,Sunday
USER_0533,2026-02-22 05:45:52,Mobile,54.730000000000004,Abandoned,5,Sunday
USER_1175,2026-02-22 05:55:53,Desktop,207.17,Abandoned,5,Sunday
USER_1312,2026-02-22 08:41:45,Mobile,31.37,Abandoned,8,Sunday
USER_1158,2026-02-22 10:19:03,Mobile,45.75,Abandoned,10,Sunday
USER_0758,2026-02-22 11:08:09,Mobile,121.71,Abandoned,11,Sunday
USER_0616,2026-02-22 11:25:10,Mobile,54.730000000000004,Abandoned,11,Sunday
USER_1383,2026-02-22 12:24:14,Tablet,59.59,Abandoned,12,Sunday
USER_0393,2026-02-22 14:19:00,Mobile,46.21,Abandoned,14,Sunday
USER_1312,2026-02-22 15:02:05,Mobile,117.44,Abandoned,15,Sunday
USER_1493,2026-02-22 15:20:03,Mobile,27.18,Abandoned,15,Sunday
USER_0665,2026-02-22 16:35:38,Mobile,74.63,Completed,16,Sunday
USER_1360,2026-02-22 17:11:44,Desktop,68.32,Completed,17,Sunday
USER_0007,2026-02-22 19:32:47,Tablet,56.16,Completed,19,Sunday
USER_0374,2026-02-22 19:40:53,Mobile,91.11,Completed,19,Sunday
USER_0753,2026-02-22 19:44:30,Desktop,55.81,Completed,19,Sunday
USER_1197,2026-02-22 21:04:32,Desktop,38.57,Abandoned,21,Sunday
USER_1286,2026-02-22 21:12:26,Mobile,57.98,Abandoned,21,Sunday
USER_0540,2026-02-22 22:32:37,Desktop,19.4,Completed,22,Sunday
USER_0574,2026-02-23 01:41:55,Mobile,81.31,Abandoned,1,Monday
USER_1126,2026-02-23 02:49:29,Desktop,96.0,Completed,2,Monday
USER_0492,2026-02-23 02:56:04,Desktop,35.63,Completed,2,Monday
USER_0199,2026-02-23 03:12:03,Mobile,30.53,Abandoned,3,Monday
USER_0749,2026-02-23 03:34:47,Tablet,36.49,Abandoned,3,Monday
USER_1382,2026-02-23 06:08:38,Desktop,54.730000000000004,Abandoned,6,Monday
USER_0872,2026-02-23 06:15:31,Mobile,54.730000000000004,Abandoned,6,Monday
USER_0405,2026-02-23 06:30:06,Desktop,156.03,Abandoned,6,Monday
USER_0471,2026-02-23 07:56:05,Mobile,143.73,Abandoned,7,Monday
USER_0499,2026-02-23 09:56:05,Tablet,93.74,Abandoned,9,Monday
USER_0581,2026-02-23 10:16:07,Desktop,59.08,Abandoned,10,Monday
USER_1382,2026-02-23 10:40:31,Mobile,29.89,Abandoned,10,Monday
USER_0712,2026-02-23 12:09:02,Mobile,162.68,Abandoned,12,Monday
USER_0819,2026-02-23 13:00:43,Desktop,46.48,Completed,13,Monday
USER_0613,2026-02-23 13:44:16,Mobile,65.56,Abandoned,13,Monday
USER_0914,2026-02-23 15:54:00,Mobile,82.09,Abandoned,15,Monday
USER_0798,2026-02-23 16:09:30,Mobile,56.83,Completed,16,Monday
USER_0397,2026-02-23 16:24:06,Mobile,115.38,Abandoned,16,Monday
USER_1333,2026-02-23 16:37:02,Mobile,73.41,Abandoned,16,Monday
USER_1276,2026-02-23 17:38:01,Mobile,103.82,Completed,17,Monday
USER_0635,2026-02-23 18:01:08,Mobile,73.02,Abandoned,18,Monday
USER_1446,2026-02-23 18:01:21,Desktop,53.27,Completed,18,Monday
USER_1490,2026-02-23 18:21:29,Mobile,57.3,Abandoned,18,Monday
USER_0412,2026-02-23 19:41:40,Mobile,52.43,Completed,19,Monday
USER_0744,2026-02-23 20:15:24,Mobile,23.69,Completed,20,Monday
USER_0340,2026-02-23 22:02:55,Unknown,28.49,Completed,22,Monday
USER_0555,2026-02-23 22:28:30,Mobile,88.35,Abandoned,22,Monday
USER_0435,2026-02-24 00:33:12,Mobile,24.08,Completed,0,Tuesday
USER_0930,2026-02-24 00:43:43,Mobile,41.98,Completed,0,Tuesday
USER_0235,2026-02-24 02:13:04,Desktop,27.59,Completed,2,Tuesday
USER_0754,2026-02-24 02:21:11,Desktop,40.55,Abandoned,2,Tuesday
USER_0994,2026-02-24 02:55:03,Desktop,54.730000000000004,Completed,2,Tuesday
USER_0690,2026-02-24 04:37:31,Desktop,41.93,Abandoned,4,Tuesday
USER_0654,2026-02-24 05:06:53,Desktop,21.58,Abandoned,5,Tuesday
USER_1382,2026-02-24 05:39:02,Mobile,48.4,Abandoned,5,Tuesday
USER_1424,2026-02-24 06:32:13,Desktop,29.27,Abandoned,6,Tuesday
USER_1121,2026-02-24 08:01:45,Mobile,36.1,Completed,8,Tuesday
USER_0592,2026-02-24 08:26:35,Desktop,88.35,Completed,8,Tuesday
USER_0795,2026-02-24 11:26:37,Unknown,101.6,Abandoned,11,Tuesday
USER_1431,2026-02-24 12:15:51,Mobile,23.29,Completed,12,Tuesday
USER_0306,2026-02-24 12:53:57,Mobile,151.36,Completed,12,Tuesday
USER_0653,2026-02-24 13:13:19,Mobile,39.19,Abandoned,13,Tuesday
USER_0700,2026-02-24 13:23:17,Desktop,36.94,Completed,13,Tuesday
USER_0130,2026-02-24 13:33:06,Desktop,30.58,Abandoned,13,Tuesday
USER_0936,2026-02-24 13:54:57,Desktop,56.62,Completed,13,Tuesday
USER_0363,2026-02-24 14:48:32,Mobile,54.730000000000004,Abandoned,14,Tuesday
USER_1041,2026-02-24 15:07:38,Unknown,20.07,Completed,15,Tuesday
USER_1203,2026-02-24 15:45:40,Desktop,14.34,Abandoned,15,Tuesday
USER_0846,2026-02-24 19:01:11,Desktop,65.01,Completed,19,Tuesday
USER_1318,2026-02-24 19:25:24,Mobile,79.05,Completed,19,Tuesday
USER_0915,2026-02-24 20:17:17,Mobile,56.5,Abandoned,20,Tuesday
USER_0105,2026-02-24 23:03:04,Desktop,80.42,Completed,23,Tuesday
USER_0208,2026-02-25 00:21:32,Desktop,26.17,Completed,0,Wednesday
USER_0881,2026-02-25 00:32:34,Tablet,29.54,Abandoned,0,Wednesday
USER_0817,2026-02-25 02:51:55,Mobile,59.18,Abandoned,2,Wednesday
USER_0315,2026-02-25 04:27:06,Mobile,54.730000000000004,Abandoned,4,Wednesday
USER_0473,2026-02-25 05:49:05,Tablet,78.61,Abandoned,5,Wednesday
USER_0012,2026-02-25 06:37:13,Mobile,81.02,Abandoned,6,Wednesday
USER_0831,2026-02-25 06:46:55,Desktop,27.17,Completed,6,Wednesday
USER_0063,2026-02-25 07:03:41,Mobile,71.85,Completed,7,Wednesday
USER_1097,2026-02-25 07:10:30,Mobile,25.32,Abandoned,7,Wednesday
USER_1472,2026-02-25 07:29:32,Desktop,172.27,Abandoned,7,Wednesday
USER_0361,2026-02-25 08:25:37,Desktop,28.28,Abandoned,8,Wednesday
USER_1229,2026-02-25 09:09:33,Mobile,32.53,Completed,9,Wednesday
USER_0723,2026-02-25 10:01:49,Mobile,20.96,Completed,10,Wednesday
USER_1338,2026-02-25 10:38:07,Desktop,57.73,Completed,10,Wednesday
USER_0098,2026-02-25 10:52:06,Unknown,56.17,Completed,10,Wednesday
USER_1261,2026-02-25 10:52:44,Desktop,146.0,Completed,10,Wednesday
USER_0593,2026-02-25 11:04:42,Mobile,90.44,Completed,11,Wednesday
USER_0651,2026-02-25 12:10:17,Unknown,32.66,Abandoned,12,Wednesday
USER_0662,2026-02-25 12:45:27,Tablet,96.32,Abandoned,12,Wednesday
USER_0748,2026-02-25 13:10:12,Desktop,54.730000000000004,Completed,13,Wednesday
USER_1384,2026-02-25 13:43:56,Mobile,34.23,Abandoned,13,Wednesday
USER_0157,2026-02-25 14:05:38,Desktop,58.97,Completed,14,Wednesday
USER_0465,2026-02-25 14:25:58,Mobile,26.16,Abandoned,14,Wednesday
USER_1464,2026-02-25 14:43:48,Unknown,109.07,Abandoned,14,Wednesday
USER_1021,2026-02-25 16:34:31,Tablet,240.22,Abandoned,16,Wednesday
USER_0679,2026-02-25 17:24:07,Desktop,45.09,Abandoned,17,Wednesday
USER_0909,2026-02-25 18:18:31,Unknown,35.74,Completed,18,Wednesday
USER_0658,2026-02-25 19:34:15,Mobile,50.19,Completed,19,Wednesday
USER_1227,2026-02-25 19:50:16,Mobile,38.0,Completed,19,Wednesday
USER_1217,2026-02-25 23:22:41,Mobile,64.72,Completed,23,Wednesday
USER_1142,2026-02-25 23:45:02,Desktop,23.11,Completed,23,Wednesday
USER_0613,2026-02-26 00:32:29,Desktop,54.730000000000004,Completed,0,Thursday
USER_0330,2026-02-26 01:04:16,Mobile,189.19,Abandoned,1,Thursday
USER_0054,2026-02-26 03:06:57,Desktop,14.86,Abandoned,3,Thursday
USER_0228,2026-02-26 03:27:05,Mobile,25.54,Abandoned,3,Thursday
USER_0985,2026-02-26 04:28:07,Mobile,40.88,Completed,4,Thursday
USER_1356,2026-02-26 05:00:36,Mobile,77.65,Abandoned,5,Thursday
USER_0390,2026-02-26 05:42:19,Mobile,97.39,Completed,5,Thursday
USER_0672,2026-02-26 05:49:42,Mobile,92.43,Abandoned,5,Thursday
USER_0796,2026-02-26 05:53:53,Tablet,54.730000000000004,Completed,5,Thursday
USER_0132,2026-02-26 06:05:45,Mobile,35.22,Abandoned,6,Thursday
USER_0968,2026-02-26 06:21:22,Tablet,30.41,Abandoned,6,Thursday
USER_0522,2026-02-26 08:33:56,Mobile,52.33,Completed,8,Thursday
USER_0707,2026-02-26 09:36:54,Tablet,55.25,Abandoned,9,Thursday
USER_0748,2026-02-26 10:13:37,Desktop,22.42,Abandoned,10,Thursday
USER_0084,2026-02-26 10:38:11,Tablet,41.03,Abandoned,10,Thursday
USER_0401,2026-02-26 11:29:57,Mobile,79.63,Abandoned,11,Thursday
USER_1254,2026-02-26 11:58:59,Desktop,36.29,Abandoned,11,Thursday
USER_0130,2026-02-26 12:44:59,Tablet,47.94,Completed,12,Thursday
USER_0613,2026-02-26 15:02:51,Mobile,164.51,Abandoned,15,Thursday
USER_0608,2026-02-26 15:55:37,Mobile,199.04,Abandoned,15,Thursday
USER_1321,2026-02-26 16:35:07,Mobile,13.4,Abandoned,16,Thursday
USER_0802,2026-02-26 17:11:58,Tablet,58.79,Completed,17,Thursday
USER_0218,2026-02-26 20:11:17,Mobile,363.61,Completed,20,Thursday
USER_1396,2026-02-26 20:31:41,Mobile,74.53,Abandoned,20,Thursday
USER_0820,2026-02-26 21:00:05,Mobile,55.26,Abandoned,21,Thursday
USER_1018,2026-02-26 21:01:22,Mobile,128.16,Abandoned,21,Thursday
USER_1161,2026-02-26 21:02:30,Desktop,62.91,Completed,21,Thursday
USER_0440,2026-02-26 23:52:54,Mobile,86.57,Completed,23,Thursday
USER_0320,2026-02-27 00:30:22,Desktop,47.62,Completed,0,Friday
USER_0537,2026-02-27 01:01:16,Tablet,62.32,Abandoned,1,Friday
USER_0800,2026-02-27 01:17:06,Mobile,72.05,Abandoned,1,Friday
USER_0847,2026-02-27 02:00:48,Desktop,95.83,Abandoned,2,Friday
USER_0683,2026-02-27 02:39:09,Mobile,41.24,Abandoned,2,Friday
USER_1027,2026-02-27 02:49:50,Desktop,40.52,Completed,2,Friday
USER_1209,2026-02-27 02:56:11,Mobile,15.6,Abandoned,2,Friday
USER_0578,2026-02-27 04:19:19,Desktop,42.45,Completed,4,Friday
USER_1426,2026-02-27 04:36:52,Mobile,101.44,Abandoned,4,Friday
USER_0548,2026-02-27 05:05:14,Mobile,73.78,Completed,5,Friday
USER_0907,2026-02-27 08:03:19,Unknown,28.56,Abandoned,8,Friday
USER_0040,2026-02-27 09:48:44,Mobile,15.84,Completed,9,Friday
USER_1235,2026-02-27 10:06:12,Desktop,49.77,Completed,10,Friday
USER_0705,2026-02-27 10:18:34,Mobile,99.53,Completed,10,Friday
USER_0067,2026-02-27 11:09:08,Desktop,39.99,Completed,11,Friday
USER_1486,2026-02-27 14:04:27,Mobile,21.34,Completed,14,Friday
USER_1066,2026-02-27 14:22:43,Unknown,37.22,Completed,14,Friday
USER_0167,2026-02-27 14:27:00,Mobile,67.49,Abandoned,14,Friday
USER_0816,2026-02-27 15:24:09,Mobile,122.44,Completed,15,Friday
USER_0075,2026-02-27 16:05:32,Mobile,46.21,Completed,16,Friday
USER_1205,2026-02-27 21:05:38,Desktop,108.38,Completed,21,Friday
USER_0594,2026-02-27 21:25:45,Mobile,100.85,Abandoned,21,Friday
USER_1338,2026-02-27 21:40:28,Desktop,25.41,Abandoned,21,Friday
USER_0226,2026-02-27 22:20:31,Desktop,123.1,Completed,22,Friday
USER_1167,2026-02-27 23:42:48,Mobile,66.14,Completed,23,Friday
USER_0173,2026-02-27 23:56:42,Desktop,24.92,Abandoned,23,Friday
USER_0196,2026-02-28 00:47:29,Mobile,171.49,Abandoned,0,Saturday
USER_0761,2026-02-28 02:59:43,Mobile,50.32,Abandoned,2,Saturday
USER_1012,2026-02-28 03:19:58,Desktop,15.44,Abandoned,3,Saturday
USER_0864,2026-02-28 03:43:12,Desktop,34.5,Abandoned,3,Saturday
USER_1429,2026-02-28 04:47:07,Desktop,29.4,Abandoned,4,Saturday
USER_1064,2026-02-28 05:09:52,Mobile,35.05,Completed,5,Saturday
USER_0413,2026-02-28 05:59:53,Mobile,40.88,Abandoned,5,Saturday
USER_1105,2026-02-28 07:34:20,Unknown,46.19,Abandoned,7,Saturday
USER_1337,2026-02-28 09:11:56,Desktop,45.07,Completed,9,Saturday
USER_0834,2026-02-28 09:20:29,Mobile,54.730000000000004,Completed,9,Saturday
USER_0547,2026-02-28 10:18:56,Desktop,79.98,Completed,10,Saturday
USER_0321,2026-02-28 10:37:05,Mobile,33.61,Abandoned,10,Saturday
USER_0395,2026-02-28 10:47:38,Mobile,117.64,Completed,10,Saturday
USER_0195,2026-02-28 11:18:41,Mobile,24.62,Abandoned,11,Saturday
USER_1399,2026-02-28 11:38:47,Mobile,81.44,Completed,11,Saturday
USER_1208,2026-02-28 11:52:09,Mobile,158.88,Abandoned,11,Saturday
USER_0920,2026-02-28 12:22:49,Desktop,48.65,Abandoned,12,Saturday
USER_1446,2026-02-28 13:46:35,Desktop,61.91,Completed,13,Saturday
USER_1109,2026-02-28 14:16:21,Mobile,29.1,Abandoned,14,Saturday
USER_0715,2026-02-28 15:20:47,Mobile,39.15,Completed,15,Saturday
USER_0495,2026-02-28 16:22:01,Mobile,151.26,Abandoned,16,Saturday
USER_0817,2026-02-28 19:18:12,Desktop,88.81,Completed,19,Saturday
USER_0196,2026-02-28 19:31:42,Mobile,71.67,Abandoned,19,Saturday
USER_1350,2026-02-28 21:28:59,Tablet,15.49,Abandoned,21,Saturday
USER_0341,2026-02-28 22:49:48,Mobile,34.27,Completed,22,Saturday
USER_0362,2026-02-28 23:27:50,Mobile,169.08,Completed,23,Saturday
USER_1131,2026-02-28 23:59:39,Tablet,71.31,Completed,23,Saturday
USER_0456,2026-03-01 00:21:47,Mobile,77.33,Abandoned,0,Sunday
USER_0583,2026-03-01 00:58:38,Desktop,61.0,Abandoned,0,Sunday
USER_0672,2026-03-01 01:19:27,Mobile,36.66,Abandoned,1,Sunday
USER_1125,2026-03-01 01:48:58,Mobile,67.77,Abandoned,1,Sunday
USER_0040,2026-03-01 01:54:19,Mobile,20.19,Abandoned,1,Sunday
USER_0564,2026-03-01 02:49:02,Desktop,19.23,Completed,2,Sunday
USER_1444,2026-03-01 03:05:28,Desktop,33.85,Abandoned,3,Sunday
USER_0467,2026-03-01 05:09:36,Mobile,61.86,Abandoned,5,Sunday
USER_0233,2026-03-01 05:53:25,Tablet,19.68,Abandoned,5,Sunday
USER_0980,2026-03-01 06:40:32,Mobile,59.3,Abandoned,6,Sunday
USER_1318,2026-03-01 06:49:54,Mobile,54.730000000000004,Completed,6,Sunday
USER_1378,2026-03-01 07:28:44,Mobile,54.730000000000004,Abandoned,7,Sunday
USER_0476,2026-03-01 07:50:19,Mobile,127.07,Abandoned,7,Sunday
USER_1317,2026-03-01 08:15:19,Unknown,55.94,Abandoned,8,Sunday
USER_0869,2026-03-01 09:06:58,Tablet,30.34,Completed,9,Sunday
USER_0165,2026-03-01 09:48:48,Mobile,61.65,Completed,9,Sunday
USER_1374,2026-03-01 10:17:19,Mobile,21.0,Completed,10,Sunday
USER_1424,2026-03-01 13:51:41,Mobile,70.0,Abandoned,13,Sunday
USER_0944,2026-03-01 15:07:10,Desktop,112.14,Completed,15,Sunday
USER_1395,2026-03-01 16:25:58,Desktop,83.94,Completed,16,Sunday
USER_0089,2026-03-01 16:56:10,Mobile,221.96,Completed,16,Sunday
USER_1087,2026-03-01 17:45:45,Mobile,15.49,Completed,17,Sunday
USER_1459,2026-03-01 19:22:53,Mobile,59.3,Completed,19,Sunday
USER_0903,2026-03-01 19:43:58,Mobile,22.8,Abandoned,19,Sunday
USER_1394,2026-03-01 20:11:50,Mobile,48.78,Completed,20,Sunday
USER_1188,2026-03-01 20:23:08,Mobile,54.65,Completed,20,Sunday
USER_1416,2026-03-01 20:54:46,Mobile,240.3,Completed,20,Sunday
USER_1137,2026-03-01 21:03:15,Mobile,52.52,Abandoned,21,Sunday
USER_1361,2026-03-01 22:30:52,Mobile,51.88,Abandoned,22,Sunday
USER_1016,2026-03-01 23:05:03,Tablet,104.94,Completed,23,Sunday
USER_0277,2026-03-01 23:25:30,Tablet,52.76,Abandoned,23,Sunday
USER_1128,2026-03-01 23:53:04,Desktop,179.51,Completed,23,Sunday
USER_0560,2026-03-02 00:22:36,Mobile,84.38,Completed,0,Monday
USER_0296,2026-03-02 01:19:17,Mobile,93.55,Abandoned,1,Monday
USER_0040,2026-03-02 02:39:55,Mobile,16.22,Abandoned,2,Monday
USER_0925,2026-03-02 03:54:14,Desktop,198.42,Abandoned,3,Monday
USER_0725,2026-03-02 03:57:25,Mobile,35.63,Abandoned,3,Monday
USER_1192,2026-03-02 04:54:42,Desktop,54.25,Completed,4,Monday
USER_1199,2026-03-02 06:26:28,Tablet,35.72,Abandoned,6,Monday
USER_0172,2026-03-02 07:13:15,Mobile,28.06,Abandoned,7,Monday
USER_0821,2026-03-02 07:26:06,Desktop,24.99,Completed,7,Monday
USER_0485,2026-03-02 07:52:40,Mobile,58.39,Completed,7,Monday
USER_0389,2026-03-02 08:30:36,Mobile,54.730000000000004,Abandoned,8,Monday
USER_0763,2026-03-02 09:06:53,Mobile,46.63,Completed,9,Monday
USER_1250,2026-03-02 09:52:54,Mobile,108.59,Completed,9,Monday
USER_0293,2026-03-02 11:12:49,Desktop,82.33,Completed,11,Monday
USER_1249,2026-03-02 12:05:28,Mobile,72.32,Abandoned,12,Monday
USER_1377,2026-03-02 12:05:41,Mobile,30.51,Completed,12,Monday
USER_0664,2026-03-02 12:18:18,Desktop,19.47,Abandoned,12,Monday
USER_0261,2026-03-02 13:23:10,Desktop,107.47,Abandoned,13,Monday
USER_0640,2026-03-02 13:30:51,Mobile,40.78,Abandoned,13,Monday
USER_0391,2026-03-02 14:34:01,Desktop,51.73,Completed,14,Monday
USER_0541,2026-03-02 16:07:09,Desktop,48.02,Completed,16,Monday
USER_1149,2026-03-02 16:07:22,Mobile,84.53,Abandoned,16,Monday
USER_0248,2026-03-02 16:32:14,Mobile,180.94,Abandoned,16,Monday
USER_1465,2026-03-02 16:36:02,Mobile,141.25,Abandoned,16,Monday
USER_0877,2026-03-02 16:52:41,Desktop,11.99,Completed,16,Monday
USER_0634,2026-03-02 16:53:06,Desktop,44.68,Completed,16,Monday
USER_0111,2026-03-02 17:56:15,Desktop,22.75,Completed,17,Monday
USER_1169,2026-03-02 19:06:47,Mobile,100.48,Completed,19,Monday
USER_1127,2026-03-02 19:26:14,Mobile,54.74,Completed,19,Monday
USER_0493,2026-03-02 19:30:30,Mobile,80.96,Completed,19,Monday
USER_0887,2026-03-02 20:23:06,Mobile,42.26,Completed,20,Monday
USER_0488,2026-03-02 22:21:22,Desktop,27.78,Abandoned,22,Monday
USER_1360,2026-03-02 23:12:08,Desktop,31.05,Completed,23,Monday
USER_1123,2026-03-02 23:36:01,Mobile,20.16,Completed,23,Monday
USER_1086,2026-03-03 00:18:33,Mobile,24.01,Abandoned,0,Tuesday
USER_0206,2026-03-03 00:23:30,Mobile,20.94,Completed,0,Tuesday
USER_0951,2026-03-03 01:30:20,Mobile,27.85,Completed,1,Tuesday
USER_0456,2026-03-03 01:46:16,Mobile,26.84,Completed,1,Tuesday
USER_0899,2026-03-03 03:20:33,Mobile,70.54,Completed,3,Tuesday
USER_0707,2026-03-03 03:37:02,Mobile,68.76,Abandoned,3,Tuesday
USER_0825,2026-03-03 06:22:28,Mobile,70.49,Abandoned,6,Tuesday
USER_0427,2026-03-03 07:29:00,Mobile,117.18,Abandoned,7,Tuesday
USER_0785,2026-03-03 08:15:01,Mobile,51.89,Abandoned,8,Tuesday
USER_1405,2026-03-03 11:41:10,Desktop,32.87,Completed,11,Tuesday
USER_0351,2026-03-03 11:54:40,Mobile,229.85,Completed,11,Tuesday
USER_1054,2026-03-03 14:31:15,Tablet,98.36,Completed,14,Tuesday
USER_1301,2026-03-03 15:07:32,Mobile,60.28,Completed,15,Tuesday
USER_1059,2026-03-03 18:59:04,Mobile,57.62,Abandoned,18,Tuesday
USER_1180,2026-03-03 19:02:18,Mobile,65.91,Completed,19,Tuesday
USER_0426,2026-03-03 20:55:08,Mobile,47.88,Abandoned,20,Tuesday
USER_0515,2026-03-03 21:16:46,Desktop,59.34,Completed,21,Tuesday
USER_0698,2026-03-03 23:02:49,Mobile,75.54,Abandoned,23,Tuesday
USER_0561,2026-03-03 23:19:02,Tablet,34.05,Completed,23,Tuesday
USER_1379,2026-03-03 23:29:53,Desktop,18.87,Completed,23,Tuesday
USER_1155,2026-03-04 00:31:39,Mobile,14.17,Completed,0,Wednesday
USER_1148,2026-03-04 00:44:22,Mobile,97.24,Abandoned,0,Wednesday
USER_0101,2026-03-04 01:59:58,Desktop,19.51,Abandoned,1,Wednesday
USER_1453,2026-03-04 03:28:57,Mobile,73.88,Abandoned,3,Wednesday
USER_0383,2026-03-04 03:38:39,Desktop,25.78,Abandoned,3,Wednesday
USER_1366,2026-03-04 06:48:19,Mobile,26.05,Completed,6,Wednesday
USER_0284,2026-03-04 08:05:09,Mobile,34.23,Abandoned,8,Wednesday
USER_1018,2026-03-04 08:24:19,Mobile,61.94,Completed,8,Wednesday
USER_0896,2026-03-04 11:40:56,Mobile,23.63,Completed,11,Wednesday
USER_1022,2026-03-04 14:24:07,Desktop,36.56,Completed,14,Wednesday
USER_0709,2026-03-04 14:26:32,Mobile,54.730000000000004,Abandoned,14,Wednesday
USER_1210,2026-03-04 15:25:19,Desktop,24.86,Completed,15,Wednesday
USER_0618,2026-03-04 15:57:09,Mobile,138.15,Abandoned,15,Wednesday
USER_1004,2026-03-04 17:54:11,Mobile,17.82,Abandoned,17,Wednesday
USER_1397,2026-03-04 18:16:09,Mobile,47.38,Abandoned,18,Wednesday
USER_0026,2026-03-04 22:08:46,Mobile,124.85,Completed,22,Wednesday
USER_0354,2026-03-04 23:23:59,Mobile,23.08,Abandoned,23,Wednesday
USER_0414,2026-03-05 00:20:08,Unknown,50.84,Abandoned,0,Thursday
USER_0503,2026-03-05 00:54:01,Desktop,59.52,Abandoned,0,Thursday
USER_0917,2026-03-05 01:11:23,Mobile,32.32,Abandoned,1,Thursday
USER_1246,2026-03-05 01:30:08,Mobile,51.92,Abandoned,1,Thursday
USER_0202,2026-03-05 01:46:44,Desktop,78.64,Completed,1,Thursday
USER_0174,2026-03-05 03:20:49,Desktop,40.3,Completed,3,Thursday
USER_0662,2026-03-05 03:24:43,Mobile,89.73,Completed,3,Thursday
USER_1263,2026-03-05 04:31:41,Mobile,54.730000000000004,Abandoned,4,Thursday
USER_0460,2026-03-05 04:46:28,Desktop,54.730000000000004,Completed,4,Thursday
USER_0102,2026-03-05 05:23:30,Desktop,113.62,Completed,5,Thursday
USER_0353,2026-03-05 06:11:53,Mobile,33.73,Abandoned,6,Thursday
USER_0845,2026-03-05 08:27:40,Mobile,95.23,Abandoned,8,Thursday
USER_0147,2026-03-05 08:35:06,Desktop,34.13,Completed,8,Thursday
USER_1237,2026-03-05 09:37:15,Mobile,44.46,Completed,9,Thursday
USER_0838,2026-03-05 09:54:38,Tablet,49.12,Completed,9,Thursday
USER_0348,2026-03-05 10:19:14,Mobile,68.04,Completed,10,Thursday
USER_1080,2026-03-05 12:53:32,Desktop,11.37,Completed,12,Thursday
USER_1478,2026-03-05 13:49:12,Mobile,73.53,Abandoned,13,Thursday
USER_1288,2026-03-05 14:33:12,Mobile,54.730000000000004,Completed,14,Thursday
USER_0993,2026-03-05 15:12:43,Desktop,65.74,Abandoned,15,Thursday
USER_0421,2026-03-05 18:19:25,Mobile,75.69,Abandoned,18,Thursday
USER_1342,2026-03-05 20:02:08,Unknown,54.730000000000004,Completed,20,Thursday
USER_0496,2026-03-05 20:27:05,Mobile,14.81,Completed,20,Thursday
USER_0798,2026-03-05 21:44:12,Mobile,27.39,Abandoned,21,Thursday
USER_1338,2026-03-05 23:59:14,Mobile,67.78,Abandoned,23,Thursday
USER_0726,2026-03-06 00:24:12,Desktop,62.17,Abandoned,0,Friday
USER_1253,2026-03-06 01:10:31,Mobile,32.68,Abandoned,1,Friday
USER_1479,2026-03-06 01:20:48,Mobile,54.730000000000004,Completed,1,Friday
USER_1442,2026-03-06 02:36:44,Mobile,46.22,Completed,2,Friday
USER_0148,2026-03-06 04:41:50,Desktop,97.1,Completed,4,Friday
USER_0786,2026-03-06 04:44:46,Desktop,119.88,Completed,4,Friday
USER_0981,2026-03-06 05:49:20,Mobile,65.42,Abandoned,5,Friday
USER_1301,2026-03-06 06:23:32,Mobile,78.34,Abandoned,6,Friday
USER_0574,2026-03-06 07:50:21,Tablet,36.76,Abandoned,7,Friday
USER_0222,2026-03-06 08:27:48,Mobile,97.51,Completed,8,Friday
USER_1055,2026-03-06 09:10:32,Desktop,62.91,Completed,9,Friday
USER_0175,2026-03-06 10:27:28,Desktop,54.730000000000004,Completed,10,Friday
USER_0008,2026-03-06 10:40:17,Desktop,24.72,Abandoned,10,Friday
USER_0854,2026-03-06 11:04:11,Mobile,39.82,Abandoned,11,Friday
USER_1046,2026-03-06 11:14:50,Desktop,26.54,Completed,11,Friday
USER_1086,2026-03-06 11:26:11,Desktop,89.57,Abandoned,11,Friday
USER_1009,2026-03-06 12:33:27,Desktop,120.7,Completed,12,Friday
USER_0790,2026-03-06 12:44:37,Mobile,99.05,Abandoned,12,Friday
USER_0934,2026-03-06 14:07:07,Mobile,274.76,Abandoned,14,Friday
USER_0816,2026-03-06 14:08:29,Unknown,40.48,Completed,14,Friday
USER_0828,2026-03-06 14:13:35,Mobile,80.46,Abandoned,14,Friday
USER_0721,2026-03-06 14:24:32,Desktop,25.33,Completed,14,Friday
USER_0589,2026-03-06 14:37:46,Mobile,48.03,Completed,14,Friday
USER_0188,2026-03-06 14:52:41,Mobile,20.9,Abandoned,14,Friday
USER_0177,2026-03-06 14:54:41,Mobile,78.99,Completed,14,Friday
USER_1468,2026-03-06 15:16:21,Desktop,43.33,Completed,15,Friday
USER_0292,2026-03-06 15:55:56,Tablet,14.36,Abandoned,15,Friday
USER_1295,2026-03-06 16:09:17,Unknown,34.98,Completed,16,Friday
USER_1151,2026-03-06 16:50:40,Mobile,175.13,Abandoned,16,Friday
USER_1181,2026-03-06 18:11:35,Mobile,71.29,Abandoned,18,Friday
USER_0504,2026-03-06 20:41:05,Desktop,90.01,Completed,20,Friday
USER_0302,2026-03-06 20:44:57,Desktop,59.24,Completed,20,Friday
USER_0162,2026-03-06 21:37:03,Tablet,48.52,Completed,21,Friday
USER_1369,2026-03-06 22:06:50,Mobile,55.15,Completed,22,Friday
USER_0401,2026-03-06 23:57:09,Tablet,64.04,Abandoned,23,Friday
USER_1467,2026-03-07 01:18:44,Mobile,26.77,Abandoned,1,Saturday
USER_0436,2026-03-07 03:29:33,Desktop,89.66,Abandoned,3,Saturday
USER_1314,2026-03-07 04:13:33,Mobile,113.2,Abandoned,4,Saturday
USER_0629,2026-03-07 06:17:43,Desktop,48.05,Completed,6,Saturday
USER_1219,2026-03-07 07:44:53,Mobile,38.86,Completed,7,Saturday
USER_1168,2026-03-07 07:50:19,Desktop,33.71,Abandoned,7,Saturday
USER_1341,2026-03-07 10:09:15,Desktop,171.31,Completed,10,Saturday
USER_0612,2026-03-07 11:49:25,Mobile,40.69,Completed,11,Saturday
USER_0628,2026-03-07 16:05:38,Mobile,83.48,Abandoned,16,Saturday
USER_0444,2026-03-07 17:38:07,Desktop,48.27,Completed,17,Saturday
USER_1305,2026-03-07 18:17:48,Mobile,46.6,Completed,18,Saturday
USER_0727,2026-03-07 18:51:00,Mobile,33.21,Abandoned,18,Saturday
USER_0500,2026-03-07 19:20:45,Mobile,29.06,Abandoned,19,Saturday
USER_0001,2026-03-07 19:32:01,Desktop,88.32,Completed,19,Saturday
USER_0613,2026-03-07 20:08:25,Mobile,28.63,Abandoned,20,Saturday
USER_0443,2026-03-07 21:23:34,Mobile,73.75,Abandoned,21,Saturday
USER_0827,2026-03-07 22:19:50,Mobile,57.91,Completed,22,Saturday
USER_0483,2026-03-07 22:37:58,Mobile,89.05,Completed,22,Saturday
USER_0384,2026-03-07 23:37:28,Desktop,36.73,Abandoned,23,Saturday
USER_0582,2026-03-08 01:38:17,Tablet,110.18,Abandoned,1,Sunday
USER_0213,2026-03-08 02:01:56,Desktop,49.81,Abandoned,2,Sunday
USER_0471,2026-03-08 03:12:28,Mobile,294.3,Abandoned,3,Sunday
USER_0713,2026-03-08 03:32:55,Tablet,19.12,Abandoned,3,Sunday
USER_0447,2026-03-08 05:04:33,Mobile,264.76,Abandoned,5,Sunday
USER_1462,2026-03-08 05:24:37,Mobile,50.29,Abandoned,5,Sunday
USER_0997,2026-03-08 07:13:14,Tablet,63.11,Completed,7,Sunday
USER_0041,2026-03-08 07:48:02,Desktop,54.730000000000004,Completed,7,Sunday
USER_0131,2026-03-08 12:06:20,Desktop,19.69,Completed,12,Sunday
USER_0990,2026-03-08 13:06:33,Desktop,38.73,Completed,13,Sunday
USER_1045,2026-03-08 14:09:31,Mobile,43.05,Abandoned,14,Sunday
USER_1029,2026-03-08 14:30:40,Mobile,61.49,Completed,14,Sunday
USER_1475,2026-03-08 14:45:36,Desktop,113.15,Abandoned,14,Sunday
USER_1087,2026-03-08 15:58:39,Mobile,61.8,Completed,15,Sunday
USER_0955,2026-03-08 17:42:20,Mobile,62.51,Completed,17,Sunday
USER_1165,2026-03-08 18:16:52,Desktop,70.09,Completed,18,Sunday
USER_0104,2026-03-08 18:30:49,Desktop,17.45,Completed,18,Sunday
USER_0416,2026-03-08 19:36:04,Mobile,18.53,Abandoned,19,Sunday
USER_0471,2026-03-08 21:12:08,Desktop,20.63,Completed,21,Sunday
USER_0364,2026-03-08 21:42:34,Unknown,42.84,Completed,21,Sunday
USER_0779,2026-03-08 22:09:57,Desktop,16.17,Abandoned,22,Sunday
USER_1130,2026-03-08 23:22:52,Mobile,34.87,Abandoned,23,Sunday
USER_0420,2026-03-09 00:23:53,Mobile,22.44,Abandoned,0,Monday
USER_1307,2026-03-09 01:58:06,Mobile,74.96,Abandoned,1,Monday
USER_1161,2026-03-09 02:04:20,Mobile,72.56,Completed,2,Monday
USER_1126,2026-03-09 02:37:53,Mobile,44.91,Abandoned,2,Monday
USER_1112,2026-03-09 03:15:45,Mobile,15.88,Abandoned,3,Monday
USER_1220,2026-03-09 03:17:09,Mobile,46.8,Abandoned,3,Monday
USER_1259,2026-03-09 03:43:19,Tablet,67.6,Abandoned,3,Monday
USER_0975,2026-03-09 05:16:51,Mobile,92.48,Completed,5,Monday
USER_0736,2026-03-09 06:06:26,Desktop,170.67,Completed,6,Monday
USER_0254,2026-03-09 08:01:16,Desktop,112.96,Abandoned,8,Monday
USER_1403,2026-03-09 08:15:28,Mobile,54.730000000000004,Completed,8,Monday
USER_1474,2026-03-09 09:57:28,Tablet,45.36,Completed,9,Monday
USER_1370,2026-03-09 10:20:38,Desktop,33.69,Completed,10,Monday
USER_0844,2026-03-09 11:44:12,Mobile,131.79,Abandoned,11,Monday
USER_0988,2026-03-09 12:43:31,Desktop,54.730000000000004,Abandoned,12,Monday
USER_0944,2026-03-09 14:09:01,Mobile,82.26,Abandoned,14,Monday
USER_1281,2026-03-09 17:54:54,Desktop,37.2,Abandoned,17,Monday
USER_0419,2026-03-09 18:28:39,Mobile,24.37,Abandoned,18,Monday
USER_0356,2026-03-09 18:48:14,Desktop,42.09,Completed,18,Monday
USER_1498,2026-03-09 18:58:29,Mobile,44.84,Abandoned,18,Monday
USER_1144,2026-03-09 19:10:46,Desktop,61.85,Abandoned,19,Monday
USER_0398,2026-03-09 19:16:44,Mobile,33.81,Abandoned,19,Monday
USER_0517,2026-03-09 19:56:56,Desktop,55.49,Completed,19,Monday
USER_1083,2026-03-09 20:54:09,Desktop,117.39,Completed,20,Monday
USER_0524,2026-03-09 20:54:35,Mobile,18.4,Abandoned,20,Monday
USER_0951,2026-03-09 21:37:25,Desktop,13.79,Completed,21,Monday
USER_0653,2026-03-09 22:24:54,Mobile,122.71,Abandoned,22,Monday
USER_0691,2026-03-10 00:28:44,Desktop,21.09,Abandoned,0,Tuesday
USER_0378,2026-03-10 01:35:26,Mobile,42.65,Abandoned,1,Tuesday
USER_0716,2026-03-10 01:42:24,Desktop,81.09,Abandoned,1,Tuesday
USER_0688,2026-03-10 01:54:09,Desktop,52.54,Abandoned,1,Tuesday
USER_0453,2026-03-10 03:29:34,Mobile,52.06,Abandoned,3,Tuesday
USER_0883,2026-03-10 03:47:32,Mobile,57.23,Abandoned,3,Tuesday
USER_0419,2026-03-10 05:11:08,Mobile,280.67,Abandoned,5,Tuesday
USER_0348,2026-03-10 05:30:38,Desktop,173.71,Completed,5,Tuesday
USER_0515,2026-03-10 05:58:41,Mobile,34.78,Abandoned,5,Tuesday
USER_0601,2026-03-10 06:35:31,Mobile,108.1,Completed,6,Tuesday
USER_0895,2026-03-10 08:03:34,Desktop,75.84,Abandoned,8,Tuesday
USER_0764,2026-03-10 09:02:06,Mobile,53.91,Completed,9,Tuesday
USER_0442,2026-03-10 09:15:53,Desktop,30.26,Completed,9,Tuesday
USER_0098,2026-03-10 09:48:14,Unknown,73.21,Abandoned,9,Tuesday
USER_0631,2026-03-10 10:13:13,Mobile,44.75,Abandoned,10,Tuesday
USER_0892,2026-03-10 10:47:43,Desktop,42.66,Abandoned,10,Tuesday
USER_0684,2026-03-10 11:37:34,Mobile,33.16,Completed,11,Tuesday
USER_0265,2026-03-10 12:06:46,Mobile,104.57,Abandoned,12,Tuesday
USER_0188,2026-03-10 12:15:59,Desktop,33.15,Abandoned,12,Tuesday
USER_1458,2026-03-10 14:07:49,Mobile,54.730000000000004,Abandoned,14,Tuesday
USER_0934,2026-03-10 14:59:51,Tablet,90.53,Abandoned,14,Tuesday
USER_0604,2026-03-10 17:31:11,Tablet,49.71,Abandoned,17,Tuesday
USER_0135,2026-03-10 18:17:08,Mobile,50.59,Abandoned,18,Tuesday
USER_0783,2026-03-10 18:44:14,Mobile,106.85,Abandoned,18,Tuesday
USER_1164,2026-03-10 20:21:31,Desktop,128.24,Completed,20,Tuesday
USER_0939,2026-03-10 22:03:52,Mobile,13.69,Abandoned,22,Tuesday
USER_0304,2026-03-11 00:13:33,Unknown,50.21,Abandoned,0,Wednesday
USER_0805,2026-03-11 01:38:40,Desktop,21.83,Completed,1,Wednesday
USER_1405,2026-03-11 02:39:03,Mobile,42.46,Completed,2,Wednesday
USER_0957,2026-03-11 04:35:06,Desktop,54.36,Abandoned,4,Wednesday
USER_0034,2026-03-11 05:36:44,Mobile,43.35,Abandoned,5,Wednesday
USER_0309,2026-03-11 05:49:07,Mobile,28.04,Completed,5,Wednesday
USER_0253,2026-03-11 06:02:39,Mobile,27.13,Abandoned,6,Wednesday
USER_0500,2026-03-11 06:12:23,Tablet,87.63,Completed,6,Wednesday
USER_0027,2026-03-11 08:15:05,Desktop,148.06,Abandoned,8,Wednesday
USER_0781,2026-03-11 08:15:42,Desktop,14.31,Completed,8,Wednesday
USER_0831,2026-03-11 09:10:02,Mobile,44.13,Completed,9,Wednesday
USER_0313,2026-03-11 10:03:24,Mobile,87.86,Completed,10,Wednesday
USER_0254,2026-03-11 10:15:44,Mobile,53.45,Abandoned,10,Wednesday
USER_1132,2026-03-11 11:13:44,Mobile,26.47,Abandoned,11,Wednesday
USER_0198,2026-03-11 14:28:24,Desktop,40.02,Abandoned,14,Wednesday
USER_1073,2026-03-11 14:55:46,Desktop,66.45,Completed,14,Wednesday
USER_0449,2026-03-11 15:05:48,Mobile,44.72,Completed,15,Wednesday
USER_1458,2026-03-11 15:23:24,Tablet,52.92,Abandoned,15,Wednesday
USER_0801,2026-03-11 16:13:30,Mobile,53.92,Completed,16,Wednesday
USER_0413,2026-03-11 16:40:56,Tablet,38.83,Abandoned,16,Wednesday
USER_1041,2026-03-11 17:41:01,Mobile,92.83,Abandoned,17,Wednesday
USER_0258,2026-03-11 19:01:19,Mobile,54.730000000000004,Completed,19,Wednesday
USER_0690,2026-03-11 19:10:13,Mobile,28.4,Abandoned,19,Wednesday
USER_1113,2026-03-11 21:23:22,Mobile,232.59,Abandoned,21,Wednesday
USER_1208,2026-03-11 22:04:44,Desktop,51.91,Abandoned,22,Wednesday
USER_0321,2026-03-11 22:21:00,Mobile,10.07,Completed,22,Wednesday
USER_1009,2026-03-11 23:10:01,Mobile,123.42,Completed,23,Wednesday
USER_1275,2026-03-12 01:04:25,Desktop,123.16,Completed,1,Thursday
USER_0709,2026-03-12 01:38:32,Desktop,73.49,Completed,1,Thursday
USER_0138,2026-03-12 03:25:19,Desktop,82.32,Completed,3,Thursday
USER_1123,2026-03-12 03:41:06,Mobile,222.26,Abandoned,3,Thursday
USER_0406,2026-03-12 06:55:29,Desktop,29.2,Completed,6,Thursday
USER_0895,2026-03-12 07:11:17,Desktop,59.54,Completed,7,Thursday
USER_1495,2026-03-12 08:07:14,Mobile,196.43,Completed,8,Thursday
USER_0499,2026-03-12 08:22:39,Mobile,225.43,Abandoned,8,Thursday
USER_0206,2026-03-12 09:08:18,Mobile,43.04,Completed,9,Thursday
USER_0796,2026-03-12 11:58:31,Mobile,201.66,Abandoned,11,Thursday
USER_0264,2026-03-12 13:31:36,Mobile,91.99,Abandoned,13,Thursday
USER_1384,2026-03-12 13:37:00,Mobile,144.3,Completed,13,Thursday
USER_0313,2026-03-12 14:08:35,Desktop,90.05,Completed,14,Thursday
USER_0565,2026-03-12 15:08:13,Desktop,54.730000000000004,Completed,15,Thursday
USER_0331,2026-03-12 17:19:01,Unknown,229.55,Abandoned,17,Thursday
USER_0090,2026-03-12 17:27:25,Desktop,38.72,Completed,17,Thursday
USER_0210,2026-03-12 17:50:40,Mobile,188.01,Completed,17,Thursday
USER_0633,2026-03-12 18:05:00,Desktop,208.4,Completed,18,Thursday
USER_1478,2026-03-12 18:49:22,Desktop,132.42,Completed,18,Thursday
USER_1400,2026-03-12 19:21:22,Mobile,52.11,Abandoned,19,Thursday
USER_0581,2026-03-12 19:58:42,Desktop,64.0,Completed,19,Thursday
USER_0407,2026-03-12 21:31:28,Tablet,23.84,Completed,21,Thursday
USER_1302,2026-03-12 21:51:04,Mobile,40.68,Completed,21,Thursday
USER_0874,2026-03-12 22:20:20,Tablet,81.73,Abandoned,22,Thursday
USER_1294,2026-03-12 22:49:18,Mobile,21.6,Abandoned,22,Thursday
USER_0550,2026-03-13 00:27:42,Mobile,44.99,Completed,0,Friday
USER_1279,2026-03-13 00:40:21,Mobile,193.28,Abandoned,0,Friday
USER_0316,2026-03-13 01:33:16,Desktop,49.39,Completed,1,Friday
USER_0457,2026-03-13 02:11:54,Desktop,106.9,Completed,2,Friday
USER_0183,2026-03-13 02:26:32,Tablet,78.9,Completed,2,Friday
USER_1486,2026-03-13 02:27:23,Unknown,44.7,Abandoned,2,Friday
USER_0928,2026-03-13 02:42:18,Mobile,49.36,Abandoned,2,Friday
USER_0727,2026-03-13 03:36:41,Desktop,60.85,Completed,3,Friday
USER_1089,2026-03-13 03:37:34,Desktop,14.39,Completed,3,Friday
USER_0743,2026-03-13 10:44:09,Mobile,101.04,Abandoned,10,Friday
USER_0891,2026-03-13 11:15:43,Mobile,50.55,Abandoned,11,Friday
USER_0057,2026-03-13 13:53:18,Desktop,103.36,Completed,13,Friday
USER_0334,2026-03-13 13:55:46,Desktop,70.27,Abandoned,13,Friday
USER_0173,2026-03-13 14:59:03,Mobile,49.12,Abandoned,14,Friday
USER_0739,2026-03-13 15:05:53,Unknown,62.08,Abandoned,15,Friday
USER_1483,2026-03-13 16:05:57,Tablet,62.21,Completed,16,Friday
USER_1289,2026-03-13 16:45:02,Unknown,142.53,Completed,16,Friday
USER_0445,2026-03-13 16:47:48,Mobile,56.87,Abandoned,16,Friday
USER_0569,2026-03-13 16:53:16,Mobile,65.85,Abandoned,16,Friday
USER_0848,2026-03-13 17:34:09,Desktop,24.04,Completed,17,Friday
USER_1401,2026-03-13 18:12:31,Mobile,52.95,Abandoned,18,Friday
USER_1097,2026-03-13 18:27:33,Mobile,140.51,Completed,18,Friday
USER_0943,2026-03-13 21:44:55,Mobile,72.15,Abandoned,21,Friday
USER_0407,2026-03-13 22:11:34,Mobile,27.04,Completed,22,Friday
USER_0774,2026-03-13 22:27:21,Desktop,28.99,Abandoned,22,Friday
USER_0327,2026-03-14 01:37:39,Mobile,33.72,Abandoned,1,Saturday
USER_1031,2026-03-14 01:55:40,Desktop,104.56,Abandoned,1,Saturday
USER_0152,2026-03-14 01:59:12,Mobile,96.52,Abandoned,1,Saturday
USER_1388,2026-03-14 03:46:48,Mobile,10.0,Abandoned,3,Saturday
USER_1247,2026-03-14 05:25:27,Mobile,51.78,Abandoned,5,Saturday
USER_1151,2026-03-14 05:46:42,Tablet,60.1,Abandoned,5,Saturday
USER_0867,2026-03-14 06:18:10,Desktop,29.21,Abandoned,6,Saturday
USER_0246,2026-03-14 08:40:16,Mobile,42.36,Completed,8,Saturday
USER_0883,2026-03-14 09:23:17,Unknown,129.69,Completed,9,Saturday
USER_0924,2026-03-14 09:28:07,Desktop,71.22,Completed,9,Saturday
USER_0724,2026-03-14 10:17:18,Tablet,39.46,Abandoned,10,Saturday
USER_0262,2026-03-14 10:47:15,Mobile,48.34,Abandoned,10,Saturday
USER_0993,2026-03-14 11:28:14,Desktop,47.08,Completed,11,Saturday
USER_0083,2026-03-14 12:39:36,Mobile,65.58,Completed,12,Saturday
USER_1077,2026-03-14 14:01:11,Mobile,21.56,Completed,14,Saturday
USER_0794,2026-03-14 15:38:40,Tablet,35.33,Completed,15,Saturday
USER_0716,2026-03-14 16:48:48,Mobile,107.02,Completed,16,Saturday
USER_0418,2026-03-14 17:13:47,Mobile,52.08,Abandoned,17,Saturday
USER_0270,2026-03-14 18:59:49,Mobile,31.42,Abandoned,18,Saturday
USER_0468,2026-03-14 19:01:10,Desktop,32.28,Abandoned,19,Saturday
USER_0608,2026-03-14 19:52:37,Desktop,87.23,Completed,19,Saturday
USER_0588,2026-03-14 20:43:45,Mobile,38.99,Abandoned,20,Saturday
USER_1044,2026-03-14 21:04:25,Tablet,76.1,Completed,21,Saturday
USER_1368,2026-03-14 21:10:42,Mobile,36.33,Abandoned,21,Saturday
USER_0899,2026-03-14 23:18:41,Mobile,26.19,Completed,23,Saturday
USER_1175,2026-03-14 23:27:16,Tablet,64.0,Completed,23,Saturday
USER_0741,2026-03-15 00:05:17,Mobile,51.25,Abandoned,0,Sunday
USER_0317,2026-03-15 01:26:19,Mobile,85.23,Abandoned,1,Sunday
USER_1005,2026-03-15 03:08:19,Mobile,97.0,Completed,3,Sunday
USER_0197,2026-03-15 03:50:01,Desktop,43.26,Completed,3,Sunday
USER_0821,2026-03-15 03:52:16,Mobile,68.5,Abandoned,3,Sunday
USER_0387,2026-03-15 04:34:46,Tablet,42.41,Completed,4,Sunday
USER_0982,2026-03-15 04:52:38,Desktop,82.42,Completed,4,Sunday
USER_1104,2026-03-15 05:29:41,Mobile,63.54,Abandoned,5,Sunday
USER_0969,2026-03-15 07:09:21,Desktop,36.4,Abandoned,7,Sunday
USER_1234,2026-03-15 07:37:05,Mobile,34.47,Abandoned,7,Sunday
USER_1039,2026-03-15 07:56:27,Mobile,65.02,Abandoned,7,Sunday
USER_1341,2026-03-15 09:43:31,Desktop,116.21,Completed,9,Sunday
USER_1440,2026-03-15 09:54:29,Tablet,98.09,Completed,9,Sunday
USER_0930,2026-03-15 10:11:42,Mobile,29.58,Abandoned,10,Sunday
USER_0501,2026-03-15 11:12:52,Mobile,31.67,Completed,11,Sunday
USER_0560,2026-03-15 12:52:55,Mobile,34.85,Completed,12,Sunday
USER_1383,2026-03-15 13:23:41,Mobile,37.05,Abandoned,13,Sunday
USER_1184,2026-03-15 13:43:25,Mobile,16.76,Abandoned,13,Sunday
USER_0695,2026-03-15 13:48:15,Mobile,91.24,Abandoned,13,Sunday
USER_0646,2026-03-15 16:04:22,Desktop,40.6,Completed,16,Sunday
USER_0891,2026-03-15 18:54:07,Mobile,73.73,Completed,18,Sunday
USER_1497,2026-03-15 20:05:15,Mobile,44.47,Abandoned,20,Sunday
USER_1063,2026-03-15 20:11:18,Desktop,53.79,Completed,20,Sunday
USER_0166,2026-03-15 20:27:38,Desktop,34.97,Completed,20,Sunday
USER_1317,2026-03-15 22:25:58,Mobile,53.6,Completed,22,Sunday
USER_0224,2026-03-15 22:54:50,Mobile,30.99,Abandoned,22,Sunday
USER_0593,2026-03-16 00:28:20,Desktop,53.86,Abandoned,0,Monday
USER_0856,2026-03-16 01:21:37,Mobile,140.78,Abandoned,1,Monday
USER_0714,2026-03-16 01:28:17,Mobile,76.58,Abandoned,1,Monday
USER_0535,2026-03-16 01:28:25,Desktop,65.97,Abandoned,1,Monday
USER_0640,2026-03-16 04:15:29,Mobile,23.15,Abandoned,4,Monday
USER_0113,2026-03-16 06:01:01,Mobile,78.94,Abandoned,6,Monday
USER_1009,2026-03-16 06:31:55,Mobile,84.09,Abandoned,6,Monday
USER_0831,2026-03-16 08:23:47,Unknown,65.0,Abandoned,8,Monday
USER_0303,2026-03-16 08:32:22,Mobile,62.76,Completed,8,Monday
USER_1277,2026-03-16 09:18:15,Tablet,49.84,Completed,9,Monday
USER_0803,2026-03-16 11:00:30,Mobile,83.27,Completed,11,Monday
USER_1016,2026-03-16 11:18:43,Mobile,135.38,Abandoned,11,Monday
USER_0360,2026-03-16 11:36:29,Mobile,67.68,Abandoned,11,Monday
USER_0840,2026-03-16 11:41:29,Tablet,29.03,Completed,11,Monday
USER_1320,2026-03-16 11:58:57,Mobile,30.51,Abandoned,11,Monday
USER_1215,2026-03-16 15:35:28,Mobile,87.54,Abandoned,15,Monday
USER_1302,2026-03-16 16:44:19,Desktop,29.19,Abandoned,16,Monday
USER_0676,2026-03-16 16:44:37,Mobile,62.22,Completed,16,Monday
USER_0794,2026-03-16 17:23:02,Mobile,43.61,Completed,17,Monday
USER_0161,2026-03-16 19:04:40,Mobile,27.2,Completed,19,Monday
USER_1108,2026-03-16 21:38:50,Mobile,93.78,Abandoned,21,Monday
USER_1334,2026-03-16 23:10:06,Mobile,86.44,Abandoned,23,Monday
USER_0308,2026-03-17 00:18:13,Desktop,22.62,Completed,0,Tuesday
USER_0421,2026-03-17 00:53:34,Mobile,74.66,Abandoned,0,Tuesday
USER_0873,2026-03-17 01:13:47,Desktop,67.89,Abandoned,1,Tuesday
USER_0820,2026-03-17 01:34:31,Mobile,94.1,Abandoned,1,Tuesday
USER_0363,2026-03-17 02:13:20,Mobile,60.85,Abandoned,2,Tuesday
USER_0338,2026-03-17 02:42:39,Mobile,138.03,Abandoned,2,Tuesday
USER_0239,2026-03-17 02:59:10,Tablet,50.28,Abandoned,2,Tuesday
USER_0497,2026-03-17 03:58:10,Mobile,45.75,Abandoned,3,Tuesday
USER_1037,2026-03-17 03:59:34,Desktop,28.97,Abandoned,3,Tuesday
USER_0536,2026-03-17 05:53:31,Unknown,29.75,Completed,5,Tuesday
USER_0137,2026-03-17 06:14:43,Mobile,28.05,Abandoned,6,Tuesday
USER_0690,2026-03-17 06:55:38,Mobile,62.93,Abandoned,6,Tuesday
USER_0350,2026-03-17 07:55:26,Mobile,45.84,Completed,7,Tuesday
USER_0514,2026-03-17 08:00:50,Mobile,67.69,Completed,8,Tuesday
USER_0663,2026-03-17 08:16:02,Mobile,24.88,Abandoned,8,Tuesday
USER_0836,2026-03-17 09:35:24,Desktop,31.31,Completed,9,Tuesday
USER_1444,2026-03-17 10:59:45,Mobile,30.96,Abandoned,10,Tuesday
USER_0119,2026-03-17 12:19:27,Desktop,223.64,Abandoned,12,Tuesday
USER_0481,2026-03-17 14:17:03,Mobile,49.02,Abandoned,14,Tuesday
USER_0167,2026-03-17 15:20:23,Mobile,52.29,Abandoned,15,Tuesday
USER_0218,2026-03-17 16:59:33,Desktop,51.92,Completed,16,Tuesday
USER_0132,2026-03-17 21:04:11,Mobile,149.81,Abandoned,21,Tuesday
USER_1465,2026-03-17 21:34:02,Mobile,19.13,Abandoned,21,Tuesday
USER_0859,2026-03-17 23:01:05,Desktop,52.51,Completed,23,Tuesday
USER_1061,2026-03-17 23:41:09,Desktop,19.02,Completed,23,Tuesday
USER_1364,2026-03-17 23:49:52,Mobile,11.62,Completed,23,Tuesday
USER_0048,2026-03-18 00:15:04,Mobile,33.88,Completed,0,Wednesday
USER_0993,2026-03-18 01:42:11,Desktop,71.37,Completed,1,Wednesday
USER_0249,2026-03-18 01:47:09,Mobile,32.51,Completed,1,Wednesday
USER_0772,2026-03-18 02:27:53,Desktop,70.62,Abandoned,2,Wednesday
USER_0019,2026-03-18 03:54:30,Mobile,58.51,Abandoned,3,Wednesday
USER_0877,2026-03-18 06:19:14,Mobile,49.88,Abandoned,6,Wednesday
USER_1278,2026-03-18 07:21:03,Desktop,124.24,Completed,7,Wednesday
USER_0378,2026-03-18 07:44:04,Mobile,37.06,Abandoned,7,Wednesday
USER_0780,2026-03-18 09:27:10,Mobile,69.93,Abandoned,9,Wednesday
USER_0930,2026-03-18 09:28:20,Mobile,16.91,Abandoned,9,Wednesday
USER_0412,2026-03-18 10:29:28,Desktop,58.22,Abandoned,10,Wednesday
USER_0840,2026-03-18 10:46:28,Desktop,46.19,Completed,10,Wednesday
USER_0002,2026-03-18 10:59:09,Mobile,25.32,Completed,10,Wednesday
USER_0497,2026-03-18 11:16:04,Mobile,70.74,Completed,11,Wednesday
USER_1121,2026-03-18 11:44:47,Desktop,33.77,Completed,11,Wednesday
USER_1494,2026-03-18 13:38:12,Desktop,168.33,Completed,13,Wednesday
USER_0040,2026-03-18 13:45:20,Desktop,11.22,Abandoned,13,Wednesday
USER_0939,2026-03-18 14:45:11,Mobile,64.16,Abandoned,14,Wednesday
USER_0544,2026-03-18 14:54:50,Desktop,56.13,Completed,14,Wednesday
USER_0753,2026-03-18 15:22:58,Desktop,45.49,Completed,15,Wednesday
USER_0093,2026-03-18 16:27:35,Mobile,38.71,Abandoned,16,Wednesday
USER_0284,2026-03-18 16:39:39,Mobile,57.09,Completed,16,Wednesday
USER_1185,2026-03-18 16:48:44,Mobile,108.9,Completed,16,Wednesday
USER_0278,2026-03-18 17:50:04,Desktop,18.41,Abandoned,17,Wednesday
USER_0425,2026-03-18 18:56:26,Mobile,32.33,Completed,18,Wednesday
USER_0630,2026-03-18 19:37:14,Desktop,27.59,Completed,19,Wednesday
USER_1238,2026-03-18 19:44:08,Tablet,26.76,Abandoned,19,Wednesday
USER_0505,2026-03-18 19:52:15,Desktop,68.22,Completed,19,Wednesday
USER_1173,2026-03-18 20:53:40,Tablet,80.08,Completed,20,Wednesday
USER_1376,2026-03-18 21:08:36,Tablet,109.11,Completed,21,Wednesday
USER_1493,2026-03-18 22:20:54,Mobile,80.91,Completed,22,Wednesday
USER_0269,2026-03-18 23:32:34,Unknown,85.28,Completed,23,Wednesday
USER_1100,2026-03-19 02:34:24,Mobile,21.81,Abandoned,2,Thursday
USER_1334,2026-03-19 03:53:01,Desktop,143.21,Abandoned,3,Thursday
USER_1083,2026-03-19 03:57:31,Mobile,47.64,Abandoned,3,Thursday
USER_1137,2026-03-19 05:55:06,Tablet,106.85,Abandoned,5,Thursday
USER_1119,2026-03-19 08:33:55,Desktop,22.32,Completed,8,Thursday
USER_0344,2026-03-19 09:12:21,Desktop,46.67,Abandoned,9,Thursday
USER_0329,2026-03-19 09:42:44,Mobile,100.78,Abandoned,9,Thursday
USER_0772,2026-03-19 12:32:27,Mobile,55.6,Completed,12,Thursday
USER_0728,2026-03-19 13:36:50,Desktop,33.45,Abandoned,13,Thursday
USER_0805,2026-03-19 14:43:56,Mobile,127.92,Abandoned,14,Thursday
USER_0455,2026-03-19 15:10:32,Desktop,25.5,Completed,15,Thursday
USER_1297,2026-03-19 16:03:25,Mobile,53.88,Abandoned,16,Thursday
USER_0718,2026-03-19 16:04:20,Desktop,82.77,Abandoned,16,Thursday
USER_0603,2026-03-19 19:27:21,Mobile,213.19,Abandoned,19,Thursday
USER_0902,2026-03-19 19:30:00,Desktop,40.53,Completed,19,Thursday
USER_0140,2026-03-19 19:55:04,Desktop,45.62,Completed,19,Thursday
USER_0936,2026-03-19 21:33:39,Mobile,40.89,Abandoned,21,Thursday
USER_0781,2026-03-19 21:38:33,Mobile,63.75,Abandoned,21,Thursday
USER_0553,2026-03-19 21:54:26,Mobile,80.01,Abandoned,21,Thursday
USER_0015,2026-03-19 22:20:14,Desktop,111.12,Completed,22,Thursday
USER_0505,2026-03-19 22:45:14,Mobile,89.25,Abandoned,22,Thursday
USER_1401,2026-03-20 00:00:02,Desktop,39.52,Abandoned,0,Friday
USER_0384,2026-03-20 00:38:19,Mobile,92.64,Abandoned,0,Friday
USER_0289,2026-03-20 01:12:51,Mobile,57.95,Abandoned,1,Friday
USER_0649,2026-03-20 02:59:37,Mobile,88.62,Abandoned,2,Friday
USER_0398,2026-03-20 05:04:10,Mobile,91.98,Abandoned,5,Friday
USER_0251,2026-03-20 05:31:12,Mobile,157.52,Abandoned,5,Friday
USER_0235,2026-03-20 05:36:23,Tablet,43.36,Completed,5,Friday
USER_0488,2026-03-20 05:46:31,Desktop,38.3,Completed,5,Friday
USER_0318,2026-03-20 07:29:34,Unknown,73.01,Abandoned,7,Friday
USER_1143,2026-03-20 07:48:35,Desktop,117.76,Completed,7,Friday
USER_1153,2026-03-20 07:52:47,Desktop,56.7,Abandoned,7,Friday
USER_0154,2026-03-20 07:57:15,Mobile,122.86,Abandoned,7,Friday
USER_1416,2026-03-20 08:06:59,Mobile,85.5,Abandoned,8,Friday
USER_1298,2026-03-20 08:35:53,Mobile,47.9,Abandoned,8,Friday
USER_0335,2026-03-20 08:36:01,Mobile,78.74,Completed,8,Friday
USER_0307,2026-03-20 08:52:38,Tablet,41.16,Abandoned,8,Friday
USER_0476,2026-03-20 09:28:49,Unknown,63.76,Abandoned,9,Friday
USER_0614,2026-03-20 09:54:30,Mobile,54.730000000000004,Completed,9,Friday
USER_1395,2026-03-20 10:55:19,Mobile,52.23,Completed,10,Friday
USER_0321,2026-03-20 11:01:32,Desktop,104.56,Completed,11,Friday
USER_1250,2026-03-20 11:14:11,Desktop,89.9,Completed,11,Friday
USER_1366,2026-03-20 13:28:22,Desktop,81.74,Completed,13,Friday
USER_1133,2026-03-20 13:55:29,Desktop,65.82,Completed,13,Friday
USER_1160,2026-03-20 14:41:49,Mobile,60.58,Abandoned,14,Friday
USER_1220,2026-03-20 14:49:26,Unknown,23.96,Completed,14,Friday
USER_0814,2026-03-20 18:18:00,Desktop,47.75,Completed,18,Friday
USER_0948,2026-03-20 18:28:17,Mobile,61.48,Completed,18,Friday
USER_0926,2026-03-20 18:50:40,Desktop,26.29,Completed,18,Friday
USER_1319,2026-03-20 20:51:16,Mobile,17.49,Abandoned,20,Friday
USER_0650,2026-03-20 20:51:25,Mobile,113.72,Abandoned,20,Friday
USER_0191,2026-03-20 21:21:20,Mobile,56.43,Abandoned,21,Friday
USER_0759,2026-03-20 21:41:21,Mobile,62.58,Abandoned,21,Friday
USER_0051,2026-03-20 22:05:53,Mobile,78.35,Abandoned,22,Friday
USER_0095,2026-03-20 22:08:42,Mobile,54.730000000000004,Completed,22,Friday
USER_0735,2026-03-20 23:04:15,Mobile,42.0,Completed,23,Friday
USER_0166,2026-03-21 00:01:27,Mobile,145.13,Completed,0,Saturday
USER_0286,2026-03-21 00:32:55,Mobile,39.74,Abandoned,0,Saturday
USER_0190,2026-03-21 01:01:53,Mobile,45.93,Completed,1,Saturday
USER_0190,2026-03-21 02:37:12,Unknown,35.33,Completed,2,Saturday
USER_0393,2026-03-21 04:17:03,Mobile,33.73,Completed,4,Saturday
USER_0988,2026-03-21 04:55:08,Mobile,112.01,Abandoned,4,Saturday
USER_0627,2026-03-21 06:06:15,Unknown,10.92,Abandoned,6,Saturday
USER_1128,2026-03-21 06:27:09,Desktop,40.57,Completed,6,Saturday
USER_1099,2026-03-21 06:33:41,Desktop,63.21,Completed,6,Saturday
USER_1315,2026-03-21 06:52:02,Mobile,164.5,Abandoned,6,Saturday
USER_0699,2026-03-21 06:55:29,Mobile,26.1,Abandoned,6,Saturday
USER_0792,2026-03-21 07:51:18,Desktop,23.37,Completed,7,Saturday
USER_0802,2026-03-21 08:36:44,Mobile,31.22,Abandoned,8,Saturday
USER_0663,2026-03-21 08:40:25,Mobile,86.15,Abandoned,8,Saturday
USER_0714,2026-03-21 10:19:18,Mobile,59.23,Completed,10,Saturday
USER_0666,2026-03-21 10:49:07,Desktop,21.38,Completed,10,Saturday
USER_0035,2026-03-21 10:51:24,Mobile,58.25,Completed,10,Saturday
USER_0744,2026-03-21 12:46:14,Tablet,149.67,Abandoned,12,Saturday
USER_0520,2026-03-21 13:33:19,Desktop,64.84,Abandoned,13,Saturday
USER_0601,2026-03-21 14:15:13,Mobile,60.76,Abandoned,14,Saturday
USER_0642,2026-03-21 15:52:07,Desktop,63.19,Completed,15,Saturday
USER_0162,2026-03-21 18:29:40,Desktop,71.48,Abandoned,18,Saturday
USER_0254,2026-03-21 19:50:12,Desktop,23.96,Completed,19,Saturday
USER_0137,2026-03-21 20:13:30,Mobile,46.96,Abandoned,20,Saturday
USER_0489,2026-03-21 21:14:26,Desktop,48.58,Completed,21,Saturday
USER_0764,2026-03-22 00:29:04,Mobile,39.87,Completed,0,Sunday
USER_1063,2026-03-22 00:51:36,Tablet,85.28,Abandoned,0,Sunday
USER_0326,2026-03-22 01:54:23,Mobile,36.16,Completed,1,Sunday
USER_0913,2026-03-22 02:00:19,Mobile,43.21,Abandoned,2,Sunday
USER_0861,2026-03-22 02:11:19,Desktop,24.07,Completed,2,Sunday
USER_0159,2026-03-22 02:59:55,Desktop,69.82,Abandoned,2,Sunday
USER_0513,2026-03-22 03:02:52,Desktop,100.71,Completed,3,Sunday
USER_0677,2026-03-22 04:06:07,Mobile,43.18,Abandoned,4,Sunday
USER_1083,2026-03-22 04:45:40,Mobile,54.730000000000004,Abandoned,4,Sunday
USER_1317,2026-03-22 04:58:29,Tablet,49.62,Abandoned,4,Sunday
USER_0236,2026-03-22 05:22:24,Desktop,10.56,Completed,5,Sunday
USER_0053,2026-03-22 05:49:33,Desktop,52.8,Abandoned,5,Sunday
USER_0515,2026-03-22 06:06:06,Mobile,48.71,Abandoned,6,Sunday
USER_0303,2026-03-22 06:09:58,Mobile,54.730000000000004,Abandoned,6,Sunday
USER_1191,2026-03-22 06:13:50,Desktop,64.37,Completed,6,Sunday
USER_0498,2026-03-22 06:30:26,Desktop,35.0,Completed,6,Sunday
USER_1006,2026-03-22 08:24:23,Mobile,54.730000000000004,Abandoned,8,Sunday
USER_0902,2026-03-22 10:27:46,Desktop,54.730000000000004,Completed,10,Sunday
USER_0799,2026-03-22 11:02:20,Mobile,47.95,Abandoned,11,Sunday
USER_0025,2026-03-22 11:57:18,Mobile,88.58,Abandoned,11,Sunday
USER_0761,2026-03-22 13:22:25,Mobile,55.26,Abandoned,13,Sunday
USER_1237,2026-03-22 13:50:48,Mobile,289.4,Abandoned,13,Sunday
USER_1130,2026-03-22 13:59:25,Mobile,47.63,Abandoned,13,Sunday
USER_0382,2026-03-22 14:02:24,Mobile,68.63,Abandoned,14,Sunday
USER_0823,2026-03-22 14:30:03,Mobile,33.55,Completed,14,Sunday
USER_0558,2026-03-22 14:39:05,Desktop,96.14,Completed,14,Sunday
USER_0213,2026-03-22 18:49:00,Mobile,66.73,Abandoned,18,Sunday
USER_1457,2026-03-22 19:28:57,Mobile,43.8,Completed,19,Sunday
USER_1036,2026-03-22 20:43:15,Mobile,30.97,Abandoned,20,Sunday
USER_0906,2026-03-22 21:37:55,Mobile,23.31,Completed,21,Sunday
USER_0902,2026-03-22 22:30:18,Desktop,71.68,Abandoned,22,Sunday
USER_0066,2026-03-22 22:59:51,Mobile,22.17,Abandoned,22,Sunday
USER_0877,2026-03-22 23:18:39,Desktop,127.81,Completed,23,Sunday
USER_1374,2026-03-23 00:14:04,Desktop,24.03,Abandoned,0,Monday
USER_0011,2026-03-23 00:16:06,Mobile,48.62,Completed,0,Monday
USER_0852,2026-03-23 00:57:17,Mobile,30.78,Abandoned,0,Monday
USER_1436,2026-03-23 01:27:01,Mobile,55.77,Abandoned,1,Monday
USER_0160,2026-03-23 01:55:51,Mobile,55.55,Abandoned,1,Monday
USER_0106,2026-03-23 02:50:42,Desktop,72.9,Completed,2,Monday
USER_0254,2026-03-23 04:28:31,Desktop,20.25,Abandoned,4,Monday
USER_0247,2026-03-23 04:40:32,Mobile,33.23,Completed,4,Monday
USER_0952,2026-03-23 05:25:55,Mobile,102.6,Completed,5,Monday
USER_0920,2026-03-23 09:10:01,Mobile,83.77,Abandoned,9,Monday
USER_1292,2026-03-23 10:31:18,Desktop,10.75,Completed,10,Monday
USER_1203,2026-03-23 10:50:49,Mobile,69.77,Abandoned,10,Monday
USER_0370,2026-03-23 11:31:19,Mobile,27.91,Completed,11,Monday
USER_1216,2026-03-23 11:48:26,Mobile,37.16,Completed,11,Monday
USER_1202,2026-03-23 12:07:29,Desktop,54.730000000000004,Completed,12,Monday
USER_0438,2026-03-23 13:12:07,Desktop,150.25,Completed,13,Monday
USER_0540,2026-03-23 14:25:05,Mobile,27.72,Abandoned,14,Monday
USER_0325,2026-03-23 15:01:54,Mobile,21.92,Abandoned,15,Monday
USER_0159,2026-03-23 16:13:04,Tablet,73.16,Completed,16,Monday
USER_1296,2026-03-23 16:33:41,Mobile,53.61,Abandoned,16,Monday
USER_1233,2026-03-23 17:05:03,Desktop,119.65,Completed,17,Monday
USER_1054,2026-03-23 17:05:16,Mobile,43.41,Completed,17,Monday
USER_0647,2026-03-23 19:35:31,Desktop,119.94,Abandoned,19,Monday
USER_1167,2026-03-23 19:40:22,Mobile,55.18,Abandoned,19,Monday
USER_0971,2026-03-23 20:52:55,Tablet,77.01,Completed,20,Monday
USER_0649,2026-03-23 20:52:55,Desktop,156.89,Completed,20,Monday
USER_0061,2026-03-23 21:08:53,Desktop,48.97,Completed,21,Monday
USER_0481,2026-03-23 23:52:15,Desktop,107.67,Abandoned,23,Monday
USER_0156,2026-03-24 01:11:49,Desktop,36.64,Completed,1,Tuesday
USER_0026,2026-03-24 03:24:25,Mobile,63.3,Completed,3,Tuesday
USER_1304,2026-03-24 03:55:17,Desktop,21.35,Abandoned,3,Tuesday
USER_0088,2026-03-24 04:14:12,Tablet,39.34,Abandoned,4,Tuesday
USER_1459,2026-03-24 05:03:03,Mobile,27.45,Abandoned,5,Tuesday
USER_1206,2026-03-24 05:28:47,Unknown,120.72,Abandoned,5,Tuesday
USER_1247,2026-03-24 05:52:04,Desktop,169.05,Abandoned,5,Tuesday
USER_1183,2026-03-24 07:15:28,Mobile,43.36,Completed,7,Tuesday
USER_0567,2026-03-24 07:15:53,Mobile,54.730000000000004,Completed,7,Tuesday
USER_0263,2026-03-24 07:44:06,Mobile,23.24,Abandoned,7,Tuesday
USER_0542,2026-03-24 08:39:32,Mobile,54.730000000000004,Completed,8,Tuesday
USER_0102,2026-03-24 10:16:22,Mobile,36.91,Completed,10,Tuesday
USER_1393,2026-03-24 10:49:13,Mobile,38.22,Completed,10,Tuesday
USER_0056,2026-03-24 12:02:26,Mobile,157.47,Abandoned,12,Tuesday
USER_1443,2026-03-24 12:56:30,Unknown,45.03,Abandoned,12,Tuesday
USER_0644,2026-03-24 14:06:20,Tablet,54.730000000000004,Abandoned,14,Tuesday
USER_0553,2026-03-24 14:55:12,Mobile,54.730000000000004,Abandoned,14,Tuesday
USER_0263,2026-03-24 14:59:40,Mobile,22.63,Abandoned,14,Tuesday
USER_0194,2026-03-24 15:13:00,Mobile,54.730000000000004,Abandoned,15,Tuesday
USER_1007,2026-03-24 15:13:28,Mobile,74.96,Abandoned,15,Tuesday
USER_0816,2026-03-24 15:17:25,Desktop,165.29,Abandoned,15,Tuesday
USER_0859,2026-03-24 15:33:02,Desktop,67.0,Completed,15,Tuesday
USER_1340,2026-03-24 16:26:53,Desktop,81.91,Abandoned,16,Tuesday
USER_1443,2026-03-24 17:52:28,Mobile,30.32,Completed,17,Tuesday
USER_1092,2026-03-24 18:11:05,Desktop,105.6,Abandoned,18,Tuesday
USER_1155,2026-03-24 18:13:26,Mobile,104.76,Completed,18,Tuesday
USER_1461,2026-03-24 19:01:54,Mobile,34.73,Completed,19,Tuesday
USER_0302,2026-03-24 19:53:26,Mobile,77.83,Completed,19,Tuesday
USER_0396,2026-03-24 20:14:36,Mobile,17.32,Completed,20,Tuesday
USER_0475,2026-03-24 21:49:17,Mobile,87.4,Completed,21,Tuesday
USER_0217,2026-03-24 22:34:25,Mobile,37.63,Abandoned,22,Tuesday
USER_1196,2026-03-24 22:37:56,Tablet,24.59,Completed,22,Tuesday
USER_0131,2026-03-25 00:44:37,Mobile,70.93,Completed,0,Wednesday
USER_0561,2026-03-25 02:16:31,Mobile,17.26,Abandoned,2,Wednesday
USER_1012,2026-03-25 03:43:40,Mobile,68.21,Abandoned,3,Wednesday
USER_1141,2026-03-25 03:51:55,Desktop,26.15,Completed,3,Wednesday
USER_0242,2026-03-25 05:00:04,Mobile,22.76,Abandoned,5,Wednesday
USER_1355,2026-03-25 05:59:27,Desktop,56.76,Completed,5,Wednesday
USER_0674,2026-03-25 07:12:57,Tablet,48.81,Completed,7,Wednesday
USER_0280,2026-03-25 07:45:07,Mobile,140.74,Abandoned,7,Wednesday
USER_0725,2026-03-25 08:04:22,Mobile,23.69,Abandoned,8,Wednesday
USER_0398,2026-03-25 08:16:27,Mobile,133.46,Abandoned,8,Wednesday
USER_0820,2026-03-25 09:13:45,Desktop,26.06,Abandoned,9,Wednesday
USER_1482,2026-03-25 10:19:47,Mobile,99.25,Abandoned,10,Wednesday
USER_0999,2026-03-25 12:16:49,Mobile,112.05,Abandoned,12,Wednesday
USER_0701,2026-03-25 13:19:15,Mobile,67.29,Abandoned,13,Wednesday
USER_1297,2026-03-25 13:55:52,Desktop,32.65,Completed,13,Wednesday
USER_0205,2026-03-25 14:00:26,Mobile,20.29,Abandoned,14,Wednesday
USER_0300,2026-03-25 15:48:39,Mobile,15.35,Completed,15,Wednesday
USER_0704,2026-03-25 16:00:40,Desktop,182.0,Completed,16,Wednesday
USER_1343,2026-03-25 16:20:57,Desktop,45.02,Completed,16,Wednesday
USER_0968,2026-03-25 18:21:50,Desktop,26.63,Abandoned,18,Wednesday
USER_1244,2026-03-25 18:37:05,Mobile,25.97,Completed,18,Wednesday
USER_1020,2026-03-25 21:38:47,Desktop,60.89,Completed,21,Wednesday
USER_0395,2026-03-25 23:38:20,Desktop,42.24,Completed,23,Wednesday
USER_0856,2026-03-26 03:20:23,Mobile,15.68,Abandoned,3,Thursday
USER_0517,2026-03-26 04:38:44,Desktop,54.730000000000004,Completed,4,Thursday
USER_0445,2026-03-26 07:09:37,Mobile,67.88,Completed,7,Thursday
USER_1446,2026-03-26 07:24:28,Tablet,180.54,Abandoned,7,Thursday
USER_1237,2026-03-26 07:43:07,Mobile,114.61,Abandoned,7,Thursday
USER_0973,2026-03-26 09:31:56,Desktop,10.0,Completed,9,Thursday
USER_0737,2026-03-26 10:57:30,Mobile,54.730000000000004,Abandoned,10,Thursday
USER_1333,2026-03-26 11:34:03,Tablet,119.69,Abandoned,11,Thursday
USER_1161,2026-03-26 11:50:59,Mobile,33.83,Completed,11,Thursday
USER_0450,2026-03-26 12:43:18,Tablet,41.22,Abandoned,12,Thursday
USER_1268,2026-03-26 12:53:20,Tablet,71.35,Completed,12,Thursday
USER_0947,2026-03-26 14:57:40,Mobile,28.24,Completed,14,Thursday
USER_1025,2026-03-26 15:10:03,Desktop,46.63,Abandoned,15,Thursday
USER_0216,2026-03-26 15:29:27,Tablet,104.59,Abandoned,15,Thursday
USER_0787,2026-03-26 16:07:44,Mobile,76.44,Abandoned,16,Thursday
USER_1333,2026-03-26 16:19:19,Mobile,35.4,Abandoned,16,Thursday
USER_1224,2026-03-26 16:40:19,Mobile,54.730000000000004,Abandoned,16,Thursday
USER_1172,2026-03-26 17:38:25,Mobile,66.48,Abandoned,17,Thursday
USER_0216,2026-03-26 18:22:57,Mobile,65.02,Abandoned,18,Thursday
USER_0387,2026-03-26 20:13:15,Unknown,39.07,Abandoned,20,Thursday
USER_0688,2026-03-26 21:18:11,Mobile,54.37,Completed,21,Thursday
USER_0605,2026-03-26 21:51:42,Mobile,33.01,Completed,21,Thursday
USER_0521,2026-03-27 02:05:48,Mobile,15.47,Completed,2,Friday
USER_0659,2026-03-27 02:15:32,Desktop,45.52,Completed,2,Friday
USER_0721,2026-03-27 02:53:41,Desktop,50.43,Abandoned,2,Friday
USER_0334,2026-03-27 04:07:42,Mobile,54.730000000000004,Abandoned,4,Friday
USER_1190,2026-03-27 04:10:55,Desktop,120.05,Abandoned,4,Friday
USER_0336,2026-03-27 04:20:59,Desktop,35.73,Abandoned,4,Friday
USER_1454,2026-03-27 05:42:14,Tablet,42.99,Completed,5,Friday
USER_0213,2026-03-27 05:45:32,Mobile,89.84,Abandoned,5,Friday
USER_1383,2026-03-27 06:16:44,Mobile,33.48,Abandoned,6,Friday
USER_0069,2026-03-27 07:44:18,Tablet,60.34,Completed,7,Friday
USER_0901,2026-03-27 08:00:01,Unknown,41.87,Completed,8,Friday
USER_1369,2026-03-27 08:09:16,Desktop,46.6,Abandoned,8,Friday
USER_0023,2026-03-27 09:17:06,Desktop,89.37,Completed,9,Friday
USER_0803,2026-03-27 12:37:14,Mobile,42.83,Abandoned,12,Friday
USER_0449,2026-03-27 14:37:45,Mobile,91.28,Completed,14,Friday
USER_0317,2026-03-27 14:47:08,Mobile,15.35,Abandoned,14,Friday
USER_0524,2026-03-27 15:30:39,Mobile,21.56,Abandoned,15,Friday
USER_0509,2026-03-27 16:18:51,Desktop,12.1,Completed,16,Friday
USER_0226,2026-03-27 18:52:59,Mobile,25.59,Abandoned,18,Friday
USER_1438,2026-03-27 19:57:51,Mobile,182.54,Completed,19,Friday
USER_0977,2026-03-27 20:04:00,Tablet,53.98,Completed,20,Friday
USER_0564,2026-03-27 20:08:30,Mobile,34.16,Abandoned,20,Friday
USER_0261,2026-03-27 21:31:13,Tablet,90.81,Completed,21,Friday
USER_0921,2026-03-27 21:43:55,Tablet,99.54,Abandoned,21,Friday
USER_0193,2026-03-27 22:49:47,Desktop,24.69,Completed,22,Friday
USER_0594,2026-03-28 00:59:36,Mobile,276.95,Abandoned,0,Saturday
USER_1166,2026-03-28 00:59:40,Mobile,65.34,Abandoned,0,Saturday
USER_1285,2026-03-28 02:08:16,Mobile,70.92,Abandoned,2,Saturday
USER_1146,2026-03-28 03:05:21,Mobile,75.43,Completed,3,Saturday
USER_1101,2026-03-28 03:21:50,Mobile,75.33,Abandoned,3,Saturday
USER_0515,2026-03-28 06:27:39,Tablet,36.45,Abandoned,6,Saturday
USER_0133,2026-03-28 09:05:31,Mobile,215.54,Abandoned,9,Saturday
USER_0559,2026-03-28 10:12:13,Desktop,45.36,Completed,10,Saturday
USER_0139,2026-03-28 11:06:36,Unknown,101.74,Completed,11,Saturday
USER_1299,2026-03-28 16:38:11,Desktop,40.1,Completed,16,Saturday
USER_0382,2026-03-28 17:58:15,Tablet,35.73,Abandoned,17,Saturday
USER_0624,2026-03-28 18:15:10,Mobile,187.96,Abandoned,18,Saturday
USER_0235,2026-03-28 18:16:36,Mobile,50.88,Abandoned,18,Saturday
USER_0509,2026-03-28 20:46:31,Desktop,53.4,Abandoned,20,Saturday
USER_0461,2026-03-28 23:26:22,Desktop,65.65,Completed,23,Saturday
USER_1050,2026-03-29 00:06:41,Unknown,296.23,Abandoned,0,Sunday
USER_0460,2026-03-29 00:15:50,Mobile,223.56,Abandoned,0,Sunday
USER_0331,2026-03-29 00:22:42,Mobile,125.77,Completed,0,Sunday
USER_0714,2026-03-29 02:02:12,Tablet,348.92,Abandoned,2,Sunday
USER_0140,2026-03-29 03:49:37,Unknown,29.55,Completed,3,Sunday
USER_0563,2026-03-29 04:10:44,Mobile,83.62,Abandoned,4,Sunday
USER_0962,2026-03-29 04:19:11,Desktop,57.36,Completed,4,Sunday
USER_1196,2026-03-29 04:55:04,Mobile,17.29,Completed,4,Sunday
USER_0341,2026-03-29 05:25:24,Mobile,73.77,Completed,5,Sunday
USER_0097,2026-03-29 05:36:08,Mobile,39.68,Abandoned,5,Sunday
USER_0188,2026-03-29 05:50:12,Mobile,147.94,Abandoned,5,Sunday
USER_0018,2026-03-29 06:22:49,Mobile,42.23,Abandoned,6,Sunday
USER_0688,2026-03-29 06:55:14,Unknown,40.7,Abandoned,6,Sunday
USER_1127,2026-03-29 07:04:02,Mobile,147.89,Completed,7,Sunday
USER_1418,2026-03-29 08:38:01,Desktop,52.32,Completed,8,Sunday
USER_0510,2026-03-29 10:18:45,Desktop,116.26,Abandoned,10,Sunday
USER_0898,2026-03-29 10:22:39,Desktop,71.94,Abandoned,10,Sunday
USER_1297,2026-03-29 11:11:05,Tablet,72.57,Completed,11,Sunday
USER_0242,2026-03-29 11:22:53,Mobile,46.59,Abandoned,11,Sunday
USER_0825,2026-03-29 11:25:44,Unknown,75.67,Completed,11,Sunday
USER_1469,2026-03-29 12:29:03,Desktop,50.13,Completed,12,Sunday
USER_0730,2026-03-29 12:36:00,Mobile,32.38,Abandoned,12,Sunday
USER_1267,2026-03-29 13:39:51,Mobile,51.02,Completed,13,Sunday
USER_0112,2026-03-29 14:04:36,Mobile,126.1,Abandoned,14,Sunday
USER_0616,2026-03-29 14:19:30,Desktop,77.36,Completed,14,Sunday
USER_0942,2026-03-29 14:22:18,Mobile,89.97,Completed,14,Sunday
USER_1038,2026-03-29 14:48:15,Unknown,54.65,Completed,14,Sunday
USER_1253,2026-03-29 16:15:27,Desktop,15.49,Abandoned,16,Sunday
USER_0455,2026-03-29 17:11:29,Desktop,24.68,Abandoned,17,Sunday
USER_0532,2026-03-29 17:50:02,Desktop,45.25,Abandoned,17,Sunday
USER_1402,2026-03-29 18:31:31,Desktop,26.11,Completed,18,Sunday
USER_0123,2026-03-29 19:22:24,Mobile,38.83,Completed,19,Sunday
USER_0508,2026-03-29 19:32:25,Mobile,37.93,Abandoned,19,Sunday
USER_0629,2026-03-29 19:46:13,Desktop,38.68,Completed,19,Sunday
USER_0402,2026-03-29 19:49:33,Mobile,138.96,Abandoned,19,Sunday
USER_1231,2026-03-29 21:40:25,Mobile,52.75,Abandoned,21,Sunday
USER_0817,2026-03-29 21:57:33,Mobile,100.24,Completed,21,Sunday
USER_0984,2026-03-29 21:59:19,Tablet,60.74,Completed,21,Sunday
USER_0634,2026-03-29 22:08:57,Mobile,137.03,Completed,22,Sunday
USER_0174,2026-03-29 22:11:53,Desktop,106.02,Abandoned,22,Sunday
USER_0276,2026-03-29 23:44:02,Mobile,37.17,Completed,23,Sunday
USER_0928,2026-03-30 00:18:43,Mobile,195.4,Abandoned,0,Monday
USER_0725,2026-03-30 00:38:22,Desktop,40.63,Completed,0,Monday
USER_0289,2026-03-30 00:38:23,Mobile,62.18,Abandoned,0,Monday
USER_0420,2026-03-30 01:36:05,Desktop,69.76,Completed,1,Monday
USER_0062,2026-03-30 01:43:07,Desktop,75.0,Completed,1,Monday
USER_0761,2026-03-30 03:14:56,Desktop,91.61,Completed,3,Monday
USER_1043,2026-03-30 04:55:58,Mobile,33.38,Abandoned,4,Monday
USER_0249,2026-03-30 05:23:31,Desktop,86.75,Abandoned,5,Monday
USER_1065,2026-03-30 06:42:19,Desktop,79.66,Completed,6,Monday
USER_0203,2026-03-30 06:49:02,Desktop,54.61,Abandoned,6,Monday
USER_0525,2026-03-30 08:12:18,Mobile,48.26,Completed,8,Monday
USER_0866,2026-03-30 08:12:29,Mobile,32.29,Abandoned,8,Monday
USER_1147,2026-03-30 09:32:27,Tablet,74.61,Abandoned,9,Monday
USER_0943,2026-03-30 09:48:03,Desktop,35.54,Completed,9,Monday
USER_1246,2026-03-30 10:00:14,Mobile,63.73,Abandoned,10,Monday
USER_0175,2026-03-30 10:01:38,Mobile,51.12,Completed,10,Monday
USER_1049,2026-03-30 10:02:57,Mobile,22.94,Completed,10,Monday
USER_0516,2026-03-30 11:09:34,Mobile,29.76,Abandoned,11,Monday
USER_0899,2026-03-30 12:03:58,Mobile,54.730000000000004,Completed,12,Monday
USER_0305,2026-03-30 12:33:12,Mobile,38.83,Abandoned,12,Monday
USER_1368,2026-03-30 13:16:01,Desktop,37.98,Completed,13,Monday
USER_0540,2026-03-30 15:16:46,Mobile,33.23,Abandoned,15,Monday
USER_0859,2026-03-30 15:39:24,Desktop,33.97,Abandoned,15,Monday
USER_0037,2026-03-30 15:57:58,Mobile,158.81,Abandoned,15,Monday
USER_1192,2026-03-30 16:53:18,Mobile,26.37,Abandoned,16,Monday
USER_0454,2026-03-30 18:25:10,Mobile,142.22,Completed,18,Monday
USER_1148,2026-03-30 19:38:39,Mobile,44.04,Completed,19,Monday
USER_1362,2026-03-30 20:20:31,Desktop,35.7,Completed,20,Monday
USER_0560,2026-03-30 21:45:56,Desktop,70.07,Completed,21,Monday
USER_0080,2026-03-30 22:56:55,Mobile,56.51,Abandoned,22,Monday
USER_0673,2026-03-30 23:21:08,Unknown,48.02,Abandoned,23,Monday
USER_0990,2026-03-30 23:22:11,Mobile,62.99,Abandoned,23,Monday
USER_0575,2026-03-30 23:44:19,Desktop,55.93,Abandoned,23,Monday
USER_0828,2026-03-30 23:53:25,Desktop,47.46,Completed,23,Monday
USER_1126,2026-03-31 00:05:35,Mobile,54.730000000000004,Abandoned,0,Tuesday
USER_0037,2026-03-31 00:08:35,Desktop,21.32,Abandoned,0,Tuesday
USER_0770,2026-03-31 00:28:52,Desktop,30.13,Abandoned,0,Tuesday
USER_1318,2026-03-31 01:20:20,Mobile,32.71,Abandoned,1,Tuesday
USER_0822,2026-03-31 01:27:47,Mobile,27.45,Abandoned,1,Tuesday
USER_1043,2026-03-31 01:31:22,Tablet,57.73,Abandoned,1,Tuesday
USER_1490,2026-03-31 02:16:48,Desktop,75.83,Completed,2,Tuesday
USER_0612,2026-03-31 03:18:36,Mobile,15.25,Abandoned,3,Tuesday
USER_0863,2026-03-31 05:01:30,Mobile,40.12,Abandoned,5,Tuesday
USER_0733,2026-03-31 05:37:04,Mobile,44.3,Abandoned,5,Tuesday
USER_0759,2026-03-31 07:57:01,Mobile,45.34,Abandoned,7,Tuesday
USER_0029,2026-03-31 08:00:54,Desktop,23.68,Completed,8,Tuesday
USER_0660,2026-03-31 08:19:45,Mobile,44.54,Abandoned,8,Tuesday
USER_0471,2026-03-31 09:17:27,Desktop,30.2,Abandoned,9,Tuesday
USER_0929,2026-03-31 09:47:06,Desktop,43.93,Completed,9,Tuesday
USER_0917,2026-03-31 09:52:46,Mobile,17.85,Abandoned,9,Tuesday
USER_0999,2026-03-31 10:06:16,Mobile,44.13,Abandoned,10,Tuesday
USER_0395,2026-03-31 10:26:00,Mobile,34.21,Completed,10,Tuesday
USER_1263,2026-03-31 11:06:18,Desktop,46.03,Completed,11,Tuesday
USER_0017,2026-03-31 11:18:22,Mobile,54.730000000000004,Abandoned,11,Tuesday
USER_0961,2026-03-31 11:21:24,Desktop,53.03,Abandoned,11,Tuesday
USER_0763,2026-03-31 12:22:05,Desktop,91.44,Completed,12,Tuesday
USER_0565,2026-03-31 13:22:57,Mobile,43.19,Abandoned,13,Tuesday
USER_0543,2026-03-31 13:29:30,Tablet,81.64,Abandoned,13,Tuesday
USER_0553,2026-03-31 13:37:47,Tablet,113.44,Completed,13,Tuesday
USER_0858,2026-03-31 13:37:52,Mobile,65.23,Completed,13,Tuesday
USER_0414,2026-03-31 14:33:06,Mobile,53.87,Abandoned,14,Tuesday
USER_0549,2026-03-31 14:37:17,Tablet,71.47,Completed,14,Tuesday
USER_0903,2026-03-31 15:27:49,Tablet,66.75,Completed,15,Tuesday
USER_0296,2026-03-31 15:37:43,Mobile,104.67,Abandoned,15,Tuesday
USER_1072,2026-03-31 16:20:08,Mobile,91.47,Completed,16,Tuesday
USER_0454,2026-03-31 17:18:58,Mobile,92.18,Completed,17,Tuesday
USER_0184,2026-03-31 17:25:42,Tablet,56.18,Abandoned,17,Tuesday
USER_0196,2026-03-31 17:44:32,Mobile,68.16,Abandoned,17,Tuesday
USER_0974,2026-03-31 17:47:18,Mobile,67.33,Completed,17,Tuesday
USER_0247,2026-03-31 19:18:00,Desktop,24.91,Completed,19,Tuesday
USER_1276,2026-03-31 19:33:24,Mobile,109.38,Abandoned,19,Tuesday
USER_1353,2026-03-31 20:47:41,Desktop,18.45,Completed,20,Tuesday
USER_0645,2026-03-31 21:27:04,Mobile,86.74,Completed,21,Tuesday
USER_1121,2026-03-31 22:20:32,Desktop,64.95,Completed,22,Tuesday
USER_1172,2026-03-31 23:54:39,Mobile,45.39,Completed,23,Tuesday
USER_0231,2026-03-31 23:57:52,Desktop,70.41,Completed,23,Tuesday
USER_0987,2026-04-01 00:41:52,Unknown,71.67,Abandoned,0,Wednesday
USER_1325,2026-04-01 00:50:08,Mobile,23.33,Abandoned,0,Wednesday
USER_0771,2026-04-01 01:07:27,Mobile,137.07,Abandoned,1,Wednesday
USER_0602,2026-04-01 04:36:30,Mobile,57.22,Abandoned,4,Wednesday
USER_0833,2026-04-01 04:53:24,Mobile,245.81,Abandoned,4,Wednesday
USER_0666,2026-04-01 05:30:07,Desktop,91.23,Abandoned,5,Wednesday
USER_1089,2026-04-01 07:03:22,Desktop,56.38,Completed,7,Wednesday
USER_0022,2026-04-01 11:09:44,Mobile,34.86,Completed,11,Wednesday
USER_1298,2026-04-01 12:26:23,Desktop,50.8,Completed,12,Wednesday
USER_0976,2026-04-01 15:17:18,Desktop,60.18,Completed,15,Wednesday
USER_0318,2026-04-01 16:08:32,Desktop,141.53,Abandoned,16,Wednesday
USER_0399,2026-04-01 17:29:01,Mobile,121.19,Abandoned,17,Wednesday
USER_0490,2026-04-01 18:40:27,Mobile,54.730000000000004,Completed,18,Wednesday
USER_1395,2026-04-01 19:13:39,Mobile,172.43,Abandoned,19,Wednesday
USER_0168,2026-04-01 19:22:52,Mobile,14.72,Completed,19,Wednesday
USER_0258,2026-04-01 20:24:13,Mobile,73.76,Abandoned,20,Wednesday
USER_0399,2026-04-01 22:46:37,Mobile,123.49,Abandoned,22,Wednesday
USER_1223,2026-04-02 00:15:53,Mobile,54.730000000000004,Completed,0,Thursday
USER_1093,2026-04-02 00:33:14,Desktop,22.96,Abandoned,0,Thursday
USER_0843,2026-04-02 01:31:03,Mobile,134.71,Abandoned,1,Thursday
USER_0974,2026-04-02 02:03:35,Mobile,89.56,Abandoned,2,Thursday
USER_1017,2026-04-02 02:21:47,Mobile,54.730000000000004,Abandoned,2,Thursday
USER_1229,2026-04-02 02:31:30,Mobile,57.83,Abandoned,2,Thursday
USER_0335,2026-04-02 02:44:37,Desktop,199.52,Completed,2,Thursday
USER_1063,2026-04-02 03:44:49,Mobile,72.89,Abandoned,3,Thursday
USER_0184,2026-04-02 03:49:06,Mobile,46.65,Abandoned,3,Thursday
USER_1496,2026-04-02 04:54:15,Mobile,32.22,Abandoned,4,Thursday
USER_0504,2026-04-02 08:09:44,Mobile,89.34,Abandoned,8,Thursday
USER_1153,2026-04-02 09:19:05,Mobile,103.65,Abandoned,9,Thursday
USER_1087,2026-04-02 09:26:43,Desktop,56.64,Completed,9,Thursday
USER_0330,2026-04-02 11:43:37,Mobile,37.99,Abandoned,11,Thursday
USER_0421,2026-04-02 11:57:15,Mobile,129.61,Abandoned,11,Thursday
USER_0595,2026-04-02 12:28:08,Mobile,30.67,Completed,12,Thursday
USER_0149,2026-04-02 12:29:46,Mobile,196.4,Abandoned,12,Thursday
USER_1434,2026-04-02 14:58:43,Desktop,33.87,Completed,14,Thursday
USER_0847,2026-04-02 15:55:10,Desktop,23.79,Abandoned,15,Thursday
USER_0087,2026-04-02 16:05:37,Unknown,25.85,Abandoned,16,Thursday
USER_0021,2026-04-02 18:05:32,Mobile,26.54,Abandoned,18,Thursday
USER_0665,2026-04-02 18:17:28,Mobile,54.730000000000004,Completed,18,Thursday
USER_0150,2026-04-02 20:37:07,Desktop,40.27,Abandoned,20,Thursday
USER_1367,2026-04-02 21:19:34,Tablet,106.27,Completed,21,Thursday
USER_0551,2026-04-02 21:53:58,Mobile,96.87,Completed,21,Thursday
USER_0090,2026-04-02 22:23:12,Unknown,47.22,Completed,22,Thursday
USER_0958,2026-04-02 23:59:05,Mobile,54.730000000000004,Abandoned,23,Thursday
USER_0270,2026-04-03 00:00:38,Mobile,46.81,Completed,0,Friday
USER_0725,2026-04-03 00:33:26,Mobile,51.05,Completed,0,Friday
USER_0615,2026-04-03 01:47:09,Mobile,23.8,Abandoned,1,Friday
USER_1387,2026-04-03 03:36:53,Desktop,51.81,Completed,3,Friday
USER_1424,2026-04-03 04:10:45,Mobile,66.24,Abandoned,4,Friday
USER_1408,2026-04-03 05:54:03,Mobile,25.29,Abandoned,5,Friday
USER_1102,2026-04-03 06:02:44,Mobile,39.48,Abandoned,6,Friday
USER_0537,2026-04-03 06:12:33,Desktop,67.53,Completed,6,Friday
USER_0407,2026-04-03 06:45:55,Mobile,38.82,Abandoned,6,Friday
USER_0685,2026-04-03 09:05:12,Desktop,33.88,Completed,9,Friday
USER_0379,2026-04-03 09:57:18,Mobile,90.78,Completed,9,Friday
USER_1069,2026-04-03 10:25:22,Desktop,23.73,Completed,10,Friday
USER_0021,2026-04-03 11:25:00,Mobile,26.92,Completed,11,Friday
USER_0349,2026-04-03 12:12:06,Mobile,61.27,Abandoned,12,Friday
USER_0929,2026-04-03 13:53:19,Mobile,94.63,Abandoned,13,Friday
USER_0318,2026-04-03 13:54:43,Mobile,66.59,Abandoned,13,Friday
USER_0575,2026-04-03 16:02:26,Mobile,47.2,Completed,16,Friday
USER_0587,2026-04-03 16:48:12,Desktop,44.77,Abandoned,16,Friday
USER_1195,2026-04-03 16:56:46,Mobile,105.3,Abandoned,16,Friday
USER_1234,2026-04-03 18:53:12,Mobile,95.43,Completed,18,Friday
USER_0964,2026-04-03 19:16:45,Mobile,56.4,Abandoned,19,Friday
USER_1192,2026-04-03 19:54:57,Desktop,45.58,Abandoned,19,Friday
USER_1154,2026-04-03 20:26:57,Tablet,55.86,Completed,20,Friday
USER_0574,2026-04-03 22:26:38,Desktop,34.03,Completed,22,Friday
USER_1120,2026-04-03 23:34:11,Mobile,49.52,Abandoned,23,Friday
USER_1271,2026-04-04 00:27:17,Desktop,39.72,Abandoned,0,Saturday
USER_0032,2026-04-04 00:43:41,Tablet,51.13,Abandoned,0,Saturday
USER_1312,2026-04-04 00:55:08,Desktop,40.65,Abandoned,0,Saturday
USER_0010,2026-04-04 02:49:51,Mobile,76.75,Completed,2,Saturday
USER_0021,2026-04-04 02:50:09,Mobile,92.94,Abandoned,2,Saturday
USER_0268,2026-04-04 03:34:16,Mobile,42.66,Completed,3,Saturday
USER_0692,2026-04-04 04:13:38,Mobile,32.21,Abandoned,4,Saturday
USER_0588,2026-04-04 04:19:23,Desktop,86.71,Completed,4,Saturday
USER_0688,2026-04-04 04:57:28,Mobile,61.56,Abandoned,4,Saturday
USER_0513,2026-04-04 05:21:55,Mobile,43.02,Abandoned,5,Saturday
USER_0822,2026-04-04 06:18:27,Desktop,133.5,Completed,6,Saturday
USER_0516,2026-04-04 07:00:26,Desktop,37.82,Completed,7,Saturday
USER_0868,2026-04-04 07:43:21,Mobile,54.730000000000004,Abandoned,7,Saturday
USER_0691,2026-04-04 08:30:19,Desktop,34.46,Completed,8,Saturday
USER_1111,2026-04-04 09:32:32,Mobile,156.33,Completed,9,Saturday
USER_0474,2026-04-04 10:51:48,Desktop,44.41,Abandoned,10,Saturday
USER_1414,2026-04-04 11:50:13,Desktop,39.05,Abandoned,11,Saturday
USER_0099,2026-04-04 12:08:06,Mobile,55.55,Abandoned,12,Saturday
USER_1125,2026-04-04 12:23:43,Desktop,105.34,Completed,12,Saturday
USER_0938,2026-04-04 15:20:33,Desktop,51.73,Abandoned,15,Saturday
USER_0399,2026-04-04 15:36:03,Mobile,80.19,Abandoned,15,Saturday
USER_1247,2026-04-04 16:06:52,Mobile,48.28,Abandoned,16,Saturday
USER_1388,2026-04-04 16:29:26,Desktop,80.6,Completed,16,Saturday
USER_0989,2026-04-04 16:58:17,Mobile,61.39,Abandoned,16,Saturday
USER_1285,2026-04-04 19:01:10,Mobile,42.15,Abandoned,19,Saturday
USER_1326,2026-04-04 20:31:14,Desktop,64.57,Completed,20,Saturday
USER_0300,2026-04-04 20:35:34,Desktop,38.37,Completed,20,Saturday
USER_0242,2026-04-04 21:06:24,Mobile,22.29,Completed,21,Saturday
USER_0664,2026-04-04 21:47:29,Mobile,53.9,Completed,21,Saturday
USER_1307,2026-04-04 23:10:12,Mobile,23.62,Abandoned,23,Saturday
USER_0941,2026-04-04 23:25:50,Mobile,80.51,Abandoned,23,Saturday
USER_0131,2026-04-04 23:40:59,Mobile,53.28,Abandoned,23,Saturday
USER_0397,2026-04-04 23:46:06,Desktop,137.71,Completed,23,Saturday
USER_0328,2026-04-04 23:58:05,Mobile,44.05,Abandoned,23,Saturday
USER_1451,2026-04-05 00:25:55,Mobile,54.730000000000004,Completed,0,Sunday
USER_0247,2026-04-05 01:00:48,Mobile,21.0,Completed,1,Sunday
USER_0495,2026-04-05 01:21:32,Tablet,26.64,Abandoned,1,Sunday
USER_0729,2026-04-05 02:56:02,Mobile,18.34,Abandoned,2,Sunday
USER_0635,2026-04-05 03:49:00,Mobile,109.99,Abandoned,3,Sunday
USER_0917,2026-04-05 03:56:40,Mobile,54.730000000000004,Abandoned,3,Sunday
USER_1391,2026-04-05 04:58:00,Desktop,129.36,Abandoned,4,Sunday
USER_0520,2026-04-05 05:16:34,Desktop,10.0,Completed,5,Sunday
USER_1225,2026-04-05 08:12:48,Mobile,149.34,Abandoned,8,Sunday
USER_1015,2026-04-05 08:16:22,Mobile,52.24,Abandoned,8,Sunday
USER_0006,2026-04-05 10:14:30,Mobile,68.09,Abandoned,10,Sunday
USER_0375,2026-04-05 10:19:41,Mobile,27.36,Completed,10,Sunday
USER_0942,2026-04-05 11:36:05,Mobile,76.92,Completed,11,Sunday
USER_1063,2026-04-05 12:02:42,Mobile,42.82,Completed,12,Sunday
USER_0785,2026-04-05 12:39:57,Mobile,54.730000000000004,Completed,12,Sunday
USER_0114,2026-04-05 13:13:03,Mobile,24.9,Abandoned,13,Sunday
USER_0727,2026-04-05 14:59:36,Mobile,24.62,Abandoned,14,Sunday
USER_0989,2026-04-05 15:22:38,Desktop,54.730000000000004,Abandoned,15,Sunday
USER_0138,2026-04-05 16:45:32,Mobile,36.12,Abandoned,16,Sunday
USER_1124,2026-04-05 16:52:00,Mobile,18.8,Completed,16,Sunday
USER_0143,2026-04-05 18:02:45,Mobile,69.41,Abandoned,18,Sunday
USER_0182,2026-04-05 20:10:53,Tablet,13.3,Abandoned,20,Sunday
USER_1029,2026-04-05 20:55:06,Desktop,129.53,Completed,20,Sunday
USER_1372,2026-04-05 22:30:37,Mobile,198.58,Completed,22,Sunday
USER_0019,2026-04-05 23:32:16,Mobile,23.26,Completed,23,Sunday
USER_0652,2026-04-06 00:02:29,Mobile,108.21,Abandoned,0,Monday
USER_0092,2026-04-06 00:17:41,Mobile,54.730000000000004,Completed,0,Monday
USER_0642,2026-04-06 00:25:17,Mobile,39.45,Abandoned,0,Monday
USER_1071,2026-04-06 01:46:12,Desktop,40.66,Abandoned,1,Monday
USER_0823,2026-04-06 05:00:36,Mobile,83.55,Completed,5,Monday
USER_0055,2026-04-06 05:24:49,Desktop,53.2,Completed,5,Monday
USER_0373,2026-04-06 05:45:36,Mobile,10.11,Abandoned,5,Monday
USER_0690,2026-04-06 06:34:51,Desktop,210.07,Abandoned,6,Monday
USER_0154,2026-04-06 07:13:45,Desktop,72.35,Completed,7,Monday
USER_1068,2026-04-06 07:29:15,Mobile,52.78,Abandoned,7,Monday
USER_0947,2026-04-06 08:38:35,Mobile,34.23,Completed,8,Monday
USER_0641,2026-04-06 09:29:44,Mobile,48.29,Abandoned,9,Monday
USER_0019,2026-04-06 09:36:20,Mobile,124.58,Completed,9,Monday
USER_0330,2026-04-06 10:17:24,Mobile,64.72,Completed,10,Monday
USER_1253,2026-04-06 10:44:33,Desktop,69.69,Completed,10,Monday
USER_1388,2026-04-06 13:25:27,Mobile,24.24,Abandoned,13,Monday
USER_1250,2026-04-06 14:46:35,Tablet,43.5,Abandoned,14,Monday
USER_1202,2026-04-06 15:03:56,Mobile,56.44,Abandoned,15,Monday
USER_1393,2026-04-06 17:10:41,Tablet,85.86,Abandoned,17,Monday
USER_0946,2026-04-06 17:22:42,Mobile,41.67,Abandoned,17,Monday
USER_1316,2026-04-06 20:52:41,Desktop,99.79,Completed,20,Monday
USER_0518,2026-04-06 21:16:18,Mobile,25.95,Abandoned,21,Monday
USER_0807,2026-04-06 22:21:55,Mobile,57.12,Completed,22,Monday
USER_0361,2026-04-07 00:08:39,Desktop,51.24,Abandoned,0,Tuesday
USER_1154,2026-04-07 00:25:53,Mobile,20.39,Completed,0,Tuesday
USER_0227,2026-04-07 00:32:15,Desktop,52.93,Completed,0,Tuesday
USER_0230,2026-04-07 02:10:58,Unknown,37.39,Abandoned,2,Tuesday
USER_0699,2026-04-07 02:53:51,Mobile,136.86,Completed,2,Tuesday
USER_0362,2026-04-07 03:10:27,Mobile,54.730000000000004,Abandoned,3,Tuesday
USER_1036,2026-04-07 04:54:08,Desktop,68.58,Completed,4,Tuesday
USER_0742,2026-04-07 06:47:29,Mobile,24.53,Completed,6,Tuesday
USER_1438,2026-04-07 08:11:20,Desktop,63.67,Completed,8,Tuesday
USER_1022,2026-04-07 08:20:36,Desktop,41.69,Abandoned,8,Tuesday
USER_0873,2026-04-07 08:44:17,Mobile,32.96,Abandoned,8,Tuesday
USER_0285,2026-04-07 10:58:40,Unknown,54.730000000000004,Abandoned,10,Tuesday
USER_0337,2026-04-07 11:42:42,Desktop,43.39,Completed,11,Tuesday
USER_0751,2026-04-07 12:53:11,Mobile,47.57,Completed,12,Tuesday
USER_0823,2026-04-07 12:56:00,Mobile,54.730000000000004,Abandoned,12,Tuesday
USER_0762,2026-04-07 14:00:54,Mobile,33.13,Completed,14,Tuesday
USER_0944,2026-04-07 14:36:28,Mobile,70.96,Completed,14,Tuesday
USER_0963,2026-04-07 15:11:05,Mobile,76.07,Abandoned,15,Tuesday
USER_0570,2026-04-07 15:46:24,Mobile,64.01,Abandoned,15,Tuesday
USER_0363,2026-04-07 16:18:55,Desktop,242.89,Abandoned,16,Tuesday
USER_0749,2026-04-07 16:57:05,Mobile,32.37,Completed,16,Tuesday
USER_1014,2026-04-07 17:53:47,Mobile,148.33,Completed,17,Tuesday
USER_0590,2026-04-07 20:53:17,Tablet,74.21,Abandoned,20,Tuesday
USER_0457,2026-04-07 21:20:23,Desktop,98.61,Abandoned,21,Tuesday
USER_1168,2026-04-07 21:43:22,Desktop,68.16,Completed,21,Tuesday
USER_0031,2026-04-07 23:11:40,Mobile,185.1,Completed,23,Tuesday
USER_0551,2026-04-08 00:14:20,Desktop,44.34,Completed,0,Wednesday
USER_0202,2026-04-08 01:32:49,Mobile,75.43,Abandoned,1,Wednesday
USER_0630,2026-04-08 02:13:43,Mobile,127.56,Abandoned,2,Wednesday
USER_1378,2026-04-08 06:52:27,Mobile,37.97,Abandoned,6,Wednesday
USER_0605,2026-04-08 08:09:44,Mobile,104.61,Abandoned,8,Wednesday
USER_1267,2026-04-08 09:33:44,Desktop,53.94,Completed,9,Wednesday
USER_0715,2026-04-08 10:26:25,Mobile,24.47,Abandoned,10,Wednesday
USER_1124,2026-04-08 10:34:25,Desktop,54.730000000000004,Completed,10,Wednesday
USER_0920,2026-04-08 11:16:14,Desktop,51.47,Completed,11,Wednesday
USER_0019,2026-04-08 13:27:21,Desktop,103.97,Completed,13,Wednesday
USER_0268,2026-04-08 13:35:47,Mobile,14.14,Abandoned,13,Wednesday
USER_0763,2026-04-08 14:44:24,Desktop,62.2,Completed,14,Wednesday
USER_1008,2026-04-08 15:00:58,Mobile,97.52,Abandoned,15,Wednesday
USER_0770,2026-04-08 15:40:47,Mobile,23.79,Abandoned,15,Wednesday
USER_1124,2026-04-08 15:43:12,Tablet,36.16,Completed,15,Wednesday
USER_0678,2026-04-08 16:07:36,Mobile,79.2,Abandoned,16,Wednesday
USER_0470,2026-04-08 16:52:37,Mobile,94.78,Abandoned,16,Wednesday
USER_0475,2026-04-08 17:22:33,Desktop,154.88,Completed,17,Wednesday
USER_0337,2026-04-08 17:54:03,Mobile,37.3,Completed,17,Wednesday
USER_0435,2026-04-08 18:18:51,Desktop,32.13,Completed,18,Wednesday
USER_1005,2026-04-08 20:26:04,Mobile,159.85,Completed,20,Wednesday
USER_1499,2026-04-08 22:36:16,Mobile,33.42,Abandoned,22,Wednesday
USER_1120,2026-04-08 23:50:02,Mobile,75.92,Abandoned,23,Wednesday
USER_1313,2026-04-08 23:52:04,Mobile,225.66,Abandoned,23,Wednesday
USER_0921,2026-04-09 01:10:14,Mobile,89.06,Abandoned,1,Thursday
USER_0356,2026-04-09 02:30:01,Desktop,90.84,Abandoned,2,Thursday
USER_0675,2026-04-09 03:12:28,Mobile,125.3,Abandoned,3,Thursday
USER_0550,2026-04-09 03:17:05,Tablet,76.8,Abandoned,3,Thursday
USER_1251,2026-04-09 03:36:11,Mobile,91.13,Completed,3,Thursday
USER_0833,2026-04-09 04:24:23,Mobile,43.7,Abandoned,4,Thursday
USER_0602,2026-04-09 06:44:45,Desktop,116.04,Completed,6,Thursday
USER_0919,2026-04-09 09:06:10,Tablet,71.43,Completed,9,Thursday
USER_0277,2026-04-09 10:52:57,Mobile,20.89,Abandoned,10,Thursday
USER_1257,2026-04-09 11:05:50,Desktop,63.94,Abandoned,11,Thursday
USER_1320,2026-04-09 11:12:08,Desktop,13.33,Abandoned,11,Thursday
USER_0013,2026-04-09 11:34:11,Mobile,86.84,Completed,11,Thursday
USER_0050,2026-04-09 12:23:27,Desktop,46.91,Abandoned,12,Thursday
USER_0455,2026-04-09 12:46:39,Mobile,188.41,Abandoned,12,Thursday
USER_0203,2026-04-09 15:01:07,Desktop,75.06,Completed,15,Thursday
USER_1284,2026-04-09 15:08:42,Tablet,99.56,Completed,15,Thursday
USER_1311,2026-04-09 16:28:28,Desktop,27.61,Abandoned,16,Thursday
USER_0339,2026-04-09 17:27:37,Mobile,54.730000000000004,Abandoned,17,Thursday
USER_0986,2026-04-09 17:35:08,Mobile,36.0,Completed,17,Thursday
USER_0621,2026-04-09 19:00:40,Tablet,110.92,Completed,19,Thursday
USER_0504,2026-04-09 19:10:39,Mobile,26.39,Abandoned,19,Thursday
USER_0202,2026-04-09 19:28:53,Mobile,58.64,Abandoned,19,Thursday
USER_1068,2026-04-09 20:51:54,Desktop,25.72,Completed,20,Thursday
USER_0024,2026-04-09 21:05:44,Mobile,59.25,Completed,21,Thursday
USER_0995,2026-04-09 22:11:25,Mobile,203.29,Completed,22,Thursday
USER_1241,2026-04-09 22:28:00,Mobile,87.25,Abandoned,22,Thursday
USER_0955,2026-04-10 01:22:22,Mobile,53.45,Completed,1,Friday
USER_1373,2026-04-10 01:39:16,Desktop,11.02,Abandoned,1,Friday
USER_0250,2026-04-10 02:47:25,Desktop,38.54,Abandoned,2,Friday
USER_0486,2026-04-10 04:39:57,Mobile,74.33,Abandoned,4,Friday
USER_1410,2026-04-10 07:28:24,Desktop,39.17,Completed,7,Friday
USER_0607,2026-04-10 11:27:39,Desktop,138.05,Completed,11,Friday
USER_0977,2026-04-10 12:11:34,Unknown,54.730000000000004,Abandoned,12,Friday
USER_1441,2026-04-10 13:19:54,Mobile,110.07,Completed,13,Friday
USER_1356,2026-04-10 14:18:14,Desktop,62.38,Abandoned,14,Friday
USER_0139,2026-04-10 14:46:16,Mobile,45.63,Completed,14,Friday
USER_0923,2026-04-10 16:24:30,Desktop,40.19,Abandoned,16,Friday
USER_1038,2026-04-10 16:51:35,Desktop,28.28,Completed,16,Friday
USER_0533,2026-04-10 16:59:47,Mobile,111.36,Completed,16,Friday
USER_0805,2026-04-10 19:09:47,Tablet,41.34,Abandoned,19,Friday
USER_0740,2026-04-10 19:11:33,Mobile,76.67,Abandoned,19,Friday
USER_0193,2026-04-10 19:17:21,Desktop,38.79,Completed,19,Friday
USER_0283,2026-04-10 19:52:26,Mobile,27.01,Completed,19,Friday
USER_0129,2026-04-10 22:35:39,Tablet,78.32,Abandoned,22,Friday
USER_0541,2026-04-10 23:24:32,Mobile,33.6,Abandoned,23,Friday
USER_0777,2026-04-10 23:24:33,Mobile,42.08,Abandoned,23,Friday
USER_1133,2026-04-11 00:47:53,Mobile,24.25,Completed,0,Saturday
USER_0397,2026-04-11 00:49:39,Mobile,39.63,Abandoned,0,Saturday
USER_1222,2026-04-11 02:13:55,Mobile,55.46,Abandoned,2,Saturday
USER_1384,2026-04-11 02:35:18,Desktop,45.29,Completed,2,Saturday
USER_0167,2026-04-11 02:58:19,Mobile,92.93,Abandoned,2,Saturday
USER_0999,2026-04-11 03:09:07,Mobile,60.01,Abandoned,3,Saturday
USER_0873,2026-04-11 04:03:04,Mobile,406.16,Completed,4,Saturday
USER_0387,2026-04-11 04:05:58,Desktop,71.93,Completed,4,Saturday
USER_1434,2026-04-11 04:45:16,Desktop,17.67,Completed,4,Saturday
USER_0041,2026-04-11 05:02:03,Desktop,47.54,Abandoned,5,Saturday
USER_0978,2026-04-11 05:12:34,Desktop,50.3,Completed,5,Saturday
USER_1014,2026-04-11 06:09:09,Mobile,36.64,Abandoned,6,Saturday
USER_1280,2026-04-11 07:25:12,Mobile,57.24,Abandoned,7,Saturday
USER_0637,2026-04-11 07:32:06,Mobile,35.94,Abandoned,7,Saturday
USER_1090,2026-04-11 09:00:24,Desktop,67.78,Completed,9,Saturday
USER_0408,2026-04-11 09:24:59,Tablet,54.730000000000004,Completed,9,Saturday
USER_0454,2026-04-11 09:38:28,Mobile,114.86,Abandoned,9,Saturday
USER_0648,2026-04-11 11:38:41,Unknown,54.730000000000004,Abandoned,11,Saturday
USER_0888,2026-04-11 12:21:49,Mobile,46.0,Completed,12,Saturday
USER_0307,2026-04-11 13:27:38,Mobile,33.91,Completed,13,Saturday
USER_0935,2026-04-11 16:24:03,Unknown,66.61,Completed,16,Saturday
USER_0073,2026-04-11 16:45:49,Mobile,48.47,Completed,16,Saturday
USER_0025,2026-04-11 17:05:24,Tablet,64.3,Abandoned,17,Saturday
USER_1294,2026-04-11 17:50:25,Mobile,112.42,Completed,17,Saturday
USER_0537,2026-04-11 19:35:06,Tablet,89.98,Abandoned,19,Saturday
USER_1146,2026-04-11 19:39:05,Desktop,55.9,Completed,19,Saturday
USER_0881,2026-04-11 20:25:42,Desktop,73.6,Completed,20,Saturday
USER_0022,2026-04-11 20:32:17,Desktop,195.2,Completed,20,Saturday
USER_0005,2026-04-11 20:48:12,Unknown,92.09,Abandoned,20,Saturday
USER_0776,2026-04-11 21:30:29,Desktop,45.11,Completed,21,Saturday
USER_0846,2026-04-11 23:00:56,Desktop,125.29,Abandoned,23,Saturday
USER_1393,2026-04-11 23:21:58,Desktop,70.41,Completed,23,Saturday
USER_1043,2026-04-12 01:13:49,Tablet,29.2,Abandoned,1,Sunday
USER_0720,2026-04-12 01:17:12,Desktop,48.55,Abandoned,1,Sunday
USER_0532,2026-04-12 02:12:32,Desktop,20.97,Abandoned,2,Sunday
USER_0233,2026-04-12 03:04:12,Desktop,12.36,Completed,3,Sunday
USER_0701,2026-04-12 03:04:16,Mobile,29.46,Abandoned,3,Sunday
USER_1300,2026-04-12 03:08:43,Mobile,59.13,Abandoned,3,Sunday
USER_0124,2026-04-12 03:12:05,Mobile,59.24,Abandoned,3,Sunday
USER_0312,2026-04-12 03:24:36,Mobile,21.81,Abandoned,3,Sunday
USER_0617,2026-04-12 03:34:47,Desktop,11.63,Completed,3,Sunday
USER_1364,2026-04-12 04:02:53,Mobile,142.02,Completed,4,Sunday
USER_0613,2026-04-12 04:14:07,Desktop,58.09,Completed,4,Sunday
USER_1313,2026-04-12 05:16:26,Mobile,150.09,Abandoned,5,Sunday
USER_1255,2026-04-12 06:31:57,Mobile,144.62,Completed,6,Sunday
USER_0392,2026-04-12 07:29:33,Desktop,88.02,Completed,7,Sunday
USER_0637,2026-04-12 09:49:13,Desktop,56.74,Abandoned,9,Sunday
USER_0305,2026-04-12 11:36:41,Mobile,42.16,Completed,11,Sunday
USER_1487,2026-04-12 12:30:19,Desktop,87.1,Abandoned,12,Sunday
USER_1278,2026-04-12 12:56:18,Desktop,49.21,Abandoned,12,Sunday
USER_0111,2026-04-12 13:08:33,Mobile,37.22,Completed,13,Sunday
USER_0891,2026-04-12 13:27:01,Mobile,13.96,Abandoned,13,Sunday
USER_0867,2026-04-12 13:53:01,Tablet,51.73,Completed,13,Sunday
USER_0267,2026-04-12 14:38:36,Mobile,111.37,Completed,14,Sunday
USER_0571,2026-04-12 14:42:20,Mobile,123.79,Abandoned,14,Sunday
USER_1241,2026-04-12 14:49:48,Mobile,56.52,Abandoned,14,Sunday
USER_0860,2026-04-12 15:49:36,Desktop,30.64,Completed,15,Sunday
USER_1332,2026-04-12 15:50:06,Desktop,98.18,Abandoned,15,Sunday
USER_0205,2026-04-12 16:17:44,Desktop,54.06,Completed,16,Sunday
USER_1275,2026-04-12 16:29:40,Mobile,43.05,Completed,16,Sunday
USER_0388,2026-04-12 18:09:25,Desktop,21.19,Completed,18,Sunday
USER_0288,2026-04-12 19:11:32,Mobile,214.31,Abandoned,19,Sunday
USER_1145,2026-04-12 19:20:15,Mobile,88.23,Abandoned,19,Sunday
USER_0251,2026-04-12 20:07:14,Mobile,94.64,Abandoned,20,Sunday
USER_0604,2026-04-12 21:20:35,Mobile,31.16,Completed,21,Sunday
USER_0336,2026-04-12 22:59:07,Desktop,57.5,Completed,22,Sunday
USER_0350,2026-04-12 23:00:10,Tablet,51.78,Completed,23,Sunday
USER_0191,2026-04-12 23:19:41,Mobile,90.77,Abandoned,23,Sunday
USER_0224,2026-04-12 23:34:09,Desktop,132.13,Abandoned,23,Sunday
USER_0451,2026-04-13 00:07:20,Desktop,21.49,Abandoned,0,Monday
USER_0170,2026-04-13 00:44:56,Tablet,27.15,Abandoned,0,Monday
USER_0485,2026-04-13 01:12:44,Unknown,83.07,Abandoned,1,Monday
USER_0379,2026-04-13 01:18:38,Desktop,39.24,Abandoned,1,Monday
USER_0972,2026-04-13 02:23:57,Mobile,92.73,Completed,2,Monday
USER_0405,2026-04-13 02:25:49,Desktop,42.84,Completed,2,Monday
USER_0301,2026-04-13 02:40:05,Mobile,24.25,Completed,2,Monday
USER_0233,2026-04-13 05:00:52,Desktop,17.4,Abandoned,5,Monday
USER_0177,2026-04-13 06:37:01,Mobile,74.79,Abandoned,6,Monday
USER_1443,2026-04-13 07:16:48,Unknown,75.99,Abandoned,7,Monday
USER_1263,2026-04-13 07:43:17,Desktop,102.58,Abandoned,7,Monday
USER_0791,2026-04-13 08:03:50,Desktop,67.57,Completed,8,Monday
USER_1475,2026-04-13 08:51:52,Desktop,10.0,Abandoned,8,Monday
USER_1096,2026-04-13 11:29:58,Desktop,75.73,Completed,11,Monday
USER_0885,2026-04-13 11:46:37,Mobile,21.17,Abandoned,11,Monday
USER_1486,2026-04-13 11:53:23,Mobile,16.22,Abandoned,11,Monday
USER_0833,2026-04-13 13:11:26,Mobile,14.99,Completed,13,Monday
USER_1347,2026-04-13 13:12:49,Mobile,54.730000000000004,Abandoned,13,Monday
USER_0983,2026-04-13 13:44:24,Desktop,65.45,Completed,13,Monday
USER_0314,2026-04-13 14:11:26,Desktop,33.94,Abandoned,14,Monday
USER_1230,2026-04-13 15:35:58,Desktop,20.34,Completed,15,Monday
USER_1275,2026-04-13 16:58:15,Desktop,55.42,Completed,16,Monday
USER_1293,2026-04-13 17:20:34,Desktop,26.61,Completed,17,Monday
USER_0493,2026-04-13 17:44:19,Mobile,103.31,Abandoned,17,Monday
USER_1215,2026-04-13 18:07:03,Mobile,140.14,Completed,18,Monday
USER_1460,2026-04-13 18:37:03,Unknown,47.4,Completed,18,Monday
USER_0673,2026-04-13 18:58:31,Mobile,133.65,Completed,18,Monday
USER_1368,2026-04-13 19:55:27,Mobile,133.5,Abandoned,19,Monday
USER_0123,2026-04-13 20:04:08,Mobile,57.68,Abandoned,20,Monday
USER_0575,2026-04-13 20:38:40,Desktop,168.47,Completed,20,Monday
USER_1189,2026-04-13 21:33:21,Mobile,36.45,Completed,21,Monday
USER_0664,2026-04-13 21:41:12,Desktop,15.32,Completed,21,Monday
USER_0262,2026-04-13 22:25:18,Desktop,19.88,Completed,22,Monday
USER_0618,2026-04-14 00:00:17,Mobile,35.37,Abandoned,0,Tuesday
USER_0822,2026-04-14 00:09:30,Desktop,77.27,Completed,0,Tuesday
USER_0981,2026-04-14 00:41:14,Desktop,25.77,Completed,0,Tuesday
USER_0343,2026-04-14 01:50:08,Desktop,35.19,Completed,1,Tuesday
USER_0662,2026-04-14 02:38:40,Desktop,24.24,Abandoned,2,Tuesday
USER_0211,2026-04-14 03:00:05,Mobile,35.72,Abandoned,3,Tuesday
USER_0520,2026-04-14 04:39:08,Desktop,130.68,Completed,4,Tuesday
USER_1024,2026-04-14 04:52:56,Mobile,68.88,Abandoned,4,Tuesday
USER_0906,2026-04-14 05:22:42,Unknown,37.52,Abandoned,5,Tuesday
USER_0115,2026-04-14 06:00:57,Desktop,120.7,Completed,6,Tuesday
USER_0104,2026-04-14 07:31:39,Desktop,55.52,Completed,7,Tuesday
USER_1368,2026-04-14 11:23:23,Mobile,59.55,Abandoned,11,Tuesday
USER_1015,2026-04-14 12:57:30,Mobile,114.76,Abandoned,12,Tuesday
USER_1094,2026-04-14 13:11:34,Mobile,43.7,Abandoned,13,Tuesday
USER_0863,2026-04-14 13:28:47,Mobile,99.04,Abandoned,13,Tuesday
USER_0740,2026-04-14 15:31:58,Mobile,94.56,Completed,15,Tuesday
USER_1342,2026-04-14 16:33:45,Mobile,49.67,Abandoned,16,Tuesday
USER_1089,2026-04-14 16:46:41,Mobile,22.03,Abandoned,16,Tuesday
USER_1012,2026-04-14 19:48:32,Tablet,55.05,Completed,19,Tuesday
USER_1476,2026-04-14 19:55:22,Mobile,54.730000000000004,Completed,19,Tuesday
USER_0019,2026-04-14 20:35:26,Tablet,93.02,Completed,20,Tuesday
USER_0170,2026-04-14 21:14:41,Tablet,54.730000000000004,Abandoned,21,Tuesday
USER_0282,2026-04-14 22:13:39,Mobile,39.7,Completed,22,Tuesday
USER_0674,2026-04-14 23:05:39,Desktop,90.61,Abandoned,23,Tuesday
USER_0351,2026-04-14 23:54:50,Mobile,28.39,Abandoned,23,Tuesday
USER_0732,2026-04-15 00:46:40,Desktop,62.24,Abandoned,0,Wednesday
USER_0591,2026-04-15 01:58:39,Mobile,112.0,Abandoned,1,Wednesday
USER_0869,2026-04-15 02:20:06,Mobile,98.41,Abandoned,2,Wednesday
USER_1080,2026-04-15 02:25:59,Desktop,54.730000000000004,Completed,2,Wednesday
USER_0914,2026-04-15 04:54:41,Mobile,45.87,Abandoned,4,Wednesday
USER_0806,2026-04-15 05:07:04,Desktop,28.6,Completed,5,Wednesday
USER_0156,2026-04-15 06:03:49,Mobile,47.15,Abandoned,6,Wednesday
USER_0879,2026-04-15 06:18:24,Mobile,54.730000000000004,Abandoned,6,Wednesday
USER_1359,2026-04-15 06:47:46,Mobile,43.68,Abandoned,6,Wednesday
USER_1228,2026-04-15 07:13:23,Mobile,16.88,Completed,7,Wednesday
USER_0143,2026-04-15 07:14:58,Mobile,23.17,Completed,7,Wednesday
USER_0669,2026-04-15 07:32:40,Mobile,95.04,Completed,7,Wednesday
USER_0752,2026-04-15 08:17:28,Mobile,88.4,Completed,8,Wednesday
USER_0842,2026-04-15 09:17:46,Desktop,45.25,Completed,9,Wednesday
USER_0678,2026-04-15 11:15:17,Mobile,56.95,Abandoned,11,Wednesday
USER_1408,2026-04-15 11:41:52,Desktop,62.13,Completed,11,Wednesday
USER_1467,2026-04-15 12:45:19,Mobile,73.64,Abandoned,12,Wednesday
USER_0076,2026-04-15 13:41:23,Desktop,68.69,Completed,13,Wednesday
USER_0393,2026-04-15 16:44:21,Mobile,22.9,Abandoned,16,Wednesday
USER_0035,2026-04-15 17:29:55,Mobile,11.16,Abandoned,17,Wednesday
USER_0868,2026-04-15 18:39:32,Mobile,28.19,Abandoned,18,Wednesday
USER_0338,2026-04-15 19:58:03,Mobile,49.39,Abandoned,19,Wednesday
USER_1359,2026-04-15 20:12:33,Desktop,101.91,Completed,20,Wednesday
USER_0938,2026-04-15 21:55:07,Mobile,63.58,Abandoned,21,Wednesday
USER_1231,2026-04-15 23:53:14,Tablet,77.27,Completed,23,Wednesday
USER_0910,2026-04-16 00:11:24,Mobile,30.48,Abandoned,0,Thursday
USER_1096,2026-04-16 00:18:22,Mobile,52.14,Abandoned,0,Thursday
USER_0039,2026-04-16 00:32:16,Desktop,56.97,Completed,0,Thursday
USER_0571,2026-04-16 00:36:59,Mobile,33.41,Abandoned,0,Thursday
USER_1282,2026-04-16 02:11:00,Desktop,27.24,Abandoned,2,Thursday
USER_1114,2026-04-16 02:28:17,Mobile,47.12,Abandoned,2,Thursday
USER_0776,2026-04-16 02:29:21,Desktop,83.91,Abandoned,2,Thursday
USER_0602,2026-04-16 05:13:42,Mobile,30.32,Abandoned,5,Thursday
USER_0610,2026-04-16 05:57:12,Desktop,47.69,Abandoned,5,Thursday
USER_0151,2026-04-16 06:06:04,Desktop,131.73,Completed,6,Thursday
USER_0628,2026-04-16 08:19:08,Mobile,38.96,Completed,8,Thursday
USER_0477,2026-04-16 08:34:29,Mobile,54.86,Abandoned,8,Thursday
USER_1308,2026-04-16 08:46:51,Mobile,50.97,Abandoned,8,Thursday
USER_0619,2026-04-16 09:48:58,Tablet,48.32,Abandoned,9,Thursday
USER_0142,2026-04-16 11:08:31,Mobile,54.730000000000004,Abandoned,11,Thursday
USER_0115,2026-04-16 11:42:59,Mobile,66.6,Completed,11,Thursday
USER_0485,2026-04-16 12:14:35,Mobile,19.68,Abandoned,12,Thursday
USER_1040,2026-04-16 13:24:26,Unknown,147.45,Completed,13,Thursday
USER_1023,2026-04-16 14:56:45,Desktop,65.28,Completed,14,Thursday
USER_0734,2026-04-16 15:17:44,Tablet,42.83,Completed,15,Thursday
USER_0390,2026-04-16 16:37:52,Mobile,131.25,Abandoned,16,Thursday
USER_0960,2026-04-16 17:55:56,Desktop,32.91,Abandoned,17,Thursday
USER_0740,2026-04-16 18:16:59,Mobile,166.53,Completed,18,Thursday
USER_0973,2026-04-16 19:38:13,Mobile,58.01,Completed,19,Thursday
USER_0287,2026-04-16 19:53:09,Mobile,104.96,Abandoned,19,Thursday
USER_1461,2026-04-16 20:19:15,Desktop,400.97,Completed,20,Thursday
USER_1289,2026-04-16 20:46:19,Tablet,61.38,Abandoned,20,Thursday
USER_0261,2026-04-16 21:22:18,Desktop,51.27,Abandoned,21,Thursday
USER_1257,2026-04-16 23:33:51,Mobile,27.29,Abandoned,23,Thursday
USER_1089,2026-04-16 23:56:13,Mobile,50.48,Completed,23,Thursday
USER_0273,2026-04-17 00:09:16,Mobile,27.84,Completed,0,Friday
USER_0508,2026-04-17 00:36:13,Tablet,48.35,Abandoned,0,Friday
USER_0836,2026-04-17 00:41:39,Desktop,358.36,Abandoned,0,Friday
USER_0633,2026-04-17 02:10:43,Desktop,59.01,Completed,2,Friday
USER_0971,2026-04-17 05:47:59,Mobile,38.1,Abandoned,5,Friday
USER_0025,2026-04-17 06:26:03,Mobile,47.64,Abandoned,6,Friday
USER_0367,2026-04-17 07:15:19,Mobile,41.77,Abandoned,7,Friday
USER_0254,2026-04-17 07:43:11,Mobile,107.93,Abandoned,7,Friday
USER_1326,2026-04-17 08:18:15,Mobile,51.49,Abandoned,8,Friday
USER_0287,2026-04-17 08:33:35,Mobile,155.37,Abandoned,8,Friday
USER_0776,2026-04-17 08:39:49,Mobile,44.46,Completed,8,Friday
USER_1226,2026-04-17 08:53:46,Desktop,46.36,Completed,8,Friday
USER_0260,2026-04-17 08:56:57,Desktop,30.48,Abandoned,8,Friday
USER_1196,2026-04-17 10:03:45,Mobile,42.56,Abandoned,10,Friday
USER_0218,2026-04-17 10:56:43,Mobile,17.69,Abandoned,10,Friday
USER_1466,2026-04-17 11:55:52,Mobile,13.68,Abandoned,11,Friday
USER_1491,2026-04-17 12:08:54,Desktop,81.94,Completed,12,Friday
USER_1013,2026-04-17 12:27:49,Desktop,17.56,Completed,12,Friday
USER_0008,2026-04-17 12:52:05,Desktop,71.09,Completed,12,Friday
USER_1308,2026-04-17 13:09:34,Desktop,54.730000000000004,Completed,13,Friday
USER_0653,2026-04-17 13:49:23,Mobile,100.55,Abandoned,13,Friday
USER_1117,2026-04-17 14:51:19,Mobile,17.81,Abandoned,14,Friday
USER_1474,2026-04-17 15:36:11,Mobile,80.55,Completed,15,Friday
USER_0143,2026-04-17 16:16:59,Unknown,67.73,Completed,16,Friday
USER_1480,2026-04-17 17:04:25,Desktop,69.11,Completed,17,Friday
USER_0958,2026-04-17 17:21:55,Mobile,113.36,Abandoned,17,Friday
USER_0064,2026-04-17 18:23:30,Mobile,57.15,Completed,18,Friday
USER_0538,2026-04-17 19:12:15,Mobile,11.12,Abandoned,19,Friday
USER_1404,2026-04-17 23:53:11,Tablet,73.11,Completed,23,Friday
USER_0477,2026-04-17 23:56:01,Mobile,67.21,Completed,23,Friday
USER_0113,2026-04-18 01:28:29,Desktop,46.57,Abandoned,1,Saturday
USER_0892,2026-04-18 03:40:54,Mobile,31.59,Completed,3,Saturday
USER_0214,2026-04-18 04:09:26,Mobile,43.18,Completed,4,Saturday
USER_0002,2026-04-18 04:21:53,Mobile,140.86,Completed,4,Saturday
USER_1433,2026-04-18 04:58:00,Desktop,30.03,Completed,4,Saturday
USER_0404,2026-04-18 05:31:06,Mobile,17.61,Abandoned,5,Saturday
USER_1141,2026-04-18 05:59:19,Desktop,21.02,Completed,5,Saturday
USER_0015,2026-04-18 08:35:07,Mobile,53.36,Abandoned,8,Saturday
USER_0401,2026-04-18 10:43:29,Mobile,161.75,Abandoned,10,Saturday
USER_0141,2026-04-18 10:57:56,Tablet,228.87,Abandoned,10,Saturday
USER_1430,2026-04-18 12:24:21,Mobile,83.32,Completed,12,Saturday
USER_0328,2026-04-18 13:35:20,Desktop,28.85,Abandoned,13,Saturday
USER_0244,2026-04-18 14:23:45,Desktop,30.91,Abandoned,14,Saturday
USER_0870,2026-04-18 14:42:09,Mobile,96.48,Abandoned,14,Saturday
USER_0662,2026-04-18 15:09:57,Desktop,129.74,Completed,15,Saturday
USER_1206,2026-04-18 16:36:52,Mobile,35.97,Abandoned,16,Saturday
USER_0820,2026-04-18 16:53:20,Mobile,137.81,Abandoned,16,Saturday
USER_0598,2026-04-18 17:10:07,Mobile,47.03,Completed,17,Saturday
USER_0053,2026-04-18 17:53:59,Desktop,86.86,Abandoned,17,Saturday
USER_0738,2026-04-18 18:23:29,Mobile,114.96,Abandoned,18,Saturday
USER_0793,2026-04-18 18:23:54,Desktop,20.84,Completed,18,Saturday
USER_1344,2026-04-18 20:59:43,Tablet,73.22,Completed,20,Saturday
USER_0532,2026-04-18 21:28:04,Mobile,138.19,Abandoned,21,Saturday
USER_0714,2026-04-18 22:06:31,Mobile,37.92,Completed,22,Saturday
USER_1462,2026-04-18 22:46:41,Mobile,27.47,Completed,22,Saturday
USER_1204,2026-04-18 23:11:43,Mobile,75.31,Abandoned,23,Saturday
USER_1343,2026-04-19 00:20:39,Mobile,59.55,Abandoned,0,Sunday
USER_0069,2026-04-19 00:25:39,Desktop,44.13,Abandoned,0,Sunday
USER_0342,2026-04-19 00:35:48,Tablet,54.52,Abandoned,0,Sunday
USER_0615,2026-04-19 01:10:11,Tablet,18.44,Abandoned,1,Sunday
USER_0851,2026-04-19 01:49:01,Desktop,71.02,Completed,1,Sunday
USER_1097,2026-04-19 03:43:38,Desktop,153.73,Abandoned,3,Sunday
USER_1464,2026-04-19 05:21:06,Mobile,34.31,Abandoned,5,Sunday
USER_0336,2026-04-19 06:35:33,Desktop,31.87,Abandoned,6,Sunday
USER_0052,2026-04-19 10:57:02,Desktop,61.08,Abandoned,10,Sunday
USER_0891,2026-04-19 11:24:35,Mobile,347.17,Abandoned,11,Sunday
USER_0485,2026-04-19 11:57:51,Tablet,111.6,Abandoned,11,Sunday
USER_0573,2026-04-19 12:39:35,Mobile,51.36,Abandoned,12,Sunday
USER_0189,2026-04-19 12:47:39,Desktop,56.02,Completed,12,Sunday
USER_0862,2026-04-19 13:54:20,Desktop,119.02,Completed,13,Sunday
USER_1410,2026-04-19 14:16:26,Tablet,30.23,Completed,14,Sunday
USER_1228,2026-04-19 16:24:43,Mobile,81.26,Completed,16,Sunday
USER_0639,2026-04-19 17:51:39,Desktop,26.41,Abandoned,17,Sunday
USER_1008,2026-04-19 18:31:08,Mobile,99.6,Abandoned,18,Sunday
USER_1217,2026-04-19 19:56:39,Mobile,45.1,Abandoned,19,Sunday
USER_0738,2026-04-19 20:48:25,Desktop,62.21,Completed,20,Sunday
USER_1123,2026-04-19 21:04:22,Desktop,43.24,Abandoned,21,Sunday
USER_0807,2026-04-19 21:14:19,Desktop,85.98,Abandoned,21,Sunday
USER_0672,2026-04-20 00:08:44,Mobile,48.74,Abandoned,0,Monday
USER_0746,2026-04-20 00:24:19,Mobile,222.0,Completed,0,Monday
USER_1424,2026-04-20 00:57:57,Desktop,137.31,Completed,0,Monday
USER_0895,2026-04-20 01:13:16,Mobile,23.39,Completed,1,Monday
USER_1304,2026-04-20 01:21:27,Mobile,61.83,Abandoned,1,Monday
USER_0216,2026-04-20 01:25:12,Tablet,88.05,Abandoned,1,Monday
USER_1373,2026-04-20 05:02:34,Mobile,40.54,Abandoned,5,Monday
USER_0845,2026-04-20 06:18:18,Desktop,120.07,Completed,6,Monday
USER_0584,2026-04-20 06:21:41,Mobile,111.22,Abandoned,6,Monday
USER_0410,2026-04-20 06:28:33,Mobile,51.71,Abandoned,6,Monday
USER_0092,2026-04-20 08:45:46,Mobile,103.32,Abandoned,8,Monday
USER_0023,2026-04-20 08:46:08,Mobile,54.730000000000004,Abandoned,8,Monday
USER_0919,2026-04-20 09:02:04,Mobile,131.95,Completed,9,Monday
USER_0779,2026-04-20 10:49:47,Mobile,97.15,Abandoned,10,Monday
USER_1498,2026-04-20 11:17:22,Mobile,26.92,Abandoned,11,Monday
USER_0806,2026-04-20 11:38:41,Mobile,64.31,Completed,11,Monday
USER_1189,2026-04-20 14:12:20,Mobile,14.63,Abandoned,14,Monday
USER_1143,2026-04-20 15:05:37,Mobile,33.24,Abandoned,15,Monday
USER_0513,2026-04-20 15:21:57,Mobile,111.29,Completed,15,Monday
USER_0285,2026-04-20 17:47:03,Tablet,54.14,Completed,17,Monday
USER_0149,2026-04-20 20:55:23,Desktop,52.23,Completed,20,Monday
USER_0761,2026-04-20 20:56:29,Desktop,56.23,Abandoned,20,Monday
USER_1201,2026-04-20 21:33:51,Mobile,52.12,Abandoned,21,Monday
USER_1287,2026-04-21 02:11:18,Tablet,103.74,Abandoned,2,Tuesday
USER_1373,2026-04-21 03:15:17,Desktop,36.51,Completed,3,Tuesday
USER_0662,2026-04-21 03:26:35,Desktop,71.71,Completed,3,Tuesday
USER_1452,2026-04-21 05:32:59,Mobile,25.95,Completed,5,Tuesday
USER_0936,2026-04-21 06:10:21,Tablet,88.39,Completed,6,Tuesday
USER_0937,2026-04-21 08:02:25,Desktop,44.31,Abandoned,8,Tuesday
USER_1036,2026-04-21 09:53:25,Desktop,53.16,Completed,9,Tuesday
USER_1051,2026-04-21 10:23:19,Mobile,43.15,Completed,10,Tuesday
USER_0598,2026-04-21 10:41:39,Mobile,46.84,Abandoned,10,Tuesday
USER_0495,2026-04-21 11:25:51,Mobile,28.42,Completed,11,Tuesday
USER_1099,2026-04-21 12:59:48,Mobile,67.63,Abandoned,12,Tuesday
USER_1242,2026-04-21 13:06:34,Desktop,78.3,Abandoned,13,Tuesday
USER_0619,2026-04-21 13:29:19,Mobile,22.99,Completed,13,Tuesday
USER_0068,2026-04-21 14:23:41,Mobile,37.05,Abandoned,14,Tuesday
USER_0546,2026-04-21 14:32:20,Mobile,55.67,Abandoned,14,Tuesday
USER_1141,2026-04-21 15:20:50,Mobile,37.0,Abandoned,15,Tuesday
USER_0404,2026-04-21 15:48:32,Mobile,47.24,Completed,15,Tuesday
USER_0590,2026-04-21 17:49:48,Desktop,156.1,Completed,17,Tuesday
USER_0324,2026-04-21 21:14:58,Desktop,28.17,Completed,21,Tuesday
USER_0921,2026-04-21 23:20:07,Mobile,12.15,Abandoned,23,Tuesday
USER_1342,2026-04-21 23:44:15,Mobile,37.0,Abandoned,23,Tuesday
USER_0384,2026-04-22 00:03:16,Mobile,44.11,Completed,0,Wednesday
USER_0049,2026-04-22 00:12:20,Mobile,39.71,Abandoned,0,Wednesday
USER_0955,2026-04-22 00:47:44,Desktop,65.02,Completed,0,Wednesday
USER_0396,2026-04-22 01:51:16,Desktop,54.730000000000004,Completed,1,Wednesday
USER_0782,2026-04-22 02:12:13,Desktop,25.43,Completed,2,Wednesday
USER_0973,2026-04-22 03:06:28,Desktop,35.22,Completed,3,Wednesday
USER_0976,2026-04-22 03:57:41,Mobile,35.69,Abandoned,3,Wednesday
USER_0147,2026-04-22 04:29:01,Tablet,216.71,Abandoned,4,Wednesday
USER_0383,2026-04-22 07:33:31,Desktop,149.77,Abandoned,7,Wednesday
USER_0930,2026-04-22 07:39:19,Tablet,18.45,Completed,7,Wednesday
USER_0682,2026-04-22 09:00:23,Mobile,15.57,Completed,9,Wednesday
USER_0614,2026-04-22 09:18:24,Tablet,51.64,Completed,9,Wednesday
USER_0164,2026-04-22 11:18:50,Desktop,189.15,Completed,11,Wednesday
USER_0598,2026-04-22 12:28:57,Desktop,84.18,Completed,12,Wednesday
USER_1259,2026-04-22 12:41:34,Mobile,53.44,Completed,12,Wednesday
USER_1337,2026-04-22 13:31:17,Desktop,40.59,Completed,13,Wednesday
USER_1185,2026-04-22 14:03:18,Tablet,109.96,Completed,14,Wednesday
USER_1186,2026-04-22 14:35:37,Desktop,61.29,Abandoned,14,Wednesday
USER_0623,2026-04-22 15:03:01,Desktop,168.28,Completed,15,Wednesday
USER_1356,2026-04-22 15:25:10,Tablet,18.23,Completed,15,Wednesday
USER_1376,2026-04-22 16:32:56,Mobile,71.91,Abandoned,16,Wednesday
USER_0001,2026-04-22 17:59:39,Desktop,37.86,Completed,17,Wednesday
USER_0295,2026-04-22 18:13:31,Mobile,71.47,Abandoned,18,Wednesday
USER_0285,2026-04-22 20:20:37,Tablet,64.27,Abandoned,20,Wednesday
USER_0754,2026-04-22 20:26:41,Mobile,76.04,Abandoned,20,Wednesday
USER_1187,2026-04-22 20:38:48,Mobile,103.07,Abandoned,20,Wednesday
USER_1047,2026-04-22 20:44:53,Desktop,134.74,Abandoned,20,Wednesday
USER_1092,2026-04-22 21:58:24,Desktop,194.15,Abandoned,21,Wednesday
USER_0277,2026-04-22 22:08:35,Desktop,55.16,Completed,22,Wednesday
USER_0610,2026-04-22 22:54:51,Tablet,38.38,Abandoned,22,Wednesday
USER_0959,2026-04-23 00:45:02,Tablet,24.61,Abandoned,0,Thursday
USER_0147,2026-04-23 02:19:41,Mobile,72.43,Abandoned,2,Thursday
USER_0751,2026-04-23 02:38:10,Mobile,93.94,Abandoned,2,Thursday
USER_0401,2026-04-23 05:59:20,Mobile,22.73,Abandoned,5,Thursday
USER_0016,2026-04-23 06:03:43,Mobile,114.9,Abandoned,6,Thursday
USER_0640,2026-04-23 07:39:45,Mobile,51.12,Abandoned,7,Thursday
USER_0460,2026-04-23 07:48:31,Tablet,24.14,Abandoned,7,Thursday
USER_1258,2026-04-23 09:43:01,Desktop,31.46,Completed,9,Thursday
USER_0003,2026-04-23 09:56:05,Mobile,29.57,Completed,9,Thursday
USER_1153,2026-04-23 10:35:33,Mobile,29.92,Abandoned,10,Thursday
USER_0500,2026-04-23 11:59:47,Desktop,79.08,Completed,11,Thursday
USER_1123,2026-04-23 12:54:17,Mobile,95.73,Abandoned,12,Thursday
USER_0957,2026-04-23 14:06:19,Mobile,164.75,Abandoned,14,Thursday
USER_0425,2026-04-23 15:57:37,Desktop,54.730000000000004,Completed,15,Thursday
USER_0381,2026-04-23 16:00:09,Tablet,68.23,Completed,16,Thursday
USER_0131,2026-04-23 16:14:20,Unknown,35.85,Abandoned,16,Thursday
USER_0888,2026-04-23 17:24:18,Desktop,55.32,Abandoned,17,Thursday
USER_1390,2026-04-23 20:06:21,Mobile,20.86,Completed,20,Thursday
USER_1306,2026-04-23 20:20:33,Desktop,26.31,Completed,20,Thursday
USER_1115,2026-04-23 20:23:49,Mobile,92.02,Completed,20,Thursday
USER_0974,2026-04-23 20:49:01,Mobile,20.82,Abandoned,20,Thursday
USER_0302,2026-04-23 21:09:27,Tablet,81.42,Completed,21,Thursday
USER_0318,2026-04-23 21:54:32,Mobile,54.730000000000004,Abandoned,21,Thursday
USER_1292,2026-04-23 22:42:59,Desktop,15.62,Abandoned,22,Thursday
USER_0274,2026-04-23 23:07:34,Mobile,10.48,Abandoned,23,Thursday
USER_1366,2026-04-24 04:21:02,Unknown,141.35,Abandoned,4,Friday
USER_0422,2026-04-24 04:43:07,Mobile,15.82,Abandoned,4,Friday
USER_0122,2026-04-24 05:14:56,Mobile,52.36,Completed,5,Friday
USER_0159,2026-04-24 08:33:47,Desktop,68.72,Abandoned,8,Friday
USER_1098,2026-04-24 08:40:10,Unknown,23.25,Abandoned,8,Friday
USER_0985,2026-04-24 09:29:59,Desktop,38.1,Abandoned,9,Friday
USER_1368,2026-04-24 10:03:36,Desktop,74.53,Completed,10,Friday
USER_1476,2026-04-24 10:09:56,Desktop,66.07,Abandoned,10,Friday
USER_0523,2026-04-24 10:21:58,Mobile,40.47,Abandoned,10,Friday
USER_0214,2026-04-24 11:41:41,Tablet,63.69,Abandoned,11,Friday
USER_1274,2026-04-24 12:08:42,Mobile,51.09,Abandoned,12,Friday
USER_0101,2026-04-24 12:16:15,Mobile,29.06,Abandoned,12,Friday
USER_1295,2026-04-24 12:17:14,Mobile,119.14,Abandoned,12,Friday
USER_1258,2026-04-24 13:19:01,Mobile,62.48,Abandoned,13,Friday
USER_0753,2026-04-24 13:51:21,Mobile,16.49,Abandoned,13,Friday
USER_1330,2026-04-24 14:25:56,Desktop,76.64,Abandoned,14,Friday
USER_0853,2026-04-24 15:05:34,Mobile,36.6,Completed,15,Friday
USER_0728,2026-04-24 15:16:56,Mobile,45.23,Abandoned,15,Friday
USER_1055,2026-04-24 15:19:08,Desktop,54.89,Abandoned,15,Friday
USER_0460,2026-04-24 18:15:59,Mobile,32.61,Completed,18,Friday
USER_1152,2026-04-24 18:42:33,Mobile,176.26,Completed,18,Friday
USER_0940,2026-04-24 19:56:43,Mobile,20.68,Completed,19,Friday
USER_1479,2026-04-24 20:02:31,Desktop,56.65,Completed,20,Friday
USER_0467,2026-04-24 20:11:55,Mobile,69.96,Abandoned,20,Friday
USER_0942,2026-04-24 20:22:10,Mobile,56.08,Abandoned,20,Friday
USER_0767,2026-04-24 21:32:25,Mobile,48.22,Completed,21,Friday
USER_0757,2026-04-24 21:34:10,Desktop,42.73,Completed,21,Friday
USER_0895,2026-04-24 23:08:41,Desktop,32.39,Completed,23,Friday
USER_0624,2026-04-24 23:33:38,Desktop,32.02,Completed,23,Friday
USER_1138,2026-04-25 00:11:07,Unknown,115.94,Abandoned,0,Saturday
USER_0446,2026-04-25 00:12:30,Mobile,40.97,Abandoned,0,Saturday
USER_0940,2026-04-25 00:18:36,Mobile,218.31,Completed,0,Saturday
USER_1057,2026-04-25 00:22:21,Mobile,84.34,Abandoned,0,Saturday
USER_0804,2026-04-25 00:23:45,Mobile,10.0,Completed,0,Saturday
USER_0936,2026-04-25 00:26:45,Unknown,96.94,Completed,0,Saturday
USER_0743,2026-04-25 01:42:18,Mobile,52.74,Abandoned,1,Saturday
USER_0402,2026-04-25 01:43:00,Desktop,22.12,Completed,1,Saturday
USER_0632,2026-04-25 02:57:05,Mobile,127.46,Completed,2,Saturday
USER_1416,2026-04-25 06:18:30,Desktop,41.13,Completed,6,Saturday
USER_1283,2026-04-25 08:08:37,Mobile,38.92,Abandoned,8,Saturday
USER_0601,2026-04-25 08:10:32,Mobile,69.68,Abandoned,8,Saturday
USER_0973,2026-04-25 08:14:09,Mobile,114.76,Abandoned,8,Saturday
USER_0113,2026-04-25 08:30:33,Mobile,58.78,Abandoned,8,Saturday
USER_1392,2026-04-25 10:14:18,Mobile,56.1,Completed,10,Saturday
USER_0922,2026-04-25 11:41:09,Mobile,34.71,Abandoned,11,Saturday
USER_1063,2026-04-25 13:30:47,Tablet,113.49,Abandoned,13,Saturday
USER_1203,2026-04-25 13:34:05,Desktop,59.14,Completed,13,Saturday
USER_0946,2026-04-25 13:43:27,Mobile,47.16,Abandoned,13,Saturday
USER_1180,2026-04-25 15:08:37,Desktop,43.5,Completed,15,Saturday
USER_1078,2026-04-25 16:26:28,Desktop,106.42,Abandoned,16,Saturday
USER_0256,2026-04-25 16:43:21,Desktop,46.04,Completed,16,Saturday
USER_0755,2026-04-25 17:46:08,Desktop,106.6,Abandoned,17,Saturday
USER_0844,2026-04-25 19:29:49,Mobile,40.18,Abandoned,19,Saturday
USER_0732,2026-04-25 19:34:07,Mobile,87.31,Completed,19,Saturday
USER_0405,2026-04-25 19:37:06,Mobile,62.47,Completed,19,Saturday
USER_0736,2026-04-25 21:51:11,Mobile,29.43,Abandoned,21,Saturday
USER_1314,2026-04-25 22:04:18,Mobile,51.6,Completed,22,Saturday
USER_0149,2026-04-25 22:13:47,Desktop,13.15,Completed,22,Saturday
USER_1268,2026-04-25 22:14:05,Unknown,33.66,Completed,22,Saturday
USER_0686,2026-04-25 22:48:31,Tablet,19.58,Completed,22,Saturday
USER_1475,2026-04-25 23:02:59,Desktop,200.01,Completed,23,Saturday
USER_1412,2026-04-26 00:00:27,Desktop,19.73,Abandoned,0,Sunday
USER_1307,2026-04-26 01:15:07,Tablet,293.17,Abandoned,1,Sunday
USER_0291,2026-04-26 01:34:59,Mobile,76.27,Abandoned,1,Sunday
USER_1179,2026-04-26 01:45:57,Mobile,38.97,Abandoned,1,Sunday
USER_1335,2026-04-26 02:27:20,Mobile,92.22,Abandoned,2,Sunday
USER_0752,2026-04-26 07:45:34,Desktop,35.91,Abandoned,7,Sunday
USER_1306,2026-04-26 08:34:00,Mobile,21.84,Abandoned,8,Sunday
USER_0029,2026-04-26 09:48:29,Desktop,57.48,Completed,9,Sunday
USER_1136,2026-04-26 11:08:42,Mobile,86.06,Abandoned,11,Sunday
USER_1162,2026-04-26 11:31:06,Mobile,125.33,Completed,11,Sunday
USER_0764,2026-04-26 11:40:34,Desktop,75.45,Completed,11,Sunday
USER_0420,2026-04-26 11:55:54,Mobile,38.7,Abandoned,11,Sunday
USER_0091,2026-04-26 12:53:14,Mobile,134.43,Completed,12,Sunday
USER_0984,2026-04-26 14:49:09,Mobile,116.27,Abandoned,14,Sunday
USER_1063,2026-04-26 14:53:56,Mobile,65.03,Abandoned,14,Sunday
USER_0201,2026-04-26 15:18:53,Desktop,54.730000000000004,Completed,15,Sunday
USER_1194,2026-04-26 15:53:20,Mobile,225.91,Abandoned,15,Sunday
USER_0700,2026-04-26 18:31:47,Desktop,38.35,Completed,18,Sunday
USER_0934,2026-04-26 20:13:07,Mobile,30.42,Abandoned,20,Sunday
USER_0746,2026-04-26 20:39:56,Desktop,37.63,Abandoned,20,Sunday
USER_0634,2026-04-26 22:07:47,Mobile,22.71,Completed,22,Sunday
USER_0831,2026-04-26 22:17:38,Desktop,80.18,Completed,22,Sunday
USER_1351,2026-04-26 22:34:30,Desktop,19.17,Abandoned,22,Sunday
USER_0769,2026-04-26 22:52:41,Mobile,124.25,Abandoned,22,Sunday
USER_1322,2026-04-27 00:07:12,Desktop,35.27,Completed,0,Monday
USER_0934,2026-04-27 00:32:53,Desktop,132.05,Completed,0,Monday
USER_0862,2026-04-27 01:43:55,Mobile,10.36,Abandoned,1,Monday
USER_0700,2026-04-27 02:48:34,Unknown,42.51,Abandoned,2,Monday
USER_1144,2026-04-27 02:48:37,Tablet,23.56,Abandoned,2,Monday
USER_1137,2026-04-27 07:01:38,Desktop,131.59,Completed,7,Monday
USER_1403,2026-04-27 08:05:26,Mobile,162.61,Completed,8,Monday
USER_1313,2026-04-27 09:27:20,Mobile,11.9,Abandoned,9,Monday
USER_1414,2026-04-27 10:42:37,Desktop,95.85,Abandoned,10,Monday
USER_0277,2026-04-27 11:44:47,Desktop,109.36,Completed,11,Monday
USER_0329,2026-04-27 11:54:12,Desktop,67.47,Completed,11,Monday
USER_0567,2026-04-27 13:27:33,Mobile,80.02,Abandoned,13,Monday
USER_0630,2026-04-27 13:39:32,Desktop,76.36,Abandoned,13,Monday
USER_0726,2026-04-27 13:39:46,Mobile,96.08,Abandoned,13,Monday
USER_0589,2026-04-27 14:15:32,Mobile,26.84,Abandoned,14,Monday
USER_0693,2026-04-27 14:47:11,Desktop,119.14,Completed,14,Monday
USER_1349,2026-04-27 15:05:32,Tablet,62.56,Abandoned,15,Monday
USER_0354,2026-04-27 15:29:44,Mobile,60.16,Completed,15,Monday
USER_1057,2026-04-27 15:53:20,Mobile,78.91,Completed,15,Monday
USER_1354,2026-04-27 16:22:25,Desktop,23.9,Completed,16,Monday
USER_0489,2026-04-27 16:43:28,Mobile,19.89,Abandoned,16,Monday
USER_0183,2026-04-27 16:52:00,Desktop,50.47,Completed,16,Monday
USER_0911,2026-04-27 17:47:06,Desktop,148.9,Completed,17,Monday
USER_0104,2026-04-27 17:50:27,Mobile,25.27,Completed,17,Monday
USER_0450,2026-04-27 19:04:25,Tablet,61.18,Abandoned,19,Monday
USER_0752,2026-04-27 19:27:08,Desktop,34.27,Abandoned,19,Monday
USER_0759,2026-04-27 21:07:01,Desktop,31.4,Completed,21,Monday
USER_1327,2026-04-27 23:15:42,Desktop,75.6,Completed,23,Monday
USER_0673,2026-04-27 23:19:55,Unknown,89.44,Abandoned,23,Monday
USER_0111,2026-04-27 23:20:34,Mobile,32.72,Abandoned,23,Monday
USER_0664,2026-04-28 00:33:27,Mobile,134.52,Completed,0,Tuesday
USER_0644,2026-04-28 01:24:08,Desktop,71.85,Abandoned,1,Tuesday
USER_0674,2026-04-28 01:33:40,Mobile,46.66,Completed,1,Tuesday
USER_1148,2026-04-28 02:23:10,Mobile,68.44,Abandoned,2,Tuesday
USER_1133,2026-04-28 02:57:29,Desktop,205.13,Completed,2,Tuesday
USER_0473,2026-04-28 04:00:43,Desktop,89.1,Completed,4,Tuesday
USER_0887,2026-04-28 04:41:23,Mobile,34.67,Abandoned,4,Tuesday
USER_1487,2026-04-28 05:07:02,Desktop,53.94,Completed,5,Tuesday
USER_0098,2026-04-28 05:15:30,Desktop,59.46,Completed,5,Tuesday
USER_1379,2026-04-28 07:44:44,Mobile,84.14,Completed,7,Tuesday
USER_0911,2026-04-28 11:22:14,Desktop,63.8,Completed,11,Tuesday
USER_0629,2026-04-28 11:22:57,Mobile,187.16,Completed,11,Tuesday
USER_1109,2026-04-28 12:35:28,Mobile,47.12,Abandoned,12,Tuesday
USER_0371,2026-04-28 13:09:49,Mobile,17.74,Abandoned,13,Tuesday
USER_0246,2026-04-28 13:35:15,Mobile,62.77,Completed,13,Tuesday
USER_0661,2026-04-28 13:39:29,Mobile,40.99,Abandoned,13,Tuesday
USER_1084,2026-04-28 14:15:11,Desktop,20.54,Abandoned,14,Tuesday
USER_0624,2026-04-28 16:50:40,Desktop,34.56,Completed,16,Tuesday
USER_1077,2026-04-28 17:36:59,Desktop,43.25,Abandoned,17,Tuesday
USER_1078,2026-04-28 18:53:48,Desktop,114.53,Completed,18,Tuesday
USER_0690,2026-04-28 19:25:54,Mobile,20.82,Completed,19,Tuesday
USER_0957,2026-04-28 19:46:44,Mobile,68.54,Abandoned,19,Tuesday
USER_1168,2026-04-28 21:41:26,Desktop,231.21,Completed,21,Tuesday
USER_0905,2026-04-28 21:44:00,Mobile,48.73,Abandoned,21,Tuesday
USER_1220,2026-04-28 21:46:42,Mobile,47.81,Abandoned,21,Tuesday
USER_1230,2026-04-28 22:13:28,Desktop,87.17,Abandoned,22,Tuesday
USER_1225,2026-04-28 23:54:10,Mobile,76.66,Abandoned,23,Tuesday
USER_1049,2026-04-29 00:12:05,Desktop,137.2,Abandoned,0,Wednesday
USER_0851,2026-04-29 00:32:54,Mobile,48.98,Abandoned,0,Wednesday
USER_1380,2026-04-29 00:52:59,Mobile,86.18,Abandoned,0,Wednesday
USER_0114,2026-04-29 01:52:41,Mobile,87.07,Abandoned,1,Wednesday
USER_1328,2026-04-29 02:13:58,Desktop,43.9,Abandoned,2,Wednesday
USER_0230,2026-04-29 02:49:28,Unknown,50.7,Abandoned,2,Wednesday
USER_0360,2026-04-29 03:30:39,Mobile,54.2,Completed,3,Wednesday
USER_0491,2026-04-29 03:30:47,Desktop,24.42,Abandoned,3,Wednesday
USER_1447,2026-04-29 04:38:55,Tablet,42.41,Completed,4,Wednesday
USER_1007,2026-04-29 06:34:56,Mobile,144.39,Abandoned,6,Wednesday
USER_0284,2026-04-29 07:11:48,Mobile,107.18,Abandoned,7,Wednesday
USER_0820,2026-04-29 07:54:36,Mobile,37.45,Abandoned,7,Wednesday
USER_1142,2026-04-29 07:58:23,Tablet,54.04,Completed,7,Wednesday
USER_0128,2026-04-29 09:00:58,Tablet,102.66,Abandoned,9,Wednesday
USER_0173,2026-04-29 09:21:25,Mobile,72.84,Abandoned,9,Wednesday
USER_0483,2026-04-29 09:30:28,Desktop,91.83,Completed,9,Wednesday
USER_0245,2026-04-29 09:31:23,Unknown,77.26,Completed,9,Wednesday
USER_0166,2026-04-29 09:34:17,Mobile,62.8,Abandoned,9,Wednesday
USER_0383,2026-04-29 10:14:09,Mobile,49.02,Completed,10,Wednesday
USER_0314,2026-04-29 10:15:37,Mobile,25.11,Completed,10,Wednesday
USER_1245,2026-04-29 10:28:05,Mobile,85.62,Abandoned,10,Wednesday
USER_0797,2026-04-29 12:05:39,Mobile,47.27,Abandoned,12,Wednesday
USER_0497,2026-04-29 12:18:52,Desktop,18.71,Abandoned,12,Wednesday
USER_0059,2026-04-29 13:14:28,Mobile,38.3,Abandoned,13,Wednesday
USER_0079,2026-04-29 13:56:07,Desktop,95.01,Completed,13,Wednesday
USER_1477,2026-04-29 18:13:32,Mobile,15.71,Abandoned,18,Wednesday
USER_0195,2026-04-29 18:18:36,Mobile,27.96,Abandoned,18,Wednesday
USER_0274,2026-04-29 18:30:12,Mobile,59.69,Completed,18,Wednesday
USER_1125,2026-04-29 19:08:58,Mobile,136.14,Abandoned,19,Wednesday
USER_0299,2026-04-29 19:48:15,Mobile,104.58,Completed,19,Wednesday
USER_1133,2026-04-29 19:52:54,Mobile,144.9,Completed,19,Wednesday
USER_0657,2026-04-29 19:54:34,Mobile,62.49,Completed,19,Wednesday
USER_0649,2026-04-29 20:11:10,Mobile,47.66,Completed,20,Wednesday
USER_0794,2026-04-29 21:00:34,Desktop,94.46,Abandoned,21,Wednesday
USER_1379,2026-04-29 22:32:05,Desktop,30.43,Completed,22,Wednesday
USER_0192,2026-04-30 00:43:46,Mobile,54.730000000000004,Abandoned,0,Thursday
USER_0470,2026-04-30 01:38:45,Mobile,54.730000000000004,Abandoned,1,Thursday
USER_0520,2026-04-30 02:12:34,Mobile,110.81,Abandoned,2,Thursday
USER_0166,2026-04-30 04:47:05,Desktop,31.74,Abandoned,4,Thursday
USER_1312,2026-04-30 05:25:01,Mobile,104.63,Completed,5,Thursday
USER_0172,2026-04-30 06:29:02,Mobile,54.730000000000004,Completed,6,Thursday
USER_1409,2026-04-30 06:49:45,Mobile,111.74,Abandoned,6,Thursday
USER_0769,2026-04-30 07:36:30,Tablet,26.62,Completed,7,Thursday
USER_1460,2026-04-30 08:19:35,Mobile,36.36,Abandoned,8,Thursday
USER_1263,2026-04-30 08:23:45,Desktop,73.34,Completed,8,Thursday
USER_0141,2026-04-30 08:33:10,Mobile,41.26,Completed,8,Thursday
USER_1473,2026-04-30 09:01:12,Tablet,10.8,Abandoned,9,Thursday
USER_0140,2026-04-30 09:57:42,Desktop,22.38,Completed,9,Thursday
USER_1025,2026-04-30 10:31:21,Mobile,26.48,Abandoned,10,Thursday
USER_0299,2026-04-30 11:39:52,Desktop,27.79,Completed,11,Thursday
USER_0843,2026-04-30 11:51:05,Mobile,85.04,Abandoned,11,Thursday
USER_0887,2026-04-30 13:03:11,Desktop,67.97,Abandoned,13,Thursday
USER_0595,2026-04-30 13:13:21,Desktop,60.67,Completed,13,Thursday
USER_1185,2026-04-30 15:28:25,Mobile,201.47,Completed,15,Thursday
USER_0229,2026-04-30 16:23:54,Desktop,117.2,Completed,16,Thursday
USER_0681,2026-04-30 19:42:45,Mobile,91.94,Abandoned,19,Thursday
USER_0490,2026-04-30 20:46:02,Mobile,20.66,Completed,20,Thursday
USER_1254,2026-04-30 20:51:15,Mobile,56.75,Abandoned,20,Thursday
USER_0272,2026-04-30 21:06:20,Desktop,66.3,Abandoned,21,Thursday
USER_1044,2026-04-30 21:13:40,Unknown,41.68,Abandoned,21,Thursday
USER_0778,2026-04-30 21:42:28,Mobile,165.53,Abandoned,21,Thursday
USER_0828,2026-04-30 23:17:38,Desktop,56.45,Abandoned,23,Thursday
USER_0007,2026-05-01 00:05:54,Mobile,24.57,Completed,0,Friday
USER_1470,2026-05-01 00:52:27,Mobile,28.55,Abandoned,0,Friday
USER_0722,2026-05-01 03:16:09,Mobile,240.69,Completed,3,Friday
USER_0230,2026-05-01 03:53:12,Mobile,41.55,Abandoned,3,Friday
USER_0998,2026-05-01 04:56:27,Unknown,14.14,Abandoned,4,Friday
USER_0940,2026-05-01 05:19:15,Mobile,36.98,Abandoned,5,Friday
USER_0369,2026-05-01 05:28:13,Tablet,16.65,Completed,5,Friday
USER_0254,2026-05-01 05:28:45,Desktop,99.11,Completed,5,Friday
USER_1310,2026-05-01 06:33:39,Mobile,15.32,Completed,6,Friday
USER_1237,2026-05-01 07:15:42,Mobile,21.95,Abandoned,7,Friday
USER_1397,2026-05-01 09:16:03,Mobile,54.74,Completed,9,Friday
USER_1014,2026-05-01 10:05:34,Unknown,112.29,Abandoned,10,Friday
USER_0831,2026-05-01 10:15:15,Mobile,52.19,Completed,10,Friday
USER_0457,2026-05-01 10:15:36,Mobile,24.11,Abandoned,10,Friday
USER_1247,2026-05-01 10:32:25,Desktop,61.48,Completed,10,Friday
USER_0925,2026-05-01 11:07:38,Mobile,40.28,Completed,11,Friday
USER_0357,2026-05-01 12:00:51,Mobile,114.01,Abandoned,12,Friday
USER_1137,2026-05-01 12:22:57,Desktop,95.16,Completed,12,Friday
USER_0427,2026-05-01 12:33:39,Desktop,38.51,Abandoned,12,Friday
USER_0529,2026-05-01 13:00:07,Mobile,90.64,Abandoned,13,Friday
USER_1178,2026-05-01 13:40:02,Desktop,65.12,Completed,13,Friday
USER_0154,2026-05-01 14:47:11,Mobile,132.74,Abandoned,14,Friday
USER_0235,2026-05-01 15:06:12,Desktop,88.16,Abandoned,15,Friday
USER_0405,2026-05-01 15:31:34,Mobile,77.91,Abandoned,15,Friday
USER_0853,2026-05-01 15:51:51,Desktop,129.43,Completed,15,Friday
USER_1245,2026-05-01 16:02:59,Tablet,55.15,Abandoned,16,Friday
USER_0458,2026-05-01 16:11:49,Tablet,33.03,Completed,16,Friday
USER_1288,2026-05-01 16:44:28,Tablet,62.21,Completed,16,Friday
USER_0491,2026-05-01 16:56:51,Mobile,43.34,Completed,16,Friday
USER_1460,2026-05-01 17:10:23,Mobile,80.86,Completed,17,Friday
USER_0341,2026-05-01 17:13:09,Mobile,56.84,Completed,17,Friday
USER_0322,2026-05-01 17:51:31,Desktop,70.95,Completed,17,Friday
USER_1275,2026-05-01 18:42:07,Desktop,24.96,Completed,18,Friday
USER_0344,2026-05-01 21:14:13,Mobile,75.97,Abandoned,21,Friday
USER_1017,2026-05-01 23:25:37,Tablet,23.68,Completed,23,Friday
USER_0756,2026-05-01 23:51:54,Desktop,102.02,Completed,23,Friday
USER_0559,2026-05-02 00:33:19,Tablet,102.12,Completed,0,Saturday
USER_0686,2026-05-02 00:51:32,Desktop,54.730000000000004,Abandoned,0,Saturday
USER_0685,2026-05-02 02:14:58,Mobile,66.79,Abandoned,2,Saturday
USER_0307,2026-05-02 02:15:54,Unknown,47.21,Abandoned,2,Saturday
USER_0108,2026-05-02 02:25:28,Mobile,36.89,Abandoned,2,Saturday
USER_1071,2026-05-02 03:03:03,Mobile,54.07,Abandoned,3,Saturday
USER_1097,2026-05-02 03:24:06,Desktop,198.09,Completed,3,Saturday
USER_1128,2026-05-02 04:18:08,Desktop,63.37,Abandoned,4,Saturday
USER_0557,2026-05-02 05:17:08,Desktop,22.77,Completed,5,Saturday
USER_1124,2026-05-02 06:44:21,Desktop,17.99,Completed,6,Saturday
USER_0657,2026-05-02 07:39:01,Mobile,21.44,Abandoned,7,Saturday
USER_0090,2026-05-02 08:08:32,Mobile,42.72,Abandoned,8,Saturday
USER_0271,2026-05-02 08:16:46,Mobile,124.31,Completed,8,Saturday
USER_1100,2026-05-02 09:09:40,Mobile,28.07,Completed,9,Saturday
USER_0766,2026-05-02 11:55:09,Mobile,137.57,Abandoned,11,Saturday
USER_1497,2026-05-02 14:16:39,Mobile,61.35,Abandoned,14,Saturday
USER_0386,2026-05-02 15:15:08,Mobile,74.76,Abandoned,15,Saturday
USER_0883,2026-05-02 16:37:17,Mobile,73.44,Abandoned,16,Saturday
USER_0559,2026-05-02 17:30:33,Unknown,80.15,Completed,17,Saturday
USER_0154,2026-05-02 20:42:02,Unknown,41.79,Abandoned,20,Saturday
USER_0865,2026-05-02 21:29:35,Mobile,54.730000000000004,Completed,21,Saturday
USER_0311,2026-05-02 21:29:52,Mobile,37.25,Completed,21,Saturday
USER_1206,2026-05-02 21:33:13,Tablet,30.66,Abandoned,21,Saturday
USER_1425,2026-05-02 21:55:59,Mobile,66.81,Abandoned,21,Saturday
USER_0862,2026-05-02 21:56:45,Mobile,62.96,Abandoned,21,Saturday
USER_1027,2026-05-02 22:47:53,Desktop,45.74,Abandoned,22,Saturday
USER_0909,2026-05-02 22:52:52,Desktop,170.9,Abandoned,22,Saturday
USER_1090,2026-05-03 00:49:06,Tablet,36.0,Completed,0,Sunday
USER_0936,2026-05-03 01:53:48,Mobile,12.85,Completed,1,Sunday
USER_0083,2026-05-03 02:09:00,Mobile,59.01,Abandoned,2,Sunday
USER_1065,2026-05-03 03:12:57,Mobile,118.27,Completed,3,Sunday
USER_0442,2026-05-03 04:03:19,Desktop,65.8,Completed,4,Sunday
USER_1271,2026-05-03 04:14:29,Mobile,43.3,Abandoned,4,Sunday
USER_0670,2026-05-03 04:41:16,Mobile,63.83,Abandoned,4,Sunday
USER_1126,2026-05-03 05:56:25,Mobile,180.42,Completed,5,Sunday
USER_0208,2026-05-03 06:15:57,Mobile,30.91,Abandoned,6,Sunday
USER_1070,2026-05-03 06:16:06,Mobile,55.7,Abandoned,6,Sunday
USER_0990,2026-05-03 06:54:08,Unknown,84.39,Abandoned,6,Sunday
USER_0104,2026-05-03 07:59:13,Desktop,64.39,Completed,7,Sunday
USER_0861,2026-05-03 09:26:51,Mobile,46.47,Completed,9,Sunday
USER_0581,2026-05-03 09:30:02,Mobile,41.38,Completed,9,Sunday
USER_0266,2026-05-03 10:30:10,Desktop,45.36,Completed,10,Sunday
USER_1358,2026-05-03 11:15:18,Mobile,77.16,Abandoned,11,Sunday
USER_1001,2026-05-03 11:42:46,Unknown,74.29,Completed,11,Sunday
USER_0021,2026-05-03 13:33:44,Mobile,213.06,Abandoned,13,Sunday
USER_0768,2026-05-03 13:38:07,Desktop,20.11,Completed,13,Sunday
USER_1066,2026-05-03 13:39:08,Tablet,171.17,Abandoned,13,Sunday
USER_0926,2026-05-03 14:14:31,Desktop,47.8,Abandoned,14,Sunday
USER_0129,2026-05-03 15:28:56,Mobile,51.48,Completed,15,Sunday
USER_0634,2026-05-03 15:39:46,Mobile,95.41,Abandoned,15,Sunday
USER_0620,2026-05-03 15:54:33,Desktop,95.02,Completed,15,Sunday
USER_0456,2026-05-03 16:00:29,Mobile,115.79,Abandoned,16,Sunday
USER_0265,2026-05-03 16:18:48,Tablet,133.43,Completed,16,Sunday
USER_0001,2026-05-03 16:50:17,Tablet,53.2,Abandoned,16,Sunday
USER_0703,2026-05-03 17:05:05,Mobile,134.55,Completed,17,Sunday
USER_0177,2026-05-03 17:43:23,Tablet,36.27,Completed,17,Sunday
USER_1448,2026-05-03 18:02:15,Mobile,44.77,Completed,18,Sunday
USER_0915,2026-05-03 18:29:55,Desktop,48.51,Completed,18,Sunday
USER_0442,2026-05-03 21:12:19,Mobile,38.77,Completed,21,Sunday
USER_0207,2026-05-03 22:05:45,Mobile,56.76,Completed,22,Sunday
USER_1427,2026-05-03 22:09:14,Desktop,97.78,Abandoned,22,Sunday
USER_0805,2026-05-03 23:38:28,Desktop,83.38,Completed,23,Sunday
USER_1402,2026-05-04 00:09:23,Mobile,36.65,Abandoned,0,Monday
USER_0020,2026-05-04 01:59:40,Desktop,34.74,Abandoned,1,Monday
USER_1293,2026-05-04 02:34:05,Mobile,31.31,Abandoned,2,Monday
USER_0165,2026-05-04 03:20:26,Mobile,57.84,Completed,3,Monday
USER_0059,2026-05-04 04:14:08,Mobile,19.54,Abandoned,4,Monday
USER_0695,2026-05-04 04:30:59,Mobile,30.6,Abandoned,4,Monday
USER_0958,2026-05-04 05:18:56,Mobile,40.52,Completed,5,Monday
USER_1039,2026-05-04 05:27:21,Mobile,108.42,Completed,5,Monday
USER_1415,2026-05-04 05:59:24,Mobile,50.1,Abandoned,5,Monday
USER_0925,2026-05-04 10:26:06,Mobile,104.98,Completed,10,Monday
USER_0889,2026-05-04 11:00:22,Mobile,61.68,Completed,11,Monday
USER_0854,2026-05-04 11:13:51,Tablet,40.11,Abandoned,11,Monday
USER_1159,2026-05-04 11:14:10,Mobile,41.2,Completed,11,Monday
USER_1429,2026-05-04 12:57:09,Tablet,25.59,Completed,12,Monday
USER_0952,2026-05-04 13:32:07,Desktop,260.36,Completed,13,Monday
USER_1344,2026-05-04 14:19:14,Desktop,112.37,Completed,14,Monday
USER_1097,2026-05-04 14:49:15,Desktop,80.84,Completed,14,Monday
USER_0869,2026-05-04 17:07:57,Desktop,23.4,Abandoned,17,Monday
USER_0114,2026-05-04 17:11:05,Mobile,40.71,Completed,17,Monday
USER_1196,2026-05-04 18:31:37,Mobile,28.96,Abandoned,18,Monday
USER_0771,2026-05-04 19:03:27,Desktop,59.32,Completed,19,Monday
USER_1343,2026-05-04 19:10:08,Desktop,29.88,Abandoned,19,Monday
USER_0564,2026-05-04 19:43:36,Desktop,35.32,Completed,19,Monday
USER_0432,2026-05-04 21:36:22,Mobile,30.39,Abandoned,21,Monday
USER_1188,2026-05-04 23:09:13,Desktop,46.72,Completed,23,Monday
USER_1238,2026-05-04 23:10:26,Mobile,57.19,Abandoned,23,Monday
USER_0075,2026-05-04 23:14:41,Unknown,47.53,Completed,23,Monday
USER_0762,2026-05-04 23:38:52,Mobile,147.88,Abandoned,23,Monday
USER_0213,2026-05-05 02:25:05,Desktop,92.5,Completed,2,Tuesday
USER_0342,2026-05-05 02:38:10,Desktop,32.82,Abandoned,2,Tuesday
USER_0661,2026-05-05 02:47:59,Mobile,54.730000000000004,Abandoned,2,Tuesday
USER_1260,2026-05-05 03:23:36,Desktop,34.62,Completed,3,Tuesday
USER_0597,2026-05-05 03:27:10,Mobile,42.23,Completed,3,Tuesday
USER_0133,2026-05-05 03:43:29,Mobile,74.55,Abandoned,3,Tuesday
USER_1390,2026-05-05 03:56:37,Mobile,84.16,Abandoned,3,Tuesday
USER_1492,2026-05-05 05:07:41,Mobile,37.27,Abandoned,5,Tuesday
USER_0146,2026-05-05 05:37:39,Mobile,26.62,Abandoned,5,Tuesday
USER_0660,2026-05-05 08:37:56,Mobile,57.8,Abandoned,8,Tuesday
USER_0313,2026-05-05 09:04:49,Desktop,72.42,Completed,9,Tuesday
USER_0126,2026-05-05 10:24:28,Desktop,36.06,Abandoned,10,Tuesday
USER_0372,2026-05-05 11:28:32,Mobile,92.83,Abandoned,11,Tuesday
USER_0666,2026-05-05 11:36:37,Mobile,82.73,Abandoned,11,Tuesday
USER_0697,2026-05-05 12:03:45,Mobile,35.72,Abandoned,12,Tuesday
USER_0925,2026-05-05 12:09:24,Mobile,113.82,Completed,12,Tuesday
USER_0911,2026-05-05 12:18:48,Mobile,116.1,Abandoned,12,Tuesday
USER_0903,2026-05-05 13:56:11,Mobile,209.35,Completed,13,Tuesday
USER_0262,2026-05-05 14:42:30,Tablet,166.11,Abandoned,14,Tuesday
USER_1325,2026-05-05 16:28:46,Desktop,30.37,Completed,16,Tuesday
USER_1372,2026-05-05 16:36:23,Mobile,99.61,Abandoned,16,Tuesday
USER_0446,2026-05-05 16:37:07,Mobile,96.71,Abandoned,16,Tuesday
USER_0484,2026-05-05 17:48:55,Mobile,43.53,Completed,17,Tuesday
USER_1267,2026-05-05 18:59:33,Desktop,73.38,Completed,18,Tuesday
USER_1050,2026-05-05 19:01:03,Mobile,16.11,Abandoned,19,Tuesday
USER_0978,2026-05-05 19:09:14,Mobile,15.82,Abandoned,19,Tuesday
USER_0792,2026-05-05 19:33:34,Desktop,17.91,Abandoned,19,Tuesday
USER_1467,2026-05-05 19:38:10,Mobile,70.32,Completed,19,Tuesday
USER_0594,2026-05-05 19:53:57,Mobile,72.51,Abandoned,19,Tuesday
USER_0893,2026-05-05 20:07:54,Mobile,54.730000000000004,Completed,20,Tuesday
USER_0629,2026-05-05 20:46:19,Mobile,167.13,Abandoned,20,Tuesday
USER_0516,2026-05-05 23:06:11,Mobile,103.71,Abandoned,23,Tuesday
USER_0941,2026-05-06 00:28:09,Mobile,19.32,Abandoned,0,Wednesday
USER_0561,2026-05-06 00:53:35,Mobile,48.82,Abandoned,0,Wednesday
USER_0437,2026-05-06 01:22:26,Mobile,29.64,Abandoned,1,Wednesday
USER_1336,2026-05-06 02:15:01,Desktop,54.730000000000004,Abandoned,2,Wednesday
USER_0776,2026-05-06 02:38:00,Mobile,53.52,Abandoned,2,Wednesday
USER_0620,2026-05-06 04:22:03,Mobile,30.76,Abandoned,4,Wednesday
USER_1160,2026-05-06 05:17:00,Desktop,164.25,Completed,5,Wednesday
USER_1459,2026-05-06 05:54:33,Desktop,56.67,Completed,5,Wednesday
USER_0129,2026-05-06 06:38:24,Desktop,41.66,Completed,6,Wednesday
USER_0893,2026-05-06 06:44:46,Mobile,46.31,Completed,6,Wednesday
USER_0769,2026-05-06 06:48:47,Mobile,156.36,Completed,6,Wednesday
USER_0995,2026-05-06 07:20:47,Desktop,98.72,Completed,7,Wednesday
USER_0561,2026-05-06 07:36:09,Desktop,49.13,Completed,7,Wednesday
USER_1426,2026-05-06 08:22:47,Mobile,28.65,Completed,8,Wednesday
USER_0508,2026-05-06 08:25:32,Tablet,31.7,Completed,8,Wednesday
USER_1450,2026-05-06 08:51:40,Unknown,39.91,Abandoned,8,Wednesday
USER_1014,2026-05-06 08:54:13,Tablet,75.92,Completed,8,Wednesday
USER_0349,2026-05-06 09:01:17,Desktop,89.28,Abandoned,9,Wednesday
USER_0523,2026-05-06 09:32:26,Desktop,34.07,Completed,9,Wednesday
USER_0339,2026-05-06 10:55:08,Tablet,91.88,Completed,10,Wednesday
USER_1446,2026-05-06 11:48:22,Desktop,30.25,Completed,11,Wednesday
USER_1013,2026-05-06 11:54:12,Mobile,36.68,Abandoned,11,Wednesday
USER_1116,2026-05-06 12:01:46,Mobile,21.28,Completed,12,Wednesday
USER_1139,2026-05-06 12:11:05,Mobile,20.87,Abandoned,12,Wednesday
USER_0720,2026-05-06 16:08:19,Mobile,30.04,Completed,16,Wednesday
USER_0028,2026-05-06 17:06:54,Desktop,53.69,Abandoned,17,Wednesday
USER_1417,2026-05-06 17:09:56,Mobile,28.61,Abandoned,17,Wednesday
USER_0860,2026-05-06 17:14:15,Mobile,144.57,Abandoned,17,Wednesday
USER_0845,2026-05-06 18:52:28,Desktop,29.78,Abandoned,18,Wednesday
USER_0913,2026-05-06 20:01:50,Desktop,61.53,Completed,20,Wednesday
USER_0962,2026-05-06 20:28:12,Mobile,128.79,Abandoned,20,Wednesday
USER_0217,2026-05-06 23:19:57,Mobile,57.98,Abandoned,23,Wednesday
USER_1442,2026-05-06 23:29:58,Mobile,43.1,Abandoned,23,Wednesday
USER_0738,2026-05-07 00:15:22,Desktop,60.07,Abandoned,0,Thursday
USER_1456,2026-05-07 00:45:19,Mobile,37.9,Abandoned,0,Thursday
USER_1389,2026-05-07 01:59:41,Desktop,28.49,Completed,1,Thursday
USER_0541,2026-05-07 03:21:55,Mobile,81.31,Abandoned,3,Thursday
USER_1406,2026-05-07 05:30:57,Mobile,37.37,Abandoned,5,Thursday
USER_1067,2026-05-07 06:58:47,Tablet,100.37,Abandoned,6,Thursday
USER_1125,2026-05-07 08:05:23,Mobile,91.61,Abandoned,8,Thursday
USER_0425,2026-05-07 08:31:22,Mobile,60.83,Abandoned,8,Thursday
USER_0877,2026-05-07 09:14:37,Mobile,102.62,Abandoned,9,Thursday
USER_1020,2026-05-07 09:15:21,Mobile,38.33,Abandoned,9,Thursday
USER_0311,2026-05-07 09:50:08,Mobile,90.87,Completed,9,Thursday
USER_0847,2026-05-07 10:35:04,Mobile,90.57,Abandoned,10,Thursday
USER_0758,2026-05-07 12:01:31,Mobile,44.88,Abandoned,12,Thursday
USER_0442,2026-05-07 12:06:44,Mobile,41.29,Completed,12,Thursday
USER_0374,2026-05-07 14:33:34,Desktop,67.62,Completed,14,Thursday
USER_1290,2026-05-07 15:48:56,Desktop,196.24,Abandoned,15,Thursday
USER_1106,2026-05-07 16:02:05,Mobile,46.95,Completed,16,Thursday
USER_0228,2026-05-07 16:57:33,Desktop,40.73,Abandoned,16,Thursday
USER_0693,2026-05-07 17:04:12,Mobile,117.44,Abandoned,17,Thursday
USER_1404,2026-05-07 17:18:07,Mobile,57.07,Completed,17,Thursday
USER_0662,2026-05-07 17:20:52,Unknown,95.86,Completed,17,Thursday
USER_0874,2026-05-07 17:21:20,Mobile,142.38,Abandoned,17,Thursday
USER_0376,2026-05-07 17:30:45,Mobile,15.81,Completed,17,Thursday
USER_1328,2026-05-07 18:31:10,Mobile,53.28,Completed,18,Thursday
USER_0093,2026-05-07 19:54:32,Desktop,47.02,Abandoned,19,Thursday
USER_0778,2026-05-07 20:00:57,Tablet,29.21,Abandoned,20,Thursday
USER_0092,2026-05-07 21:17:57,Mobile,15.69,Abandoned,21,Thursday
USER_1463,2026-05-07 21:36:54,Desktop,19.4,Completed,21,Thursday
USER_0128,2026-05-07 23:44:04,Desktop,58.43,Abandoned,23,Thursday
USER_0868,2026-05-07 23:44:41,Desktop,38.59,Completed,23,Thursday
USER_1401,2026-05-08 02:23:34,Mobile,32.42,Abandoned,2,Friday
USER_0851,2026-05-08 03:52:21,Mobile,58.05,Abandoned,3,Friday
USER_0732,2026-05-08 03:56:33,Mobile,34.82,Abandoned,3,Friday
USER_0946,2026-05-08 04:08:26,Mobile,126.29,Abandoned,4,Friday
USER_1082,2026-05-08 04:12:15,Desktop,36.47,Abandoned,4,Friday
USER_0420,2026-05-08 05:41:32,Mobile,145.25,Abandoned,5,Friday
USER_0676,2026-05-08 05:50:29,Mobile,53.54,Abandoned,5,Friday
USER_0784,2026-05-08 06:27:09,Desktop,35.74,Abandoned,6,Friday
USER_1016,2026-05-08 06:37:14,Desktop,34.09,Abandoned,6,Friday
USER_0386,2026-05-08 14:14:34,Mobile,146.05,Completed,14,Friday
USER_0960,2026-05-08 14:43:02,Desktop,85.82,Completed,14,Friday
USER_0650,2026-05-08 17:17:04,Mobile,33.33,Abandoned,17,Friday
USER_0161,2026-05-08 17:17:48,Mobile,58.99,Abandoned,17,Friday
USER_0638,2026-05-08 17:23:13,Mobile,11.79,Completed,17,Friday
USER_1288,2026-05-08 18:20:04,Desktop,22.98,Abandoned,18,Friday
USER_1303,2026-05-08 18:47:01,Tablet,33.53,Completed,18,Friday
USER_1404,2026-05-08 19:24:42,Mobile,33.0,Abandoned,19,Friday
USER_1220,2026-05-08 20:38:20,Mobile,120.12,Abandoned,20,Friday
USER_0113,2026-05-08 22:59:49,Mobile,15.73,Abandoned,22,Friday
USER_0819,2026-05-09 01:03:43,Mobile,21.58,Abandoned,1,Saturday
USER_1389,2026-05-09 01:14:00,Mobile,73.26,Completed,1,Saturday
USER_0156,2026-05-09 01:31:21,Mobile,63.41,Abandoned,1,Saturday
USER_1071,2026-05-09 01:53:02,Desktop,43.5,Completed,1,Saturday
USER_1427,2026-05-09 02:24:12,Desktop,207.29,Abandoned,2,Saturday
USER_1107,2026-05-09 02:24:44,Mobile,81.56,Abandoned,2,Saturday
USER_0425,2026-05-09 05:19:30,Mobile,120.88,Abandoned,5,Saturday
USER_1398,2026-05-09 07:55:42,Mobile,52.82,Completed,7,Saturday
USER_0721,2026-05-09 09:18:42,Mobile,38.35,Completed,9,Saturday
USER_0891,2026-05-09 09:24:57,Unknown,38.63,Completed,9,Saturday
USER_0175,2026-05-09 10:20:42,Tablet,99.78,Abandoned,10,Saturday
USER_0991,2026-05-09 11:10:15,Mobile,90.22,Completed,11,Saturday
USER_0476,2026-05-09 11:11:12,Mobile,47.37,Abandoned,11,Saturday
USER_0082,2026-05-09 13:08:20,Desktop,74.18,Completed,13,Saturday
USER_0333,2026-05-09 13:09:24,Mobile,102.07,Completed,13,Saturday
USER_0404,2026-05-09 14:57:30,Desktop,37.84,Abandoned,14,Saturday
USER_0201,2026-05-09 15:05:11,Mobile,43.68,Abandoned,15,Saturday
USER_1013,2026-05-09 15:37:14,Unknown,72.99,Completed,15,Saturday
USER_0812,2026-05-09 16:25:45,Mobile,17.07,Completed,16,Saturday
USER_1004,2026-05-09 16:51:51,Desktop,73.89,Abandoned,16,Saturday
USER_1451,2026-05-09 17:00:09,Desktop,26.28,Completed,17,Saturday
USER_0485,2026-05-09 17:10:14,Mobile,100.69,Abandoned,17,Saturday
USER_0685,2026-05-09 18:42:56,Desktop,220.54,Abandoned,18,Saturday
USER_0476,2026-05-10 00:08:34,Desktop,34.7,Abandoned,0,Sunday
USER_0357,2026-05-10 01:05:19,Mobile,22.71,Completed,1,Sunday
USER_0980,2026-05-10 01:44:30,Mobile,48.57,Abandoned,1,Sunday
USER_0898,2026-05-10 02:08:45,Unknown,45.95,Abandoned,2,Sunday
USER_1466,2026-05-10 02:27:35,Mobile,83.89,Abandoned,2,Sunday
USER_0031,2026-05-10 06:47:48,Mobile,63.57,Abandoned,6,Sunday
USER_1359,2026-05-10 08:08:09,Desktop,45.03,Completed,8,Sunday
USER_1004,2026-05-10 08:36:24,Mobile,57.91,Abandoned,8,Sunday
USER_0993,2026-05-10 10:46:14,Unknown,26.33,Completed,10,Sunday
USER_1217,2026-05-10 11:02:37,Mobile,93.6,Completed,11,Sunday
USER_0897,2026-05-10 11:21:57,Mobile,156.28,Abandoned,11,Sunday
USER_0068,2026-05-10 11:33:38,Mobile,25.07,Completed,11,Sunday
USER_1257,2026-05-10 12:18:13,Mobile,19.56,Completed,12,Sunday
USER_0772,2026-05-10 12:48:17,Mobile,42.04,Completed,12,Sunday
USER_1337,2026-05-10 16:52:42,Mobile,24.68,Completed,16,Sunday
USER_1215,2026-05-10 17:24:16,Mobile,23.82,Abandoned,17,Sunday
USER_0949,2026-05-10 18:36:26,Desktop,21.95,Completed,18,Sunday
USER_0957,2026-05-10 19:14:35,Desktop,54.730000000000004,Completed,19,Sunday
USER_0525,2026-05-10 20:00:53,Mobile,41.79,Completed,20,Sunday
USER_0557,2026-05-10 20:25:22,Desktop,69.59,Completed,20,Sunday
USER_0194,2026-05-10 21:50:31,Desktop,37.87,Abandoned,21,Sunday
USER_1007,2026-05-10 21:52:31,Mobile,24.76,Abandoned,21,Sunday
USER_1087,2026-05-11 00:18:00,Tablet,54.0,Abandoned,0,Monday
USER_0948,2026-05-11 01:29:36,Desktop,27.44,Completed,1,Monday
USER_0681,2026-05-11 03:27:13,Mobile,76.17,Abandoned,3,Monday
USER_0804,2026-05-11 05:15:57,Mobile,18.48,Abandoned,5,Monday
USER_1123,2026-05-11 06:42:31,Mobile,13.37,Abandoned,6,Monday
USER_0644,2026-05-11 07:15:38,Mobile,19.18,Abandoned,7,Monday
USER_1094,2026-05-11 09:07:50,Desktop,41.6,Abandoned,9,Monday
USER_1032,2026-05-11 09:27:17,Mobile,45.3,Completed,9,Monday
USER_0524,2026-05-11 09:27:36,Desktop,59.68,Completed,9,Monday
USER_0443,2026-05-11 09:30:05,Desktop,37.82,Completed,9,Monday
USER_0305,2026-05-11 09:32:34,Desktop,31.49,Completed,9,Monday
USER_1007,2026-05-11 11:33:19,Desktop,138.61,Abandoned,11,Monday
USER_0181,2026-05-11 11:59:37,Mobile,116.72,Abandoned,11,Monday
USER_0432,2026-05-11 13:38:59,Unknown,103.65,Completed,13,Monday
USER_0034,2026-05-11 13:45:35,Desktop,66.74,Completed,13,Monday
USER_1180,2026-05-11 16:14:52,Mobile,70.28,Abandoned,16,Monday
USER_0668,2026-05-11 17:51:06,Mobile,32.35,Completed,17,Monday
USER_1224,2026-05-11 18:31:34,Desktop,59.97,Completed,18,Monday
USER_1312,2026-05-11 18:42:32,Desktop,29.64,Completed,18,Monday
USER_0438,2026-05-11 18:51:07,Mobile,27.53,Abandoned,18,Monday
USER_0693,2026-05-11 18:54:19,Desktop,19.08,Completed,18,Monday
USER_0183,2026-05-11 20:05:59,Desktop,71.09,Abandoned,20,Monday
USER_0489,2026-05-11 20:32:57,Mobile,60.73,Abandoned,20,Monday
USER_1178,2026-05-11 21:55:29,Mobile,44.84,Abandoned,21,Monday
USER_0970,2026-05-11 23:21:51,Tablet,41.18,Abandoned,23,Monday
USER_0602,2026-05-11 23:29:39,Mobile,16.62,Abandoned,23,Monday
USER_0153,2026-05-11 23:59:03,Mobile,64.5,Abandoned,23,Monday
USER_0554,2026-05-12 01:27:00,Unknown,44.47,Abandoned,1,Tuesday
USER_1461,2026-05-12 02:45:09,Desktop,54.730000000000004,Completed,2,Tuesday
USER_0499,2026-05-12 02:48:33,Mobile,60.04,Abandoned,2,Tuesday
USER_0121,2026-05-12 03:24:18,Mobile,86.38,Abandoned,3,Tuesday
USER_1439,2026-05-12 04:00:44,Mobile,54.34,Abandoned,4,Tuesday
USER_0516,2026-05-12 04:14:49,Tablet,61.44,Abandoned,4,Tuesday
USER_1471,2026-05-12 05:25:19,Mobile,100.01,Completed,5,Tuesday
USER_0090,2026-05-12 05:40:22,Desktop,48.18,Abandoned,5,Tuesday
USER_1142,2026-05-12 05:45:09,Tablet,74.2,Completed,5,Tuesday
USER_0414,2026-05-12 06:38:46,Mobile,40.92,Completed,6,Tuesday
USER_1158,2026-05-12 09:54:51,Tablet,50.14,Completed,9,Tuesday
USER_0227,2026-05-12 11:04:24,Tablet,54.730000000000004,Abandoned,11,Tuesday
USER_1156,2026-05-12 11:06:39,Desktop,82.79,Abandoned,11,Tuesday
USER_1361,2026-05-12 11:38:07,Mobile,54.730000000000004,Abandoned,11,Tuesday
USER_1244,2026-05-12 12:50:38,Desktop,71.87,Completed,12,Tuesday
USER_0109,2026-05-12 14:02:30,Desktop,23.76,Completed,14,Tuesday
USER_0155,2026-05-12 14:33:30,Tablet,47.29,Abandoned,14,Tuesday
USER_1412,2026-05-12 14:44:53,Mobile,29.38,Abandoned,14,Tuesday
USER_0363,2026-05-12 17:32:21,Desktop,73.24,Completed,17,Tuesday
USER_0793,2026-05-12 17:39:17,Mobile,48.29,Completed,17,Tuesday
USER_0401,2026-05-12 18:58:39,Mobile,65.64,Abandoned,18,Tuesday
USER_0074,2026-05-12 19:43:55,Mobile,90.31,Abandoned,19,Tuesday
USER_0043,2026-05-12 20:17:15,Desktop,40.48,Completed,20,Tuesday
USER_0336,2026-05-12 22:35:06,Mobile,41.43,Abandoned,22,Tuesday
USER_1037,2026-05-12 23:12:25,Mobile,53.3,Completed,23,Tuesday
USER_1329,2026-05-13 01:16:39,Tablet,31.21,Completed,1,Wednesday
USER_1373,2026-05-13 01:20:42,Mobile,54.2,Abandoned,1,Wednesday
USER_0027,2026-05-13 01:33:14,Desktop,56.09,Abandoned,1,Wednesday
USER_1372,2026-05-13 02:01:52,Mobile,63.36,Abandoned,2,Wednesday
USER_1015,2026-05-13 04:20:38,Mobile,71.72,Completed,4,Wednesday
USER_0212,2026-05-13 04:29:30,Desktop,19.26,Completed,4,Wednesday
USER_1083,2026-05-13 06:16:31,Tablet,23.68,Completed,6,Wednesday
USER_1433,2026-05-13 07:48:15,Mobile,25.57,Abandoned,7,Wednesday
USER_0476,2026-05-13 08:26:03,Desktop,57.99,Completed,8,Wednesday
USER_0519,2026-05-13 08:28:00,Mobile,45.38,Completed,8,Wednesday
USER_0745,2026-05-13 12:32:04,Mobile,12.5,Completed,12,Wednesday
USER_0200,2026-05-13 16:05:34,Mobile,193.56,Abandoned,16,Wednesday
USER_0664,2026-05-13 16:16:43,Mobile,14.99,Completed,16,Wednesday
USER_0149,2026-05-13 16:41:11,Mobile,55.69,Abandoned,16,Wednesday
USER_0980,2026-05-13 17:36:26,Mobile,78.74,Abandoned,17,Wednesday
USER_0974,2026-05-13 17:38:38,Mobile,34.2,Abandoned,17,Wednesday
USER_0039,2026-05-13 18:35:36,Mobile,54.730000000000004,Completed,18,Wednesday
USER_1309,2026-05-13 18:39:30,Mobile,28.35,Abandoned,18,Wednesday
USER_0142,2026-05-13 19:05:11,Desktop,61.02,Abandoned,19,Wednesday
USER_0384,2026-05-13 21:53:01,Tablet,13.23,Completed,21,Wednesday
USER_1484,2026-05-13 23:27:06,Desktop,117.05,Completed,23,Wednesday
USER_1130,2026-05-14 01:22:36,Mobile,54.63,Abandoned,1,Thursday
USER_0287,2026-05-14 02:00:31,Tablet,19.36,Abandoned,2,Thursday
USER_0478,2026-05-14 02:28:28,Desktop,82.16,Completed,2,Thursday
USER_0375,2026-05-14 04:45:20,Mobile,157.73,Abandoned,4,Thursday
USER_0504,2026-05-14 05:45:13,Mobile,29.9,Abandoned,5,Thursday
USER_0580,2026-05-14 06:43:41,Desktop,47.63,Completed,6,Thursday
USER_1307,2026-05-14 06:56:03,Desktop,39.07,Completed,6,Thursday
USER_1052,2026-05-14 08:03:31,Desktop,33.09,Completed,8,Thursday
USER_0997,2026-05-14 09:10:17,Desktop,30.9,Abandoned,9,Thursday
USER_0942,2026-05-14 10:05:01,Desktop,35.87,Completed,10,Thursday
USER_0459,2026-05-14 10:49:05,Tablet,37.15,Completed,10,Thursday
USER_0586,2026-05-14 11:05:44,Mobile,43.31,Completed,11,Thursday
USER_0474,2026-05-14 12:16:27,Mobile,41.31,Completed,12,Thursday
USER_0837,2026-05-14 12:50:25,Desktop,89.55,Abandoned,12,Thursday
USER_0613,2026-05-14 13:34:46,Mobile,84.5,Abandoned,13,Thursday
USER_0792,2026-05-14 13:59:31,Desktop,20.15,Abandoned,13,Thursday
USER_0971,2026-05-14 17:55:34,Tablet,37.12,Completed,17,Thursday
USER_0517,2026-05-14 18:34:19,Desktop,123.08,Abandoned,18,Thursday
USER_0286,2026-05-14 18:36:10,Desktop,66.1,Abandoned,18,Thursday
USER_0347,2026-05-14 19:03:50,Mobile,67.86,Abandoned,19,Thursday
USER_1093,2026-05-14 19:14:24,Mobile,63.77,Abandoned,19,Thursday
USER_0632,2026-05-14 19:53:37,Mobile,46.06,Abandoned,19,Thursday
USER_0680,2026-05-14 21:28:16,Unknown,53.16,Completed,21,Thursday
USER_0742,2026-05-15 00:03:15,Desktop,41.99,Abandoned,0,Friday
USER_0361,2026-05-15 00:14:26,Desktop,95.22,Completed,0,Friday
USER_0406,2026-05-15 00:47:37,Mobile,42.24,Completed,0,Friday
USER_0059,2026-05-15 02:00:55,Mobile,50.73,Abandoned,2,Friday
USER_0242,2026-05-15 02:52:50,Desktop,88.06,Abandoned,2,Friday
USER_1416,2026-05-15 03:10:58,Mobile,44.12,Completed,3,Friday
USER_0126,2026-05-15 04:14:56,Mobile,52.15,Completed,4,Friday
USER_1226,2026-05-15 05:07:31,Desktop,43.26,Abandoned,5,Friday
USER_1131,2026-05-15 06:05:20,Desktop,51.52,Completed,6,Friday
USER_0287,2026-05-15 06:35:21,Mobile,44.22,Abandoned,6,Friday
USER_1444,2026-05-15 09:10:34,Desktop,38.54,Completed,9,Friday
USER_0404,2026-05-15 09:26:37,Mobile,34.46,Completed,9,Friday
USER_1493,2026-05-15 09:31:01,Unknown,48.81,Completed,9,Friday
USER_0850,2026-05-15 10:23:47,Mobile,105.83,Abandoned,10,Friday
USER_0132,2026-05-15 10:24:26,Mobile,81.89,Abandoned,10,Friday
USER_0183,2026-05-15 14:29:15,Desktop,54.730000000000004,Completed,14,Friday
USER_1289,2026-05-15 14:56:40,Mobile,41.31,Abandoned,14,Friday
USER_0685,2026-05-15 15:57:22,Desktop,36.06,Completed,15,Friday
USER_0566,2026-05-15 16:25:48,Desktop,19.78,Abandoned,16,Friday
USER_0566,2026-05-15 16:48:07,Desktop,65.3,Completed,16,Friday
USER_0259,2026-05-15 17:03:56,Tablet,51.29,Completed,17,Friday
USER_1308,2026-05-15 17:27:18,Mobile,203.35,Abandoned,17,Friday
USER_0613,2026-05-15 17:43:00,Desktop,43.94,Abandoned,17,Friday
USER_0144,2026-05-15 19:40:27,Mobile,32.97,Abandoned,19,Friday
USER_1137,2026-05-15 22:21:45,Mobile,30.96,Completed,22,Friday
USER_0073,2026-05-15 22:29:28,Desktop,40.71,Completed,22,Friday
USER_1423,2026-05-15 22:56:41,Mobile,80.13,Completed,22,Friday
USER_0152,2026-05-15 23:32:39,Desktop,86.33,Abandoned,23,Friday
USER_1383,2026-05-16 01:32:19,Mobile,365.77,Completed,1,Saturday
USER_1252,2026-05-16 01:35:29,Desktop,24.92,Completed,1,Saturday
USER_0011,2026-05-16 01:47:25,Tablet,57.75,Abandoned,1,Saturday
USER_0969,2026-05-16 02:03:36,Unknown,35.0,Abandoned,2,Saturday
USER_0109,2026-05-16 02:15:57,Unknown,68.57,Abandoned,2,Saturday
USER_0365,2026-05-16 02:52:37,Desktop,134.16,Completed,2,Saturday
USER_0036,2026-05-16 03:32:45,Mobile,95.62,Abandoned,3,Saturday
USER_1228,2026-05-16 03:33:38,Mobile,24.9,Abandoned,3,Saturday
USER_1093,2026-05-16 06:02:42,Desktop,85.2,Abandoned,6,Saturday
USER_1305,2026-05-16 07:48:09,Mobile,13.82,Completed,7,Saturday
USER_0614,2026-05-16 08:15:15,Mobile,11.62,Abandoned,8,Saturday
USER_1424,2026-05-16 08:24:08,Desktop,46.44,Abandoned,8,Saturday
USER_0435,2026-05-16 09:10:32,Mobile,81.2,Abandoned,9,Saturday
USER_0425,2026-05-16 11:22:51,Tablet,68.47,Abandoned,11,Saturday
USER_0405,2026-05-16 13:42:02,Desktop,188.44,Completed,13,Saturday
USER_0162,2026-05-16 14:33:03,Desktop,58.62,Completed,14,Saturday
USER_0680,2026-05-16 16:32:32,Mobile,54.730000000000004,Completed,16,Saturday
USER_1219,2026-05-16 16:39:47,Mobile,115.69,Completed,16,Saturday
USER_0461,2026-05-16 18:06:00,Mobile,42.81,Completed,18,Saturday
USER_1240,2026-05-16 18:47:02,Tablet,70.29,Abandoned,18,Saturday
USER_1123,2026-05-16 20:50:56,Mobile,73.1,Completed,20,Saturday
USER_1202,2026-05-17 00:24:12,Mobile,29.03,Abandoned,0,Sunday
USER_1083,2026-05-17 01:40:59,Mobile,70.24,Abandoned,1,Sunday
USER_0616,2026-05-17 02:36:37,Mobile,225.94,Completed,2,Sunday
USER_0113,2026-05-17 03:10:03,Mobile,114.3,Completed,3,Sunday
USER_1457,2026-05-17 03:12:16,Desktop,31.64,Completed,3,Sunday
USER_1441,2026-05-17 03:18:22,Mobile,249.67,Completed,3,Sunday
USER_0047,2026-05-17 04:11:58,Mobile,85.46,Completed,4,Sunday
USER_0029,2026-05-17 04:16:28,Mobile,71.93,Abandoned,4,Sunday
USER_1167,2026-05-17 04:29:00,Desktop,54.730000000000004,Completed,4,Sunday
USER_1312,2026-05-17 05:13:03,Desktop,85.09,Completed,5,Sunday
USER_1180,2026-05-17 05:18:17,Mobile,58.71,Abandoned,5,Sunday
USER_0082,2026-05-17 05:29:47,Desktop,55.3,Abandoned,5,Sunday
USER_0160,2026-05-17 06:05:45,Mobile,50.07,Completed,6,Sunday
USER_0954,2026-05-17 06:12:57,Tablet,102.82,Abandoned,6,Sunday
USER_0083,2026-05-17 07:14:09,Mobile,95.67,Abandoned,7,Sunday
USER_0709,2026-05-17 08:01:12,Desktop,49.55,Abandoned,8,Sunday
USER_1325,2026-05-17 08:04:56,Desktop,20.34,Completed,8,Sunday
USER_1212,2026-05-17 09:56:18,Desktop,55.89,Completed,9,Sunday
USER_1195,2026-05-17 10:05:24,Mobile,34.24,Completed,10,Sunday
USER_0386,2026-05-17 11:24:30,Mobile,40.13,Abandoned,11,Sunday
USER_0801,2026-05-17 13:39:24,Desktop,50.34,Completed,13,Sunday
USER_0087,2026-05-17 13:40:39,Mobile,27.41,Completed,13,Sunday
USER_0776,2026-05-17 13:41:45,Desktop,19.17,Completed,13,Sunday
USER_0957,2026-05-17 13:42:22,Desktop,66.01,Completed,13,Sunday
USER_0588,2026-05-17 14:07:23,Desktop,54.730000000000004,Completed,14,Sunday
USER_0127,2026-05-17 16:10:06,Mobile,54.19,Abandoned,16,Sunday
USER_0103,2026-05-17 17:06:24,Desktop,76.1,Abandoned,17,Sunday
USER_0939,2026-05-17 17:16:42,Desktop,35.56,Completed,17,Sunday
USER_0311,2026-05-17 17:23:32,Desktop,67.77,Completed,17,Sunday
USER_1409,2026-05-17 17:27:26,Mobile,130.23,Completed,17,Sunday
USER_0884,2026-05-17 17:34:45,Mobile,46.27,Completed,17,Sunday
USER_0457,2026-05-17 19:35:46,Mobile,54.730000000000004,Abandoned,19,Sunday
USER_1064,2026-05-17 20:32:03,Mobile,56.4,Abandoned,20,Sunday
USER_1461,2026-05-17 21:01:12,Desktop,31.37,Completed,21,Sunday
USER_0161,2026-05-17 21:47:15,Tablet,94.85,Abandoned,21,Sunday
USER_1443,2026-05-17 22:09:26,Mobile,50.75,Completed,22,Sunday
USER_0572,2026-05-18 00:46:49,Desktop,108.22,Completed,0,Monday
USER_1082,2026-05-18 01:12:38,Mobile,71.43,Abandoned,1,Monday
USER_0522,2026-05-18 01:13:57,Mobile,44.12,Abandoned,1,Monday
USER_1110,2026-05-18 01:43:01,Mobile,146.74,Abandoned,1,Monday
USER_0043,2026-05-18 02:10:08,Mobile,39.46,Completed,2,Monday
USER_1324,2026-05-18 02:19:05,Unknown,13.36,Completed,2,Monday
USER_0886,2026-05-18 04:32:12,Mobile,96.77,Completed,4,Monday
USER_0697,2026-05-18 04:57:20,Desktop,68.54,Completed,4,Monday
USER_0595,2026-05-18 05:34:50,Mobile,125.77,Abandoned,5,Monday
USER_1206,2026-05-18 06:10:39,Tablet,30.78,Completed,6,Monday
USER_0003,2026-05-18 08:13:22,Mobile,46.5,Completed,8,Monday
USER_1063,2026-05-18 08:33:28,Mobile,43.21,Abandoned,8,Monday
USER_0012,2026-05-18 08:46:47,Mobile,100.18,Abandoned,8,Monday
USER_0703,2026-05-18 09:56:22,Unknown,83.35,Abandoned,9,Monday
USER_0043,2026-05-18 11:18:10,Mobile,62.78,Completed,11,Monday
USER_0353,2026-05-18 12:54:47,Desktop,63.04,Completed,12,Monday
USER_1184,2026-05-18 13:28:44,Desktop,25.84,Abandoned,13,Monday
USER_1315,2026-05-18 14:07:46,Desktop,89.99,Completed,14,Monday
USER_1214,2026-05-18 14:39:35,Mobile,91.19,Abandoned,14,Monday
USER_0429,2026-05-18 15:15:31,Mobile,54.730000000000004,Abandoned,15,Monday
USER_0546,2026-05-18 16:06:20,Mobile,74.14,Abandoned,16,Monday
USER_1370,2026-05-18 17:10:51,Tablet,82.36,Abandoned,17,Monday
USER_0345,2026-05-18 17:22:52,Desktop,74.47,Completed,17,Monday
USER_1456,2026-05-18 17:45:14,Desktop,34.71,Abandoned,17,Monday
USER_0570,2026-05-18 17:48:33,Desktop,122.99,Completed,17,Monday
USER_0156,2026-05-18 19:20:55,Mobile,52.66,Completed,19,Monday
USER_0509,2026-05-18 20:18:30,Mobile,48.16,Completed,20,Monday
USER_0422,2026-05-18 21:50:52,Mobile,50.02,Abandoned,21,Monday
USER_0087,2026-05-18 22:17:22,Mobile,52.31,Abandoned,22,Monday
USER_0802,2026-05-18 22:24:48,Mobile,39.8,Completed,22,Monday
USER_0915,2026-05-19 00:17:35,Mobile,62.8,Abandoned,0,Tuesday
USER_1223,2026-05-19 00:48:26,Desktop,51.28,Abandoned,0,Tuesday
USER_1204,2026-05-19 01:16:20,Unknown,48.52,Completed,1,Tuesday
USER_1248,2026-05-19 01:25:38,Desktop,75.07,Completed,1,Tuesday
USER_1367,2026-05-19 01:55:33,Tablet,57.36,Abandoned,1,Tuesday
USER_0381,2026-05-19 03:15:01,Mobile,38.08,Abandoned,3,Tuesday
USER_0423,2026-05-19 04:07:24,Mobile,33.24,Abandoned,4,Tuesday
USER_1090,2026-05-19 04:20:35,Desktop,58.2,Completed,4,Tuesday
USER_0964,2026-05-19 05:26:32,Mobile,33.61,Abandoned,5,Tuesday
USER_1464,2026-05-19 05:56:19,Mobile,54.730000000000004,Abandoned,5,Tuesday
USER_0521,2026-05-19 06:06:45,Mobile,32.37,Abandoned,6,Tuesday
USER_0719,2026-05-19 08:16:08,Mobile,64.44,Abandoned,8,Tuesday
USER_0393,2026-05-19 10:44:26,Mobile,118.61,Abandoned,10,Tuesday
USER_1025,2026-05-19 11:55:15,Mobile,68.45,Abandoned,11,Tuesday
USER_0277,2026-05-19 12:24:37,Mobile,97.17,Completed,12,Tuesday
USER_1071,2026-05-19 13:15:42,Desktop,52.18,Abandoned,13,Tuesday
USER_0445,2026-05-19 14:26:23,Mobile,59.89,Abandoned,14,Tuesday
USER_0109,2026-05-19 15:30:45,Mobile,159.88,Abandoned,15,Tuesday
USER_0414,2026-05-19 16:19:13,Mobile,93.57,Completed,16,Tuesday
USER_0824,2026-05-19 19:31:34,Mobile,100.39,Abandoned,19,Tuesday
USER_0536,2026-05-19 20:59:28,Desktop,45.98,Completed,20,Tuesday
USER_0065,2026-05-19 23:03:25,Desktop,54.41,Completed,23,Tuesday
USER_0365,2026-05-19 23:06:08,Desktop,71.07,Completed,23,Tuesday
USER_0886,2026-05-20 00:05:09,Mobile,36.81,Abandoned,0,Wednesday
USER_1141,2026-05-20 00:25:49,Desktop,11.75,Completed,0,Wednesday
USER_1461,2026-05-20 00:44:06,Desktop,70.65,Abandoned,0,Wednesday
USER_1170,2026-05-20 01:01:04,Mobile,101.99,Completed,1,Wednesday
USER_0438,2026-05-20 02:40:31,Mobile,56.59,Abandoned,2,Wednesday
USER_0399,2026-05-20 04:47:24,Mobile,37.06,Abandoned,4,Wednesday
USER_0929,2026-05-20 05:11:36,Desktop,44.04,Completed,5,Wednesday
USER_0465,2026-05-20 06:04:59,Desktop,14.61,Abandoned,6,Wednesday
USER_1249,2026-05-20 06:12:15,Mobile,43.97,Abandoned,6,Wednesday
USER_0141,2026-05-20 06:13:22,Desktop,26.45,Abandoned,6,Wednesday
USER_1326,2026-05-20 07:37:32,Mobile,34.65,Completed,7,Wednesday
USER_0864,2026-05-20 08:26:09,Mobile,25.59,Completed,8,Wednesday
USER_1218,2026-05-20 09:14:18,Tablet,23.74,Completed,9,Wednesday
USER_1059,2026-05-20 10:15:50,Tablet,28.43,Completed,10,Wednesday
USER_0704,2026-05-20 13:18:21,Mobile,82.38,Abandoned,13,Wednesday
USER_0270,2026-05-20 13:20:29,Mobile,39.2,Completed,13,Wednesday
USER_0327,2026-05-20 14:32:24,Mobile,26.57,Abandoned,14,Wednesday
USER_1483,2026-05-20 14:59:10,Mobile,89.13,Completed,14,Wednesday
USER_0507,2026-05-20 17:30:40,Desktop,59.37,Completed,17,Wednesday
USER_1339,2026-05-20 18:39:58,Tablet,11.75,Abandoned,18,Wednesday
USER_0711,2026-05-20 21:05:52,Unknown,104.29,Completed,21,Wednesday
USER_0111,2026-05-20 22:02:45,Mobile,57.22,Abandoned,22,Wednesday
USER_1432,2026-05-20 23:10:33,Desktop,90.08,Completed,23,Wednesday
USER_0533,2026-05-20 23:48:57,Mobile,47.16,Abandoned,23,Wednesday
USER_0744,2026-05-21 00:32:50,Tablet,154.94,Abandoned,0,Thursday
USER_0598,2026-05-21 03:15:35,Desktop,42.6,Completed,3,Thursday
USER_1369,2026-05-21 03:45:30,Desktop,10.0,Abandoned,3,Thursday
USER_0850,2026-05-21 03:47:28,Mobile,30.63,Abandoned,3,Thursday
USER_1278,2026-05-21 04:44:44,Mobile,75.67,Abandoned,4,Thursday
USER_1474,2026-05-21 07:47:35,Mobile,60.55,Abandoned,7,Thursday
USER_0948,2026-05-21 09:21:52,Desktop,50.42,Completed,9,Thursday
USER_0990,2026-05-21 09:26:20,Mobile,28.76,Abandoned,9,Thursday
USER_1257,2026-05-21 10:59:30,Mobile,55.26,Abandoned,10,Thursday
USER_1178,2026-05-21 11:36:47,Mobile,54.09,Abandoned,11,Thursday
USER_0518,2026-05-21 13:53:06,Desktop,53.73,Completed,13,Thursday
USER_1373,2026-05-21 13:54:22,Mobile,77.44,Completed,13,Thursday
USER_0647,2026-05-21 14:48:41,Desktop,61.45,Completed,14,Thursday
USER_0596,2026-05-21 14:54:58,Desktop,46.34,Completed,14,Thursday
USER_0073,2026-05-21 17:30:41,Tablet,28.46,Abandoned,17,Thursday
USER_1154,2026-05-21 17:47:48,Mobile,132.16,Abandoned,17,Thursday
USER_0482,2026-05-21 17:58:16,Mobile,197.96,Abandoned,17,Thursday
USER_0620,2026-05-21 18:32:47,Mobile,169.65,Abandoned,18,Thursday
USER_0881,2026-05-21 19:11:35,Mobile,86.0,Completed,19,Thursday
USER_0893,2026-05-21 19:33:35,Mobile,18.38,Abandoned,19,Thursday
USER_0664,2026-05-21 19:41:19,Desktop,16.97,Abandoned,19,Thursday
USER_0201,2026-05-21 21:49:29,Mobile,38.23,Abandoned,21,Thursday
USER_1108,2026-05-21 22:27:52,Desktop,52.69,Abandoned,22,Thursday
USER_0325,2026-05-21 23:58:58,Mobile,51.3,Completed,23,Thursday
USER_1285,2026-05-22 00:38:26,Desktop,61.93,Completed,0,Friday
USER_0371,2026-05-22 00:40:42,Desktop,22.09,Completed,0,Friday
USER_0711,2026-05-22 00:42:03,Desktop,155.22,Abandoned,0,Friday
USER_1041,2026-05-22 00:57:55,Desktop,145.24,Completed,0,Friday
USER_0883,2026-05-22 01:08:48,Desktop,23.28,Abandoned,1,Friday
USER_0865,2026-05-22 01:13:24,Tablet,16.28,Completed,1,Friday
USER_0827,2026-05-22 03:18:49,Mobile,51.5,Abandoned,3,Friday
USER_0397,2026-05-22 06:56:54,Mobile,124.01,Completed,6,Friday
USER_0455,2026-05-22 06:59:39,Mobile,53.47,Completed,6,Friday
USER_0220,2026-05-22 07:27:59,Mobile,64.65,Abandoned,7,Friday
USER_0897,2026-05-22 07:43:43,Mobile,41.03,Completed,7,Friday
USER_0219,2026-05-22 07:52:35,Mobile,54.730000000000004,Completed,7,Friday
USER_0436,2026-05-22 08:39:45,Mobile,100.88,Abandoned,8,Friday
USER_0187,2026-05-22 09:34:07,Mobile,71.37,Abandoned,9,Friday
USER_1486,2026-05-22 10:10:23,Mobile,79.37,Abandoned,10,Friday
USER_0107,2026-05-22 10:50:17,Tablet,18.52,Completed,10,Friday
USER_0262,2026-05-22 12:39:14,Mobile,219.18,Abandoned,12,Friday
USER_1178,2026-05-22 13:09:53,Desktop,18.67,Completed,13,Friday
USER_1328,2026-05-22 13:46:28,Mobile,60.44,Completed,13,Friday
USER_0363,2026-05-22 14:16:52,Tablet,49.51,Completed,14,Friday
USER_0912,2026-05-22 14:35:08,Desktop,50.93,Completed,14,Friday
USER_0188,2026-05-22 14:35:50,Desktop,96.1,Abandoned,14,Friday
USER_0373,2026-05-22 14:56:41,Desktop,34.46,Completed,14,Friday
USER_0250,2026-05-22 15:06:37,Mobile,41.21,Abandoned,15,Friday
USER_1369,2026-05-22 15:10:52,Tablet,25.91,Abandoned,15,Friday
USER_0035,2026-05-22 15:21:39,Desktop,113.23,Completed,15,Friday
USER_0314,2026-05-22 15:36:29,Desktop,64.91,Completed,15,Friday
USER_0269,2026-05-22 17:04:56,Desktop,82.62,Abandoned,17,Friday
USER_1309,2026-05-22 18:22:37,Mobile,92.55,Abandoned,18,Friday
USER_0489,2026-05-22 18:57:00,Desktop,199.22,Completed,18,Friday
USER_1185,2026-05-22 19:12:37,Mobile,177.86,Completed,19,Friday
USER_1078,2026-05-22 19:25:49,Desktop,67.35,Completed,19,Friday
USER_0819,2026-05-22 19:36:24,Mobile,60.5,Abandoned,19,Friday
USER_0666,2026-05-22 19:44:24,Tablet,38.63,Abandoned,19,Friday
USER_1245,2026-05-22 19:44:28,Mobile,88.56,Abandoned,19,Friday
USER_0311,2026-05-22 20:13:13,Mobile,86.45,Abandoned,20,Friday
USER_0888,2026-05-22 20:13:38,Desktop,33.98,Abandoned,20,Friday
USER_0002,2026-05-22 20:24:07,Desktop,87.17,Completed,20,Friday
USER_0703,2026-05-22 21:10:27,Desktop,105.15,Abandoned,21,Friday
USER_0126,2026-05-22 21:30:48,Mobile,26.34,Abandoned,21,Friday
USER_0542,2026-05-22 22:11:39,Mobile,61.77,Completed,22,Friday
USER_0947,2026-05-22 22:33:38,Desktop,52.31,Completed,22,Friday
USER_0069,2026-05-23 00:38:34,Tablet,54.41,Completed,0,Saturday
USER_0604,2026-05-23 01:34:18,Desktop,29.39,Completed,1,Saturday
USER_1329,2026-05-23 01:52:00,Mobile,16.66,Abandoned,1,Saturday
USER_0005,2026-05-23 06:07:04,Tablet,33.41,Completed,6,Saturday
USER_0348,2026-05-23 07:17:07,Mobile,30.51,Abandoned,7,Saturday
USER_0126,2026-05-23 07:31:45,Mobile,68.69,Completed,7,Saturday
USER_0934,2026-05-23 07:43:33,Unknown,69.42,Completed,7,Saturday
USER_1300,2026-05-23 07:54:41,Mobile,66.9,Completed,7,Saturday
USER_0199,2026-05-23 08:34:55,Desktop,22.02,Completed,8,Saturday
USER_1211,2026-05-23 08:39:40,Mobile,26.37,Completed,8,Saturday
USER_0371,2026-05-23 08:58:15,Mobile,36.57,Completed,8,Saturday
USER_0876,2026-05-23 10:00:55,Mobile,55.43,Abandoned,10,Saturday
USER_0698,2026-05-23 11:09:35,Mobile,43.91,Completed,11,Saturday
USER_0137,2026-05-23 11:21:35,Desktop,66.81,Abandoned,11,Saturday
USER_1460,2026-05-23 11:43:08,Mobile,102.93,Completed,11,Saturday
USER_0403,2026-05-23 11:49:18,Mobile,54.730000000000004,Abandoned,11,Saturday
USER_1037,2026-05-23 12:50:57,Desktop,29.23,Abandoned,12,Saturday
USER_1277,2026-05-23 12:54:58,Desktop,59.62,Completed,12,Saturday
USER_0936,2026-05-23 13:28:13,Desktop,51.76,Abandoned,13,Saturday
USER_0350,2026-05-23 14:33:51,Mobile,88.52,Completed,14,Saturday
USER_1380,2026-05-23 14:44:01,Desktop,54.87,Abandoned,14,Saturday
USER_1156,2026-05-23 15:19:56,Tablet,169.24,Completed,15,Saturday
USER_1025,2026-05-23 17:10:41,Desktop,19.45,Completed,17,Saturday
USER_0906,2026-05-23 17:18:46,Unknown,54.730000000000004,Completed,17,Saturday
USER_0257,2026-05-23 18:27:05,Mobile,62.15,Abandoned,18,Saturday
USER_0858,2026-05-23 19:31:24,Tablet,21.93,Abandoned,19,Saturday
USER_0779,2026-05-23 19:46:30,Mobile,14.24,Completed,19,Saturday
USER_0863,2026-05-23 20:11:58,Mobile,26.28,Abandoned,20,Saturday
USER_0899,2026-05-23 21:02:54,Mobile,119.81,Abandoned,21,Saturday
USER_0432,2026-05-23 22:37:23,Mobile,111.26,Completed,22,Saturday
USER_0569,2026-05-23 22:37:31,Tablet,50.22,Completed,22,Saturday
USER_1241,2026-05-23 22:58:59,Desktop,43.14,Abandoned,22,Saturday
USER_0990,2026-05-23 23:38:20,Desktop,31.3,Abandoned,23,Saturday
USER_0237,2026-05-24 00:05:22,Desktop,48.34,Abandoned,0,Sunday
USER_0049,2026-05-24 00:14:22,Mobile,40.12,Completed,0,Sunday
USER_1467,2026-05-24 00:16:58,Mobile,165.91,Abandoned,0,Sunday
USER_0096,2026-05-24 00:49:47,Desktop,24.44,Completed,0,Sunday
USER_0041,2026-05-24 03:01:45,Desktop,70.46,Abandoned,3,Sunday
USER_1410,2026-05-24 03:26:14,Mobile,171.07,Abandoned,3,Sunday
USER_0502,2026-05-24 04:06:31,Desktop,90.33,Completed,4,Sunday
USER_0219,2026-05-24 04:47:08,Mobile,26.29,Abandoned,4,Sunday
USER_0875,2026-05-24 05:21:01,Mobile,20.04,Abandoned,5,Sunday
USER_0499,2026-05-24 08:36:29,Mobile,65.26,Completed,8,Sunday
USER_0822,2026-05-24 08:42:24,Mobile,60.21,Abandoned,8,Sunday
USER_1304,2026-05-24 10:07:19,Desktop,121.64,Completed,10,Sunday
USER_0014,2026-05-24 10:12:02,Desktop,77.98,Completed,10,Sunday
USER_1348,2026-05-24 10:43:22,Mobile,39.84,Abandoned,10,Sunday
USER_0377,2026-05-24 11:03:17,Desktop,38.12,Abandoned,11,Sunday
USER_0463,2026-05-24 11:07:10,Desktop,23.36,Completed,11,Sunday
USER_0836,2026-05-24 12:04:56,Mobile,59.39,Abandoned,12,Sunday
USER_0761,2026-05-24 12:32:06,Mobile,54.730000000000004,Completed,12,Sunday
USER_0374,2026-05-24 14:21:41,Tablet,98.64,Completed,14,Sunday
USER_0638,2026-05-24 15:32:17,Desktop,80.07,Abandoned,15,Sunday
USER_0972,2026-05-24 16:12:07,Tablet,78.44,Completed,16,Sunday
USER_1089,2026-05-24 16:15:37,Mobile,23.12,Completed,16,Sunday
USER_0408,2026-05-24 16:19:13,Desktop,49.53,Completed,16,Sunday
USER_0220,2026-05-24 16:36:00,Mobile,42.39,Abandoned,16,Sunday
USER_0632,2026-05-24 17:55:11,Mobile,54.730000000000004,Completed,17,Sunday
USER_1094,2026-05-24 18:18:44,Mobile,76.98,Abandoned,18,Sunday
USER_1300,2026-05-24 19:23:51,Mobile,39.1,Completed,19,Sunday
USER_1388,2026-05-24 21:40:38,Mobile,40.07,Completed,21,Sunday
USER_0023,2026-05-24 23:23:35,Unknown,84.94,Completed,23,Sunday
USER_0334,2026-05-25 01:50:34,Mobile,26.2,Completed,1,Monday
USER_0431,2026-05-25 02:19:35,Unknown,33.6,Completed,2,Monday
USER_1285,2026-05-25 02:44:02,Mobile,54.81,Abandoned,2,Monday
USER_0295,2026-05-25 03:13:38,Mobile,97.99,Abandoned,3,Monday
USER_0245,2026-05-25 03:20:19,Mobile,29.09,Abandoned,3,Monday
USER_0557,2026-05-25 03:24:17,Mobile,174.74,Abandoned,3,Monday
USER_0826,2026-05-25 04:31:53,Desktop,22.69,Abandoned,4,Monday
USER_1449,2026-05-25 04:45:09,Mobile,149.56,Abandoned,4,Monday
USER_0960,2026-05-25 05:20:58,Desktop,119.07,Abandoned,5,Monday
USER_0870,2026-05-25 05:39:00,Mobile,21.55,Abandoned,5,Monday
USER_0921,2026-05-25 05:42:30,Mobile,18.9,Abandoned,5,Monday
USER_0044,2026-05-25 05:52:49,Desktop,87.17,Completed,5,Monday
USER_1378,2026-05-25 06:01:17,Desktop,42.72,Completed,6,Monday
USER_0054,2026-05-25 06:45:56,Mobile,28.37,Completed,6,Monday
USER_0419,2026-05-25 07:10:21,Desktop,177.26,Abandoned,7,Monday
USER_0385,2026-05-25 09:29:06,Mobile,25.13,Abandoned,9,Monday
USER_1360,2026-05-25 09:44:45,Desktop,34.04,Abandoned,9,Monday
USER_0739,2026-05-25 10:39:41,Desktop,36.76,Abandoned,10,Monday
USER_0596,2026-05-25 11:16:17,Desktop,10.0,Completed,11,Monday
USER_0452,2026-05-25 11:19:44,Tablet,57.94,Completed,11,Monday
USER_1234,2026-05-25 11:34:06,Mobile,30.19,Abandoned,11,Monday
USER_0963,2026-05-25 13:47:10,Desktop,92.47,Completed,13,Monday
USER_1286,2026-05-25 13:49:16,Mobile,100.67,Completed,13,Monday
USER_0585,2026-05-25 13:55:07,Mobile,54.730000000000004,Abandoned,13,Monday
USER_0881,2026-05-25 15:44:51,Mobile,63.94,Abandoned,15,Monday
USER_1020,2026-05-25 16:35:40,Mobile,60.72,Completed,16,Monday
USER_0277,2026-05-25 17:19:13,Desktop,34.63,Abandoned,17,Monday
USER_0323,2026-05-25 18:23:42,Desktop,36.61,Completed,18,Monday
USER_1304,2026-05-25 20:04:47,Desktop,129.04,Completed,20,Monday
USER_0312,2026-05-25 21:23:05,Mobile,88.05,Abandoned,21,Monday
USER_0612,2026-05-25 22:50:55,Unknown,62.42,Abandoned,22,Monday
USER_1418,2026-05-25 22:52:04,Tablet,80.64,Completed,22,Monday
USER_1301,2026-05-25 23:21:23,Mobile,52.47,Abandoned,23,Monday
USER_1110,2026-05-26 00:58:15,Desktop,61.57,Completed,0,Tuesday
USER_0047,2026-05-26 01:38:23,Desktop,80.35,Completed,1,Tuesday
USER_1126,2026-05-26 01:53:54,Desktop,14.18,Abandoned,1,Tuesday
USER_0551,2026-05-26 02:44:55,Mobile,98.4,Abandoned,2,Tuesday
USER_0883,2026-05-26 03:24:42,Desktop,93.91,Abandoned,3,Tuesday
USER_0001,2026-05-26 03:36:11,Mobile,32.87,Abandoned,3,Tuesday
USER_0883,2026-05-26 03:39:35,Desktop,122.57,Completed,3,Tuesday
USER_1431,2026-05-26 03:55:22,Mobile,12.92,Abandoned,3,Tuesday
USER_0914,2026-05-26 09:51:52,Mobile,68.68,Abandoned,9,Tuesday
USER_1257,2026-05-26 09:58:46,Mobile,56.03,Abandoned,9,Tuesday
USER_0584,2026-05-26 11:40:38,Desktop,44.65,Completed,11,Tuesday
USER_0639,2026-05-26 11:58:59,Mobile,55.29,Abandoned,11,Tuesday
USER_0399,2026-05-26 12:16:31,Mobile,79.74,Abandoned,12,Tuesday
USER_0290,2026-05-26 13:41:43,Mobile,16.88,Abandoned,13,Tuesday
USER_0272,2026-05-26 15:40:51,Tablet,104.65,Completed,15,Tuesday
USER_0588,2026-05-26 16:01:47,Desktop,41.82,Completed,16,Tuesday
USER_1212,2026-05-26 16:15:38,Desktop,105.64,Completed,16,Tuesday
USER_0273,2026-05-26 16:24:08,Unknown,82.95,Completed,16,Tuesday
USER_1027,2026-05-26 18:14:57,Mobile,41.26,Completed,18,Tuesday
USER_0991,2026-05-26 18:42:59,Mobile,51.85,Completed,18,Tuesday
USER_0017,2026-05-26 19:37:25,Tablet,53.87,Completed,19,Tuesday
USER_1438,2026-05-26 20:00:30,Mobile,155.1,Completed,20,Tuesday
USER_1207,2026-05-26 20:44:54,Mobile,26.02,Completed,20,Tuesday
USER_1476,2026-05-26 20:59:27,Mobile,41.07,Abandoned,20,Tuesday
USER_0028,2026-05-26 21:38:36,Mobile,19.52,Abandoned,21,Tuesday
USER_0516,2026-05-26 23:36:15,Mobile,59.18,Completed,23,Tuesday
USER_0099,2026-05-26 23:53:17,Mobile,36.41,Abandoned,23,Tuesday
USER_1021,2026-05-27 00:10:13,Mobile,39.39,Completed,0,Wednesday
USER_0067,2026-05-27 02:24:21,Mobile,143.32,Abandoned,2,Wednesday
USER_1029,2026-05-27 03:29:08,Mobile,31.97,Abandoned,3,Wednesday
USER_0776,2026-05-27 06:34:54,Mobile,49.22,Completed,6,Wednesday
USER_0667,2026-05-27 08:59:51,Mobile,40.52,Completed,8,Wednesday
USER_0233,2026-05-27 10:19:25,Desktop,42.21,Abandoned,10,Wednesday
USER_0183,2026-05-27 10:26:45,Mobile,330.85,Completed,10,Wednesday
USER_0119,2026-05-27 16:51:24,Desktop,17.68,Completed,16,Wednesday
USER_0294,2026-05-27 17:25:14,Desktop,82.98,Abandoned,17,Wednesday
USER_0483,2026-05-27 18:02:18,Desktop,264.49,Abandoned,18,Wednesday
USER_0339,2026-05-27 18:49:16,Mobile,110.1,Abandoned,18,Wednesday
USER_0505,2026-05-27 20:00:47,Mobile,54.730000000000004,Abandoned,20,Wednesday
USER_0867,2026-05-27 21:11:44,Mobile,25.48,Abandoned,21,Wednesday
USER_1036,2026-05-27 21:44:51,Desktop,127.5,Abandoned,21,Wednesday
USER_0387,2026-05-27 22:20:27,Mobile,100.41,Abandoned,22,Wednesday
USER_0279,2026-05-27 22:51:28,Desktop,20.2,Completed,22,Wednesday
USER_0420,2026-05-27 23:02:48,Desktop,44.34,Completed,23,Wednesday
USER_0816,2026-05-28 00:36:14,Mobile,24.93,Abandoned,0,Thursday
USER_0985,2026-05-28 02:12:41,Mobile,10.0,Abandoned,2,Thursday
USER_0755,2026-05-28 04:16:00,Desktop,24.56,Completed,4,Thursday
USER_1182,2026-05-28 04:47:42,Mobile,58.47,Completed,4,Thursday
USER_1073,2026-05-28 07:19:54,Mobile,79.62,Abandoned,7,Thursday
USER_1306,2026-05-28 08:51:57,Desktop,44.25,Completed,8,Thursday
USER_0336,2026-05-28 09:30:29,Mobile,133.38,Completed,9,Thursday
USER_1152,2026-05-28 10:02:54,Tablet,106.61,Completed,10,Thursday
USER_1336,2026-05-28 12:32:44,Desktop,50.33,Completed,12,Thursday
USER_0879,2026-05-28 13:53:28,Desktop,46.33,Abandoned,13,Thursday
USER_0900,2026-05-28 14:51:41,Mobile,70.02,Abandoned,14,Thursday
USER_0217,2026-05-28 17:23:26,Mobile,53.97,Abandoned,17,Thursday
USER_1114,2026-05-28 19:39:46,Mobile,21.61,Abandoned,19,Thursday
USER_0754,2026-05-28 20:00:49,Mobile,45.06,Abandoned,20,Thursday
USER_1376,2026-05-28 20:06:23,Mobile,84.15,Completed,20,Thursday
USER_0342,2026-05-29 00:52:32,Mobile,128.33,Abandoned,0,Friday
USER_1070,2026-05-29 00:55:21,Mobile,101.91,Completed,0,Friday
USER_0875,2026-05-29 01:11:58,Mobile,67.85,Abandoned,1,Friday
USER_1185,2026-05-29 01:20:36,Desktop,140.79,Abandoned,1,Friday
USER_0781,2026-05-29 05:12:26,Mobile,71.92,Abandoned,5,Friday
USER_0073,2026-05-29 05:52:01,Mobile,51.54,Abandoned,5,Friday
USER_1338,2026-05-29 06:54:39,Desktop,142.76,Completed,6,Friday
USER_0262,2026-05-29 07:38:39,Tablet,87.2,Completed,7,Friday
USER_0969,2026-05-29 07:43:49,Mobile,127.27,Abandoned,7,Friday
USER_0041,2026-05-29 09:06:21,Mobile,25.23,Completed,9,Friday
USER_0547,2026-05-29 09:06:55,Desktop,31.21,Completed,9,Friday
USER_1200,2026-05-29 09:17:15,Tablet,54.730000000000004,Abandoned,9,Friday
USER_0817,2026-05-29 09:24:50,Desktop,61.45,Completed,9,Friday
USER_0192,2026-05-29 09:29:55,Desktop,178.72,Completed,9,Friday
USER_0306,2026-05-29 10:05:29,Mobile,26.04,Abandoned,10,Friday
USER_0990,2026-05-29 12:37:29,Mobile,98.35,Completed,12,Friday
USER_0520,2026-05-29 14:13:25,Mobile,24.99,Abandoned,14,Friday
USER_1034,2026-05-29 14:27:15,Desktop,216.24,Completed,14,Friday
USER_0521,2026-05-29 14:35:24,Desktop,19.34,Abandoned,14,Friday
USER_0874,2026-05-29 15:01:12,Tablet,88.34,Completed,15,Friday
USER_1191,2026-05-29 15:12:13,Mobile,96.76,Completed,15,Friday
USER_0955,2026-05-29 16:24:00,Mobile,81.7,Abandoned,16,Friday
USER_0012,2026-05-29 16:28:38,Mobile,30.87,Abandoned,16,Friday
USER_0888,2026-05-29 17:06:16,Desktop,27.48,Abandoned,17,Friday
USER_0471,2026-05-29 17:35:10,Desktop,124.84,Completed,17,Friday
USER_1476,2026-05-29 19:21:10,Mobile,107.93,Abandoned,19,Friday
USER_0075,2026-05-29 19:27:41,Mobile,106.97,Completed,19,Friday
USER_0601,2026-05-29 20:01:45,Mobile,115.74,Completed,20,Friday
USER_0546,2026-05-29 20:57:12,Mobile,20.12,Completed,20,Friday
USER_0122,2026-05-29 21:25:23,Desktop,19.73,Abandoned,21,Friday
USER_0099,2026-05-29 21:51:58,Mobile,35.29,Abandoned,21,Friday
USER_0872,2026-05-29 22:46:39,Desktop,39.97,Completed,22,Friday
USER_0367,2026-05-29 22:49:25,Desktop,37.3,Completed,22,Friday
USER_0456,2026-05-29 22:52:55,Desktop,65.39,Completed,22,Friday
USER_1119,2026-05-29 23:47:54,Mobile,112.72,Abandoned,23,Friday
USER_0540,2026-05-29 23:56:29,Desktop,45.1,Completed,23,Friday
USER_0500,2026-05-30 01:27:12,Mobile,32.14,Completed,1,Saturday
USER_0135,2026-05-30 01:40:06,Mobile,92.61,Abandoned,1,Saturday
USER_0917,2026-05-30 02:15:30,Mobile,45.46,Abandoned,2,Saturday
USER_1141,2026-05-30 03:59:35,Mobile,58.54,Completed,3,Saturday
USER_0930,2026-05-30 04:25:16,Mobile,43.99,Abandoned,4,Saturday
USER_0456,2026-05-30 04:33:56,Mobile,68.1,Abandoned,4,Saturday
USER_1405,2026-05-30 06:21:11,Tablet,28.25,Completed,6,Saturday
USER_0541,2026-05-30 07:48:53,Mobile,87.54,Completed,7,Saturday
USER_1132,2026-05-30 07:51:05,Desktop,53.45,Abandoned,7,Saturday
USER_0646,2026-05-30 08:02:50,Tablet,33.22,Abandoned,8,Saturday
USER_0194,2026-05-30 11:49:17,Mobile,77.1,Abandoned,11,Saturday
USER_0061,2026-05-30 12:42:22,Desktop,33.2,Abandoned,12,Saturday
USER_0108,2026-05-30 14:24:25,Mobile,34.17,Completed,14,Saturday
USER_1035,2026-05-30 14:28:40,Mobile,25.01,Completed,14,Saturday
USER_1090,2026-05-30 15:07:57,Mobile,18.04,Abandoned,15,Saturday
USER_0061,2026-05-30 15:22:22,Tablet,77.27,Completed,15,Saturday
USER_0710,2026-05-30 15:41:38,Mobile,54.730000000000004,Completed,15,Saturday
USER_0356,2026-05-30 16:29:18,Desktop,54.730000000000004,Abandoned,16,Saturday
USER_0923,2026-05-30 16:59:35,Mobile,32.49,Abandoned,16,Saturday
USER_0896,2026-05-30 19:22:58,Desktop,16.81,Abandoned,19,Saturday
USER_0253,2026-05-30 20:10:20,Mobile,13.29,Completed,20,Saturday
USER_1272,2026-05-30 21:24:19,Desktop,87.56,Completed,21,Saturday
USER_0449,2026-05-30 22:32:44,Desktop,15.13,Completed,22,Saturday
USER_1452,2026-05-31 00:51:23,Desktop,25.96,Abandoned,0,Sunday
USER_1046,2026-05-31 02:36:32,Tablet,65.64,Completed,2,Sunday
USER_0946,2026-05-31 04:32:37,Desktop,57.88,Abandoned,4,Sunday
USER_0618,2026-05-31 04:40:34,Mobile,67.43,Completed,4,Sunday
USER_0084,2026-05-31 04:46:47,Mobile,54.84,Completed,4,Sunday
USER_0055,2026-05-31 05:25:13,Mobile,43.29,Abandoned,5,Sunday
USER_1376,2026-05-31 06:05:29,Mobile,26.06,Completed,6,Sunday
USER_0457,2026-05-31 07:06:33,Mobile,36.15,Completed,7,Sunday
USER_0952,2026-05-31 07:21:03,Mobile,45.25,Completed,7,Sunday
USER_0814,2026-05-31 08:05:57,Mobile,15.98,Abandoned,8,Sunday
USER_1023,2026-05-31 09:07:17,Tablet,32.75,Completed,9,Sunday
USER_0958,2026-05-31 10:33:37,Unknown,42.87,Completed,10,Sunday
USER_0521,2026-05-31 10:39:38,Tablet,34.89,Completed,10,Sunday
USER_1303,2026-05-31 11:00:16,Unknown,43.7,Abandoned,11,Sunday
USER_1185,2026-05-31 11:38:39,Desktop,84.32,Completed,11,Sunday
USER_0805,2026-05-31 12:52:40,Desktop,91.33,Abandoned,12,Sunday
USER_1001,2026-05-31 14:08:23,Mobile,145.82,Completed,14,Sunday
USER_0797,2026-05-31 15:18:38,Mobile,20.49,Abandoned,15,Sunday
USER_0387,2026-05-31 15:29:31,Mobile,41.53,Abandoned,15,Sunday
USER_1099,2026-05-31 16:29:14,Mobile,121.26,Abandoned,16,Sunday
USER_0471,2026-05-31 16:48:17,Tablet,17.55,Abandoned,16,Sunday
USER_1465,2026-05-31 17:17:50,Desktop,25.42,Completed,17,Sunday
USER_0259,2026-05-31 18:43:35,Mobile,36.59,Abandoned,18,Sunday
USER_0380,2026-05-31 18:47:47,Mobile,206.19,Abandoned,18,Sunday
USER_0478,2026-05-31 18:49:16,Mobile,28.98,Abandoned,18,Sunday
USER_0390,2026-05-31 18:49:26,Mobile,110.44,Completed,18,Sunday
USER_1041,2026-05-31 19:07:27,Desktop,53.62,Completed,19,Sunday
USER_0339,2026-05-31 19:39:47,Mobile,25.91,Abandoned,19,Sunday
USER_1142,2026-05-31 20:31:35,Mobile,336.93,Abandoned,20,Sunday
USER_0543,2026-05-31 20:49:54,Mobile,61.96,Completed,20,Sunday
USER_0062,2026-05-31 20:54:05,Mobile,69.72,Completed,20,Sunday
USER_1018,2026-05-31 22:58:54,Desktop,77.28,Abandoned,22,Sunday
USER_0787,2026-06-01 00:07:22,Mobile,73.48,Completed,0,Monday
USER_0774,2026-06-01 01:15:23,Tablet,54.730000000000004,Completed,1,Monday
USER_0445,2026-06-01 01:51:44,Desktop,174.31,Completed,1,Monday
USER_0770,2026-06-01 01:56:07,Mobile,29.8,Completed,1,Monday
USER_1031,2026-06-01 04:26:50,Mobile,202.79,Abandoned,4,Monday
USER_0004,2026-06-01 04:31:58,Desktop,34.64,Abandoned,4,Monday
USER_0311,2026-06-01 05:28:10,Unknown,67.32,Abandoned,5,Monday
USER_0876,2026-06-01 07:52:22,Desktop,21.25,Completed,7,Monday
USER_1244,2026-06-01 07:54:38,Mobile,107.1,Abandoned,7,Monday
USER_0494,2026-06-01 08:26:43,Tablet,44.71,Abandoned,8,Monday
USER_0077,2026-06-01 08:26:48,Mobile,25.86,Abandoned,8,Monday
USER_0823,2026-06-01 09:08:21,Desktop,118.22,Abandoned,9,Monday
USER_0731,2026-06-01 10:14:36,Tablet,138.87,Abandoned,10,Monday
USER_0039,2026-06-01 11:26:29,Mobile,141.96,Abandoned,11,Monday
USER_0904,2026-06-01 11:37:42,Tablet,20.29,Abandoned,11,Monday
USER_0800,2026-06-01 11:57:46,Mobile,151.84,Completed,11,Monday
USER_1037,2026-06-01 12:18:32,Tablet,44.91,Abandoned,12,Monday
USER_0509,2026-06-01 13:55:34,Mobile,207.16,Abandoned,13,Monday
USER_0593,2026-06-01 16:05:08,Tablet,81.96,Abandoned,16,Monday
USER_0554,2026-06-01 16:39:44,Mobile,64.29,Abandoned,16,Monday
USER_1292,2026-06-01 17:26:01,Desktop,54.9,Abandoned,17,Monday
USER_0942,2026-06-01 19:03:57,Mobile,54.12,Abandoned,19,Monday
USER_0789,2026-06-01 19:23:17,Mobile,35.1,Completed,19,Monday
USER_0527,2026-06-01 20:02:12,Mobile,27.27,Abandoned,20,Monday
USER_1185,2026-06-01 22:20:10,Desktop,43.13,Completed,22,Monday
USER_1400,2026-06-01 22:28:24,Mobile,118.4,Abandoned,22,Monday
USER_1059,2026-06-01 23:12:18,Desktop,22.03,Completed,23,Monday
USER_1281,2026-06-01 23:21:23,Mobile,130.51,Completed,23,Monday
USER_0488,2026-06-01 23:43:44,Tablet,59.93,Abandoned,23,Monday
USER_1346,2026-06-02 01:37:02,Mobile,90.74,Abandoned,1,Tuesday
USER_0277,2026-06-02 01:43:39,Mobile,93.84,Completed,1,Tuesday
USER_0703,2026-06-02 02:51:37,Unknown,99.83,Abandoned,2,Tuesday
USER_0547,2026-06-02 05:48:51,Mobile,55.4,Abandoned,5,Tuesday
USER_0412,2026-06-02 06:13:17,Mobile,56.49,Abandoned,6,Tuesday
USER_1133,2026-06-02 06:53:07,Mobile,97.63,Abandoned,6,Tuesday
USER_0404,2026-06-02 07:05:37,Desktop,27.75,Completed,7,Tuesday
USER_0821,2026-06-02 07:19:22,Unknown,25.12,Completed,7,Tuesday
USER_0492,2026-06-02 08:38:03,Desktop,40.36,Completed,8,Tuesday
USER_1391,2026-06-02 09:12:35,Mobile,65.84,Abandoned,9,Tuesday
USER_0869,2026-06-02 09:15:59,Desktop,190.29,Completed,9,Tuesday
USER_0398,2026-06-02 11:09:45,Mobile,56.33,Abandoned,11,Tuesday
USER_1295,2026-06-02 13:49:21,Desktop,200.36,Completed,13,Tuesday
USER_1246,2026-06-02 15:09:25,Mobile,76.33,Completed,15,Tuesday
USER_0934,2026-06-02 16:24:58,Mobile,40.66,Abandoned,16,Tuesday
USER_0779,2026-06-02 17:11:48,Mobile,115.08,Abandoned,17,Tuesday
USER_0871,2026-06-02 17:19:14,Desktop,46.63,Completed,17,Tuesday
USER_1450,2026-06-02 18:45:09,Mobile,64.28,Completed,18,Tuesday
USER_1353,2026-06-02 18:48:17,Desktop,22.91,Completed,18,Tuesday
USER_1102,2026-06-02 18:51:14,Mobile,20.48,Abandoned,18,Tuesday
USER_0365,2026-06-02 20:51:39,Desktop,78.25,Abandoned,20,Tuesday
USER_1036,2026-06-02 21:44:49,Unknown,111.88,Abandoned,21,Tuesday
USER_0578,2026-06-02 21:49:46,Mobile,193.39,Completed,21,Tuesday
USER_1400,2026-06-02 22:19:42,Mobile,32.26,Completed,22,Tuesday
USER_1485,2026-06-02 23:17:10,Tablet,141.38,Completed,23,Tuesday
USER_1417,2026-06-03 00:25:02,Mobile,128.3,Abandoned,0,Wednesday
USER_0347,2026-06-03 00:33:05,Mobile,39.68,Abandoned,0,Wednesday
USER_0008,2026-06-03 00:48:39,Desktop,134.59,Completed,0,Wednesday
USER_0003,2026-06-03 01:28:53,Desktop,100.86,Completed,1,Wednesday
USER_1314,2026-06-03 03:54:04,Mobile,114.71,Abandoned,3,Wednesday
USER_0900,2026-06-03 05:40:47,Desktop,223.36,Abandoned,5,Wednesday
USER_1330,2026-06-03 06:38:19,Mobile,111.66,Completed,6,Wednesday
USER_0365,2026-06-03 06:38:29,Mobile,13.61,Abandoned,6,Wednesday
USER_0767,2026-06-03 06:46:25,Desktop,67.33,Abandoned,6,Wednesday
USER_1404,2026-06-03 07:20:26,Mobile,19.72,Completed,7,Wednesday
USER_0078,2026-06-03 08:23:02,Mobile,60.25,Completed,8,Wednesday
USER_0190,2026-06-03 09:38:22,Desktop,58.02,Completed,9,Wednesday
USER_1277,2026-06-03 13:14:42,Desktop,37.36,Abandoned,13,Wednesday
USER_0667,2026-06-03 13:50:05,Desktop,28.0,Completed,13,Wednesday
USER_1072,2026-06-03 15:04:40,Tablet,38.68,Completed,15,Wednesday
USER_0192,2026-06-03 15:43:26,Desktop,43.85,Completed,15,Wednesday
USER_1068,2026-06-03 17:44:18,Mobile,50.12,Abandoned,17,Wednesday
USER_0729,2026-06-03 18:32:15,Mobile,58.47,Abandoned,18,Wednesday
USER_0149,2026-06-03 19:39:34,Desktop,79.87,Completed,19,Wednesday
USER_1190,2026-06-03 20:14:35,Mobile,44.56,Completed,20,Wednesday
USER_1292,2026-06-03 20:50:35,Desktop,125.43,Abandoned,20,Wednesday
USER_0452,2026-06-03 20:52:15,Desktop,53.26,Abandoned,20,Wednesday
USER_1249,2026-06-03 21:45:59,Mobile,99.58,Abandoned,21,Wednesday
USER_0917,2026-06-03 23:59:20,Tablet,44.79,Abandoned,23,Wednesday
USER_0258,2026-06-04 00:22:37,Mobile,324.87,Abandoned,0,Thursday
USER_0134,2026-06-04 00:36:09,Mobile,73.97,Abandoned,0,Thursday
USER_0381,2026-06-04 00:47:19,Tablet,158.06,Abandoned,0,Thursday
USER_0814,2026-06-04 03:21:55,Mobile,34.78,Abandoned,3,Thursday
USER_1022,2026-06-04 04:06:15,Mobile,40.83,Abandoned,4,Thursday
USER_0119,2026-06-04 04:13:34,Mobile,46.34,Abandoned,4,Thursday
USER_1350,2026-06-04 04:30:37,Desktop,272.45,Completed,4,Thursday
USER_0907,2026-06-04 04:33:59,Desktop,47.55,Completed,4,Thursday
USER_0803,2026-06-04 06:11:42,Desktop,31.97,Abandoned,6,Thursday
USER_0884,2026-06-04 06:41:12,Desktop,127.18,Completed,6,Thursday
USER_0709,2026-06-04 06:52:02,Mobile,56.73,Completed,6,Thursday
USER_1313,2026-06-04 07:58:25,Desktop,47.38,Completed,7,Thursday
USER_1377,2026-06-04 08:38:50,Desktop,36.72,Abandoned,8,Thursday
USER_0536,2026-06-04 09:24:28,Mobile,75.02,Completed,9,Thursday
USER_0554,2026-06-04 09:41:34,Mobile,108.93,Abandoned,9,Thursday
USER_1053,2026-06-04 09:41:52,Unknown,91.13,Abandoned,9,Thursday
USER_0773,2026-06-04 12:21:18,Desktop,39.98,Abandoned,12,Thursday
USER_1391,2026-06-04 14:10:32,Desktop,28.73,Abandoned,14,Thursday
USER_1311,2026-06-04 17:54:35,Desktop,10.0,Completed,17,Thursday
USER_0866,2026-06-04 18:30:25,Mobile,29.53,Completed,18,Thursday
USER_1318,2026-06-04 19:53:32,Desktop,42.87,Completed,19,Thursday
USER_1279,2026-06-05 00:55:37,Mobile,52.54,Abandoned,0,Friday
USER_1264,2026-06-05 01:29:40,Mobile,45.79,Abandoned,1,Friday
USER_1070,2026-06-05 01:35:23,Desktop,337.16,Abandoned,1,Friday
USER_0466,2026-06-05 01:44:35,Mobile,75.14,Abandoned,1,Friday
USER_1378,2026-06-05 02:13:40,Desktop,24.42,Completed,2,Friday
USER_0516,2026-06-05 03:41:28,Unknown,83.61,Completed,3,Friday
USER_1350,2026-06-05 03:56:17,Unknown,70.42,Completed,3,Friday
USER_0146,2026-06-05 04:06:09,Mobile,27.59,Abandoned,4,Friday
USER_0923,2026-06-05 04:41:44,Mobile,65.87,Abandoned,4,Friday
USER_1460,2026-06-05 04:50:59,Mobile,77.06,Abandoned,4,Friday
USER_0650,2026-06-05 05:22:08,Mobile,106.26,Abandoned,5,Friday
USER_1317,2026-06-05 05:41:53,Unknown,17.22,Abandoned,5,Friday
USER_0346,2026-06-05 07:33:41,Mobile,83.2,Completed,7,Friday
USER_1355,2026-06-05 09:19:44,Mobile,136.52,Abandoned,9,Friday
USER_0235,2026-06-05 10:28:54,Unknown,186.23,Abandoned,10,Friday
USER_1247,2026-06-05 10:38:06,Desktop,24.61,Completed,10,Friday
USER_1199,2026-06-05 10:40:28,Mobile,49.66,Completed,10,Friday
USER_0832,2026-06-05 11:38:39,Desktop,52.88,Completed,11,Friday
USER_0342,2026-06-05 11:45:38,Desktop,84.7,Completed,11,Friday
USER_1480,2026-06-05 12:00:30,Mobile,49.06,Abandoned,12,Friday
USER_1010,2026-06-05 12:40:56,Mobile,34.29,Abandoned,12,Friday
USER_1132,2026-06-05 12:47:18,Tablet,62.88,Abandoned,12,Friday
USER_0825,2026-06-05 13:15:53,Unknown,43.84,Abandoned,13,Friday
USER_1089,2026-06-05 14:24:03,Desktop,78.68,Completed,14,Friday
USER_0194,2026-06-05 14:39:36,Mobile,32.26,Abandoned,14,Friday
USER_1071,2026-06-05 15:11:39,Mobile,28.09,Completed,15,Friday
USER_0365,2026-06-05 15:19:57,Desktop,128.39,Completed,15,Friday
USER_0354,2026-06-05 15:51:16,Mobile,239.16,Abandoned,15,Friday
USER_1134,2026-06-05 16:11:44,Mobile,178.48,Completed,16,Friday
USER_0264,2026-06-05 18:04:40,Desktop,52.1,Completed,18,Friday
USER_0227,2026-06-05 18:10:18,Mobile,108.4,Abandoned,18,Friday
USER_0540,2026-06-05 19:46:44,Desktop,34.95,Completed,19,Friday
USER_0366,2026-06-05 21:16:30,Desktop,75.97,Completed,21,Friday
USER_1040,2026-06-05 21:21:39,Mobile,37.36,Abandoned,21,Friday
USER_1108,2026-06-05 22:10:55,Desktop,123.56,Completed,22,Friday
USER_0353,2026-06-05 22:14:43,Mobile,113.32,Abandoned,22,Friday
USER_1157,2026-06-05 22:51:24,Desktop,210.48,Completed,22,Friday
USER_0873,2026-06-05 23:33:09,Mobile,47.04,Abandoned,23,Friday
USER_0844,2026-06-06 01:51:05,Mobile,152.38,Abandoned,1,Saturday
USER_1427,2026-06-06 03:14:51,Desktop,75.88,Completed,3,Saturday
USER_0801,2026-06-06 03:18:15,Mobile,57.34,Abandoned,3,Saturday
USER_1214,2026-06-06 04:23:21,Tablet,67.97,Completed,4,Saturday
USER_0242,2026-06-06 04:28:44,Mobile,164.63,Abandoned,4,Saturday
USER_0281,2026-06-06 08:43:53,Mobile,50.11,Abandoned,8,Saturday
USER_0982,2026-06-06 10:25:56,Mobile,51.8,Abandoned,10,Saturday
USER_0136,2026-06-06 10:30:08,Mobile,14.26,Abandoned,10,Saturday
USER_1343,2026-06-06 11:16:18,Mobile,49.62,Abandoned,11,Saturday
USER_1112,2026-06-06 11:43:19,Desktop,64.83,Completed,11,Saturday
USER_0144,2026-06-06 13:23:13,Desktop,33.27,Completed,13,Saturday
USER_1148,2026-06-06 13:53:54,Desktop,28.36,Completed,13,Saturday
USER_1219,2026-06-06 14:25:48,Tablet,16.39,Abandoned,14,Saturday
USER_1054,2026-06-06 16:59:08,Mobile,37.34,Abandoned,16,Saturday
USER_1342,2026-06-06 17:05:16,Desktop,54.730000000000004,Completed,17,Saturday
USER_0275,2026-06-06 17:28:10,Mobile,20.84,Completed,17,Saturday
USER_0823,2026-06-06 17:52:12,Desktop,91.18,Completed,17,Saturday
USER_1272,2026-06-06 17:55:14,Mobile,96.7,Abandoned,17,Saturday
USER_0183,2026-06-06 19:25:10,Tablet,268.91,Abandoned,19,Saturday
USER_0571,2026-06-06 20:37:44,Desktop,107.23,Completed,20,Saturday
USER_0421,2026-06-06 21:46:54,Tablet,101.54,Completed,21,Saturday
USER_0449,2026-06-06 23:44:32,Desktop,69.34,Completed,23,Saturday
USER_1100,2026-06-06 23:56:04,Tablet,54.63,Abandoned,23,Saturday
USER_0036,2026-06-07 02:50:56,Desktop,95.01,Completed,2,Sunday
USER_0384,2026-06-07 02:53:13,Mobile,122.94,Abandoned,2,Sunday
USER_1207,2026-06-07 04:39:25,Mobile,61.0,Completed,4,Sunday
USER_0784,2026-06-07 05:26:04,Mobile,126.43,Completed,5,Sunday
USER_0610,2026-06-07 06:52:22,Mobile,355.7,Abandoned,6,Sunday
USER_1344,2026-06-07 07:51:17,Mobile,57.17,Completed,7,Sunday
USER_1155,2026-06-07 07:57:32,Mobile,58.23,Abandoned,7,Sunday
USER_0188,2026-06-07 09:15:09,Mobile,51.42,Abandoned,9,Sunday
USER_0272,2026-06-07 09:27:22,Tablet,59.56,Abandoned,9,Sunday
USER_0822,2026-06-07 10:13:57,Tablet,120.91,Abandoned,10,Sunday
USER_1455,2026-06-07 10:40:44,Mobile,57.78,Abandoned,10,Sunday
USER_0407,2026-06-07 11:34:49,Mobile,61.74,Abandoned,11,Sunday
USER_0331,2026-06-07 12:08:39,Mobile,46.42,Completed,12,Sunday
USER_1342,2026-06-07 12:19:53,Mobile,75.03,Abandoned,12,Sunday
USER_0096,2026-06-07 13:44:00,Desktop,39.37,Completed,13,Sunday
USER_0974,2026-06-07 14:28:13,Mobile,24.61,Completed,14,Sunday
USER_0718,2026-06-07 14:59:37,Desktop,73.04,Abandoned,14,Sunday
USER_0857,2026-06-07 16:33:14,Desktop,197.67,Abandoned,16,Sunday
USER_0286,2026-06-07 16:43:24,Desktop,45.22,Abandoned,16,Sunday
USER_1169,2026-06-07 17:04:33,Mobile,27.75,Completed,17,Sunday
USER_1435,2026-06-07 17:29:35,Desktop,189.65,Completed,17,Sunday
USER_0436,2026-06-07 18:19:33,Mobile,54.730000000000004,Abandoned,18,Sunday
USER_0104,2026-06-07 18:50:20,Mobile,100.88,Completed,18,Sunday
USER_0471,2026-06-07 20:04:25,Mobile,33.99,Abandoned,20,Sunday
USER_1036,2026-06-07 21:12:05,Mobile,54.95,Completed,21,Sunday
USER_0289,2026-06-07 21:19:16,Mobile,135.69,Abandoned,21,Sunday
USER_0776,2026-06-07 22:20:19,Mobile,59.44,Completed,22,Sunday
USER_1200,2026-06-07 23:07:23,Desktop,59.92,Completed,23,Sunday
USER_0128,2026-06-07 23:40:45,Desktop,20.75,Completed,23,Sunday
USER_0727,2026-06-08 00:11:17,Mobile,91.06,Abandoned,0,Monday
USER_0149,2026-06-08 01:17:22,Mobile,32.76,Abandoned,1,Monday
USER_0015,2026-06-08 01:36:45,Desktop,113.05,Completed,1,Monday
USER_0683,2026-06-08 01:51:21,Mobile,62.27,Abandoned,1,Monday
USER_1081,2026-06-08 02:06:30,Tablet,65.98,Abandoned,2,Monday
USER_0947,2026-06-08 02:21:30,Desktop,90.21,Completed,2,Monday
USER_0905,2026-06-08 03:04:39,Mobile,69.68,Abandoned,3,Monday
USER_0702,2026-06-08 03:27:20,Mobile,166.83,Abandoned,3,Monday
USER_1402,2026-06-08 05:25:24,Mobile,150.51,Completed,5,Monday
USER_1265,2026-06-08 05:55:13,Mobile,24.75,Abandoned,5,Monday
USER_0669,2026-06-08 06:21:26,Mobile,48.86,Abandoned,6,Monday
USER_0358,2026-06-08 07:36:39,Desktop,94.04,Completed,7,Monday
USER_1115,2026-06-08 07:52:05,Mobile,29.59,Completed,7,Monday
USER_0416,2026-06-08 08:31:18,Mobile,19.7,Abandoned,8,Monday
USER_0918,2026-06-08 09:15:39,Desktop,33.31,Completed,9,Monday
USER_0751,2026-06-08 09:35:13,Mobile,50.66,Completed,9,Monday
USER_0289,2026-06-08 09:47:11,Mobile,10.0,Abandoned,9,Monday
USER_1476,2026-06-08 09:47:38,Mobile,26.47,Abandoned,9,Monday
USER_0732,2026-06-08 11:38:10,Mobile,17.18,Abandoned,11,Monday
USER_0485,2026-06-08 13:17:28,Desktop,115.05,Completed,13,Monday
USER_1347,2026-06-08 14:21:14,Mobile,100.03,Completed,14,Monday
USER_0802,2026-06-08 14:35:43,Desktop,65.44,Abandoned,14,Monday
USER_0639,2026-06-08 16:20:25,Mobile,58.27,Completed,16,Monday
USER_0412,2026-06-08 16:56:02,Mobile,77.8,Completed,16,Monday
USER_0709,2026-06-08 17:09:42,Mobile,28.53,Abandoned,17,Monday
USER_0815,2026-06-08 19:20:00,Desktop,54.730000000000004,Completed,19,Monday
USER_1138,2026-06-08 19:53:29,Mobile,58.0,Abandoned,19,Monday
USER_0837,2026-06-08 20:02:41,Mobile,99.13,Completed,20,Monday
USER_1261,2026-06-08 20:59:58,Desktop,96.51,Completed,20,Monday
USER_1423,2026-06-08 21:34:30,Mobile,77.26,Completed,21,Monday
USER_0586,2026-06-08 21:38:36,Mobile,66.91,Completed,21,Monday
USER_1453,2026-06-08 21:41:27,Desktop,63.75,Completed,21,Monday
USER_0017,2026-06-08 23:36:00,Mobile,54.730000000000004,Completed,23,Monday
USER_0210,2026-06-08 23:38:51,Desktop,74.73,Completed,23,Monday
USER_0392,2026-06-08 23:52:54,Mobile,62.43,Completed,23,Monday
USER_0194,2026-06-09 00:25:03,Desktop,39.78,Completed,0,Tuesday
USER_0221,2026-06-09 00:26:52,Desktop,81.15,Abandoned,0,Tuesday
USER_0625,2026-06-09 01:50:40,Mobile,65.52,Completed,1,Tuesday
USER_1108,2026-06-09 04:23:05,Desktop,119.86,Completed,4,Tuesday
USER_1418,2026-06-09 05:41:41,Desktop,16.83,Completed,5,Tuesday
USER_1338,2026-06-09 08:22:28,Mobile,55.9,Completed,8,Tuesday
USER_0032,2026-06-09 08:23:27,Mobile,34.08,Abandoned,8,Tuesday
USER_0995,2026-06-09 09:14:40,Desktop,39.0,Completed,9,Tuesday
USER_0947,2026-06-09 09:55:23,Desktop,78.56,Abandoned,9,Tuesday
USER_1351,2026-06-09 11:05:13,Mobile,21.47,Abandoned,11,Tuesday
USER_0333,2026-06-09 11:16:20,Desktop,59.53,Completed,11,Tuesday
USER_1143,2026-06-09 11:45:29,Unknown,55.69,Completed,11,Tuesday
USER_0999,2026-06-09 12:25:50,Desktop,27.59,Completed,12,Tuesday
USER_1436,2026-06-09 12:37:10,Desktop,60.51,Completed,12,Tuesday
USER_1297,2026-06-09 12:43:07,Tablet,33.28,Completed,12,Tuesday
USER_0866,2026-06-09 14:17:18,Mobile,227.78,Abandoned,14,Tuesday
USER_0238,2026-06-09 16:04:39,Desktop,119.26,Abandoned,16,Tuesday
USER_0002,2026-06-09 16:23:37,Mobile,57.04,Abandoned,16,Tuesday
USER_1283,2026-06-09 16:26:17,Mobile,41.24,Completed,16,Tuesday
USER_0480,2026-06-09 16:35:25,Mobile,75.76,Completed,16,Tuesday
USER_0302,2026-06-09 17:13:20,Desktop,89.91,Completed,17,Tuesday
USER_1344,2026-06-09 17:57:01,Mobile,64.42,Completed,17,Tuesday
USER_1034,2026-06-09 18:11:44,Mobile,28.22,Abandoned,18,Tuesday
USER_1071,2026-06-09 18:18:07,Unknown,47.64,Abandoned,18,Tuesday
USER_0849,2026-06-09 19:18:03,Desktop,57.44,Completed,19,Tuesday
USER_1073,2026-06-09 20:12:06,Desktop,65.94,Abandoned,20,Tuesday
USER_0899,2026-06-09 20:27:04,Tablet,66.93,Abandoned,20,Tuesday
USER_1415,2026-06-09 22:19:41,Mobile,87.8,Abandoned,22,Tuesday
USER_0833,2026-06-09 23:06:55,Tablet,130.6,Completed,23,Tuesday
USER_1061,2026-06-09 23:22:14,Desktop,105.44,Completed,23,Tuesday
USER_0155,2026-06-09 23:57:44,Mobile,80.13,Abandoned,23,Tuesday
USER_0658,2026-06-10 02:05:53,Mobile,24.11,Completed,2,Wednesday
USER_0464,2026-06-10 02:57:09,Mobile,118.05,Completed,2,Wednesday
USER_0810,2026-06-10 03:17:22,Mobile,92.97,Abandoned,3,Wednesday
USER_0895,2026-06-10 03:38:11,Desktop,46.23,Abandoned,3,Wednesday
USER_0946,2026-06-10 06:52:24,Desktop,55.66,Completed,6,Wednesday
USER_0836,2026-06-10 07:00:14,Desktop,56.98,Completed,7,Wednesday
USER_1128,2026-06-10 07:56:22,Mobile,41.08,Abandoned,7,Wednesday
USER_0982,2026-06-10 08:45:09,Mobile,17.53,Abandoned,8,Wednesday
USER_0797,2026-06-10 09:08:21,Desktop,26.42,Abandoned,9,Wednesday
USER_0424,2026-06-10 09:33:13,Mobile,30.29,Abandoned,9,Wednesday
USER_0710,2026-06-10 10:13:12,Tablet,15.19,Completed,10,Wednesday
USER_0646,2026-06-10 10:46:46,Mobile,26.48,Completed,10,Wednesday
USER_0019,2026-06-10 10:50:13,Tablet,114.64,Completed,10,Wednesday
USER_0899,2026-06-10 12:03:51,Mobile,74.88,Completed,12,Wednesday
USER_0641,2026-06-10 12:13:08,Mobile,29.05,Abandoned,12,Wednesday
USER_0842,2026-06-10 12:47:08,Mobile,34.91,Completed,12,Wednesday
USER_0235,2026-06-10 15:49:43,Desktop,121.39,Abandoned,15,Wednesday
USER_0826,2026-06-10 16:40:45,Desktop,119.45,Completed,16,Wednesday
USER_1108,2026-06-10 17:23:24,Mobile,57.14,Completed,17,Wednesday
USER_0305,2026-06-10 18:19:18,Tablet,117.17,Completed,18,Wednesday
USER_0232,2026-06-10 19:15:37,Desktop,33.19,Completed,19,Wednesday
USER_1265,2026-06-10 19:18:56,Desktop,63.29,Completed,19,Wednesday
USER_0655,2026-06-10 20:29:42,Desktop,20.94,Completed,20,Wednesday
USER_1451,2026-06-10 20:43:44,Mobile,54.730000000000004,Abandoned,20,Wednesday
USER_0049,2026-06-10 22:00:21,Mobile,55.6,Completed,22,Wednesday
USER_0341,2026-06-10 23:36:11,Tablet,18.26,Completed,23,Wednesday
USER_1182,2026-06-10 23:56:48,Tablet,54.730000000000004,Completed,23,Wednesday
USER_1041,2026-06-11 00:19:40,Tablet,89.49,Completed,0,Thursday
USER_0656,2026-06-11 01:08:36,Tablet,105.34,Abandoned,1,Thursday
USER_1013,2026-06-11 01:40:32,Mobile,248.95,Abandoned,1,Thursday
USER_0118,2026-06-11 02:42:10,Desktop,71.58,Completed,2,Thursday
USER_1401,2026-06-11 04:51:07,Mobile,52.37,Completed,4,Thursday
USER_0005,2026-06-11 04:55:17,Tablet,19.27,Abandoned,4,Thursday
USER_1135,2026-06-11 05:00:40,Mobile,70.44,Completed,5,Thursday
USER_1479,2026-06-11 05:22:45,Desktop,78.54,Abandoned,5,Thursday
USER_0033,2026-06-11 05:32:13,Mobile,22.61,Abandoned,5,Thursday
USER_0441,2026-06-11 06:59:42,Mobile,46.71,Abandoned,6,Thursday
USER_0514,2026-06-11 07:22:10,Mobile,54.99,Abandoned,7,Thursday
USER_0138,2026-06-11 07:53:30,Desktop,77.03,Completed,7,Thursday
USER_1482,2026-06-11 08:23:51,Desktop,95.25,Abandoned,8,Thursday
USER_0500,2026-06-11 08:45:02,Mobile,38.52,Abandoned,8,Thursday
USER_0948,2026-06-11 09:49:08,Desktop,54.730000000000004,Completed,9,Thursday
USER_1133,2026-06-11 10:26:55,Desktop,79.28,Completed,10,Thursday
USER_0684,2026-06-11 10:46:43,Mobile,48.51,Completed,10,Thursday
USER_0547,2026-06-11 11:10:53,Mobile,41.51,Completed,11,Thursday
USER_0527,2026-06-11 13:51:49,Desktop,86.76,Abandoned,13,Thursday
USER_0198,2026-06-11 14:19:59,Unknown,48.64,Completed,14,Thursday
USER_1113,2026-06-11 14:25:13,Mobile,25.08,Completed,14,Thursday
USER_0369,2026-06-11 14:46:31,Unknown,133.28,Completed,14,Thursday
USER_1342,2026-06-11 15:13:28,Mobile,26.95,Completed,15,Thursday
USER_0054,2026-06-11 15:53:36,Mobile,51.35,Completed,15,Thursday
USER_0022,2026-06-11 16:11:29,Mobile,67.3,Abandoned,16,Thursday
USER_0435,2026-06-11 20:16:17,Mobile,73.4,Abandoned,20,Thursday
USER_1113,2026-06-11 20:27:48,Desktop,60.96,Completed,20,Thursday
USER_1050,2026-06-11 20:32:22,Tablet,10.0,Completed,20,Thursday
USER_0391,2026-06-11 21:12:56,Mobile,34.58,Completed,21,Thursday
USER_0117,2026-06-11 21:49:37,Mobile,66.19,Completed,21,Thursday
USER_0593,2026-06-11 23:16:09,Desktop,50.86,Completed,23,Thursday
USER_1325,2026-06-12 00:36:36,Desktop,76.14,Abandoned,0,Friday
USER_0626,2026-06-12 00:43:02,Desktop,106.06,Completed,0,Friday
USER_0391,2026-06-12 01:08:38,Desktop,75.89,Abandoned,1,Friday
USER_0414,2026-06-12 03:56:30,Mobile,33.99,Abandoned,3,Friday
USER_1098,2026-06-12 04:24:34,Desktop,38.47,Abandoned,4,Friday
USER_0510,2026-06-12 06:21:55,Mobile,157.66,Completed,6,Friday
USER_1385,2026-06-12 06:21:55,Mobile,48.6,Abandoned,6,Friday
USER_0573,2026-06-12 07:58:59,Mobile,51.32,Completed,7,Friday
USER_0774,2026-06-12 08:33:11,Mobile,76.05,Abandoned,8,Friday
USER_0413,2026-06-12 08:49:59,Tablet,122.02,Completed,8,Friday
USER_1044,2026-06-12 09:01:26,Desktop,30.39,Completed,9,Friday
USER_1030,2026-06-12 09:38:18,Mobile,39.55,Abandoned,9,Friday
USER_0216,2026-06-12 11:07:45,Mobile,19.25,Abandoned,11,Friday
USER_0918,2026-06-12 11:37:05,Mobile,45.03,Abandoned,11,Friday
USER_0138,2026-06-12 12:12:59,Mobile,78.96,Completed,12,Friday
USER_0542,2026-06-12 12:29:07,Desktop,43.09,Completed,12,Friday
USER_1171,2026-06-12 12:29:29,Tablet,171.38,Completed,12,Friday
USER_0727,2026-06-12 12:33:28,Tablet,58.88,Completed,12,Friday
USER_0759,2026-06-12 12:46:52,Desktop,51.09,Completed,12,Friday
USER_1197,2026-06-12 13:02:57,Desktop,43.43,Abandoned,13,Friday
USER_1409,2026-06-12 13:18:52,Mobile,22.56,Completed,13,Friday
USER_1165,2026-06-12 14:10:01,Mobile,51.48,Completed,14,Friday
USER_0623,2026-06-12 15:42:05,Mobile,68.92,Abandoned,15,Friday
USER_0576,2026-06-12 16:05:28,Desktop,50.56,Completed,16,Friday
USER_0012,2026-06-12 17:01:11,Desktop,63.45,Completed,17,Friday
USER_0407,2026-06-12 17:11:42,Mobile,35.31,Completed,17,Friday
USER_0984,2026-06-12 17:19:57,Mobile,24.31,Abandoned,17,Friday
USER_0132,2026-06-12 17:34:13,Mobile,50.96,Abandoned,17,Friday
USER_0568,2026-06-12 17:44:47,Tablet,63.02,Completed,17,Friday
USER_0312,2026-06-12 19:03:58,Mobile,48.93,Abandoned,19,Friday
USER_0822,2026-06-12 20:02:48,Desktop,62.32,Abandoned,20,Friday
USER_0886,2026-06-12 21:32:14,Desktop,90.45,Completed,21,Friday
USER_1031,2026-06-12 21:44:47,Mobile,90.23,Abandoned,21,Friday
USER_1280,2026-06-12 23:49:15,Desktop,95.32,Completed,23,Friday
USER_1298,2026-06-13 00:55:49,Desktop,104.95,Abandoned,0,Saturday
USER_1325,2026-06-13 01:11:10,Mobile,75.42,Completed,1,Saturday
USER_1496,2026-06-13 02:18:22,Tablet,68.83,Abandoned,2,Saturday
USER_1431,2026-06-13 02:31:57,Mobile,193.05,Completed,2,Saturday
USER_0620,2026-06-13 02:46:19,Mobile,90.86,Abandoned,2,Saturday
USER_1120,2026-06-13 03:02:44,Desktop,31.52,Completed,3,Saturday
USER_0314,2026-06-13 04:31:41,Desktop,16.27,Abandoned,4,Saturday
USER_1052,2026-06-13 04:43:39,Tablet,46.68,Abandoned,4,Saturday
USER_1421,2026-06-13 06:59:22,Desktop,81.95,Completed,6,Saturday
USER_0800,2026-06-13 07:28:54,Tablet,101.83,Abandoned,7,Saturday
USER_1059,2026-06-13 07:34:25,Desktop,24.22,Completed,7,Saturday
USER_0896,2026-06-13 07:58:49,Desktop,87.72,Completed,7,Saturday
USER_0805,2026-06-13 09:08:15,Desktop,114.15,Completed,9,Saturday
USER_1413,2026-06-13 09:33:42,Mobile,81.1,Abandoned,9,Saturday
USER_0396,2026-06-13 09:54:35,Tablet,71.54,Completed,9,Saturday
USER_0992,2026-06-13 12:12:39,Mobile,50.08,Abandoned,12,Saturday
USER_0821,2026-06-13 14:46:45,Mobile,40.49,Abandoned,14,Saturday
USER_0243,2026-06-13 15:27:21,Mobile,90.98,Completed,15,Saturday
USER_1198,2026-06-13 15:38:02,Desktop,79.77,Completed,15,Saturday
USER_1429,2026-06-13 16:19:20,Mobile,44.14,Abandoned,16,Saturday
USER_0082,2026-06-13 17:48:03,Mobile,284.97,Abandoned,17,Saturday
USER_0475,2026-06-13 18:31:48,Desktop,20.46,Completed,18,Saturday
USER_1329,2026-06-13 19:08:18,Mobile,46.95,Abandoned,19,Saturday
USER_0307,2026-06-13 19:51:53,Desktop,33.07,Abandoned,19,Saturday
USER_1404,2026-06-13 22:25:53,Mobile,70.09,Completed,22,Saturday
USER_0246,2026-06-13 22:42:52,Mobile,15.38,Abandoned,22,Saturday
USER_1128,2026-06-13 23:13:45,Mobile,124.59,Completed,23,Saturday
USER_1108,2026-06-14 01:28:18,Desktop,104.96,Abandoned,1,Sunday
USER_0448,2026-06-14 02:24:22,Mobile,64.96,Abandoned,2,Sunday
USER_1108,2026-06-14 02:24:40,Tablet,44.62,Abandoned,2,Sunday
USER_0947,2026-06-14 02:51:15,Mobile,86.97,Abandoned,2,Sunday
USER_0658,2026-06-14 03:14:00,Mobile,67.6,Abandoned,3,Sunday
USER_0554,2026-06-14 03:32:09,Mobile,54.730000000000004,Abandoned,3,Sunday
USER_1100,2026-06-14 04:49:22,Mobile,50.42,Abandoned,4,Sunday
USER_0950,2026-06-14 06:09:57,Unknown,48.52,Completed,6,Sunday
USER_1313,2026-06-14 06:57:27,Desktop,110.01,Completed,6,Sunday
USER_0076,2026-06-14 07:30:46,Desktop,82.42,Completed,7,Sunday
USER_0188,2026-06-14 08:50:17,Mobile,48.76,Completed,8,Sunday
USER_0023,2026-06-14 11:12:00,Unknown,69.35,Completed,11,Sunday
USER_0663,2026-06-14 12:02:52,Mobile,61.57,Completed,12,Sunday
USER_1169,2026-06-14 14:18:29,Tablet,73.97,Abandoned,14,Sunday
USER_1233,2026-06-14 15:04:47,Mobile,124.6,Completed,15,Sunday
USER_0144,2026-06-14 15:48:40,Desktop,43.49,Completed,15,Sunday
USER_1136,2026-06-14 16:46:21,Mobile,35.91,Completed,16,Sunday
USER_1112,2026-06-14 17:01:34,Mobile,65.23,Abandoned,17,Sunday
USER_0017,2026-06-14 17:22:52,Mobile,38.52,Completed,17,Sunday
USER_0998,2026-06-14 18:15:02,Mobile,30.2,Completed,18,Sunday
USER_1474,2026-06-14 18:15:45,Desktop,104.15,Completed,18,Sunday
USER_0490,2026-06-14 18:16:38,Mobile,45.3,Abandoned,18,Sunday
USER_1438,2026-06-14 18:19:04,Desktop,16.21,Abandoned,18,Sunday
USER_0098,2026-06-14 19:40:40,Mobile,94.71,Completed,19,Sunday
USER_0850,2026-06-14 20:12:53,Tablet,41.07,Completed,20,Sunday
USER_0198,2026-06-14 20:53:40,Mobile,79.49,Abandoned,20,Sunday
USER_0089,2026-06-14 22:42:54,Desktop,54.730000000000004,Completed,22,Sunday
USER_1183,2026-06-14 23:51:10,Desktop,61.76,Abandoned,23,Sunday
USER_0194,2026-06-15 00:56:35,Tablet,14.54,Abandoned,0,Monday
USER_0983,2026-06-15 01:12:57,Mobile,15.24,Abandoned,1,Monday
USER_1083,2026-06-15 01:23:15,Desktop,35.27,Abandoned,1,Monday
USER_0046,2026-06-15 01:26:49,Mobile,52.62,Abandoned,1,Monday
USER_1349,2026-06-15 02:19:48,Mobile,119.12,Abandoned,2,Monday
USER_0878,2026-06-15 02:32:44,Mobile,65.98,Abandoned,2,Monday
USER_0485,2026-06-15 03:07:53,Mobile,299.23,Abandoned,3,Monday
USER_0118,2026-06-15 03:33:08,Tablet,20.71,Completed,3,Monday
USER_1425,2026-06-15 05:03:18,Mobile,59.08,Abandoned,5,Monday
USER_0210,2026-06-15 05:50:01,Desktop,40.87,Abandoned,5,Monday
USER_0511,2026-06-15 05:55:20,Desktop,63.59,Abandoned,5,Monday
USER_1170,2026-06-15 07:54:10,Mobile,170.47,Completed,7,Monday
USER_0918,2026-06-15 08:19:29,Desktop,177.63,Completed,8,Monday
USER_0116,2026-06-15 10:36:55,Mobile,56.57,Abandoned,10,Monday
USER_1072,2026-06-15 11:05:55,Desktop,95.58,Abandoned,11,Monday
USER_0162,2026-06-15 11:47:48,Mobile,62.81,Abandoned,11,Monday
USER_1171,2026-06-15 13:31:45,Tablet,54.730000000000004,Completed,13,Monday
USER_1342,2026-06-15 14:26:41,Desktop,55.11,Completed,14,Monday
USER_0038,2026-06-15 14:44:03,Tablet,39.32,Completed,14,Monday
USER_1239,2026-06-15 15:07:04,Mobile,52.42,Completed,15,Monday
USER_0112,2026-06-15 15:07:28,Mobile,31.38,Completed,15,Monday
USER_0028,2026-06-15 15:19:07,Mobile,60.39,Abandoned,15,Monday
USER_0797,2026-06-15 15:23:38,Mobile,66.6,Completed,15,Monday
USER_0704,2026-06-15 15:31:56,Mobile,86.29,Abandoned,15,Monday
USER_0994,2026-06-15 15:33:54,Desktop,66.78,Completed,15,Monday
USER_1451,2026-06-15 16:32:18,Mobile,157.98,Abandoned,16,Monday
USER_0459,2026-06-15 17:21:46,Mobile,227.0,Abandoned,17,Monday
USER_0079,2026-06-15 17:45:21,Desktop,41.97,Completed,17,Monday
USER_0972,2026-06-15 17:58:53,Desktop,54.730000000000004,Completed,17,Monday
USER_0400,2026-06-15 18:09:32,Mobile,215.83,Abandoned,18,Monday
USER_0717,2026-06-15 19:01:51,Mobile,104.32,Abandoned,19,Monday
USER_1404,2026-06-15 19:26:19,Mobile,87.03,Abandoned,19,Monday
USER_0242,2026-06-15 21:08:14,Mobile,16.71,Abandoned,21,Monday
USER_1399,2026-06-15 22:00:01,Desktop,37.99,Completed,22,Monday
USER_1130,2026-06-15 22:16:34,Mobile,41.77,Abandoned,22,Monday
USER_0996,2026-06-15 23:17:55,Desktop,134.51,Completed,23,Monday
USER_0806,2026-06-16 00:05:26,Desktop,33.96,Abandoned,0,Tuesday
USER_0793,2026-06-16 01:12:00,Desktop,51.65,Completed,1,Tuesday
USER_0949,2026-06-16 01:38:33,Mobile,94.27,Abandoned,1,Tuesday
USER_1325,2026-06-16 02:18:19,Mobile,32.98,Abandoned,2,Tuesday
USER_1462,2026-06-16 02:34:25,Desktop,65.46,Abandoned,2,Tuesday
USER_1190,2026-06-16 03:52:54,Mobile,60.14,Abandoned,3,Tuesday
USER_1498,2026-06-16 04:27:57,Mobile,96.56,Completed,4,Tuesday
USER_0537,2026-06-16 05:38:42,Mobile,83.78,Abandoned,5,Tuesday
USER_0493,2026-06-16 06:53:24,Mobile,82.08,Abandoned,6,Tuesday
USER_0542,2026-06-16 07:12:22,Desktop,62.21,Abandoned,7,Tuesday
USER_0047,2026-06-16 07:56:05,Mobile,54.730000000000004,Completed,7,Tuesday
USER_0566,2026-06-16 07:58:37,Mobile,59.79,Abandoned,7,Tuesday
USER_1280,2026-06-16 09:15:53,Mobile,56.6,Completed,9,Tuesday
USER_0324,2026-06-16 09:56:44,Desktop,89.86,Completed,9,Tuesday
USER_1363,2026-06-16 12:36:50,Desktop,41.48,Abandoned,12,Tuesday
USER_0288,2026-06-16 12:37:25,Desktop,56.1,Completed,12,Tuesday
USER_0544,2026-06-16 13:09:32,Mobile,57.26,Completed,13,Tuesday
USER_0585,2026-06-16 13:22:34,Mobile,34.36,Abandoned,13,Tuesday
USER_1212,2026-06-16 14:50:13,Mobile,25.8,Abandoned,14,Tuesday
USER_0646,2026-06-16 15:32:11,Desktop,70.01,Completed,15,Tuesday
USER_0715,2026-06-16 15:39:51,Desktop,105.11,Completed,15,Tuesday
USER_0379,2026-06-16 16:00:31,Desktop,36.37,Completed,16,Tuesday
USER_1385,2026-06-16 16:11:45,Mobile,47.39,Abandoned,16,Tuesday
USER_0925,2026-06-16 19:19:46,Desktop,93.62,Abandoned,19,Tuesday
USER_0298,2026-06-16 19:25:50,Mobile,99.72,Abandoned,19,Tuesday
USER_0961,2026-06-16 19:39:48,Desktop,63.46,Abandoned,19,Tuesday
USER_1164,2026-06-16 21:07:07,Mobile,71.47,Abandoned,21,Tuesday
USER_1295,2026-06-16 22:34:21,Desktop,77.16,Completed,22,Tuesday
USER_0511,2026-06-16 23:11:47,Mobile,86.68,Abandoned,23,Tuesday
USER_1439,2026-06-17 00:52:31,Mobile,27.21,Abandoned,0,Wednesday
USER_1301,2026-06-17 00:53:19,Desktop,189.84,Completed,0,Wednesday
USER_0546,2026-06-17 00:58:20,Mobile,65.24,Abandoned,0,Wednesday
USER_0917,2026-06-17 01:45:19,Desktop,87.74,Abandoned,1,Wednesday
USER_1276,2026-06-17 03:12:39,Desktop,33.28,Abandoned,3,Wednesday
USER_0540,2026-06-17 03:34:40,Desktop,48.38,Abandoned,3,Wednesday
USER_1244,2026-06-17 03:39:34,Mobile,54.730000000000004,Completed,3,Wednesday
USER_0686,2026-06-17 04:22:19,Mobile,16.9,Abandoned,4,Wednesday
USER_0560,2026-06-17 04:46:14,Desktop,30.39,Abandoned,4,Wednesday
USER_0158,2026-06-17 05:09:17,Mobile,34.08,Abandoned,5,Wednesday
USER_0596,2026-06-17 05:56:59,Desktop,23.78,Abandoned,5,Wednesday
USER_0071,2026-06-17 06:42:30,Mobile,58.5,Abandoned,6,Wednesday
USER_0318,2026-06-17 07:35:45,Mobile,52.03,Abandoned,7,Wednesday
USER_1112,2026-06-17 09:17:06,Mobile,137.75,Abandoned,9,Wednesday
USER_0062,2026-06-17 09:24:04,Unknown,26.35,Abandoned,9,Wednesday
USER_0990,2026-06-17 09:54:26,Mobile,63.6,Abandoned,9,Wednesday
USER_1003,2026-06-17 10:11:34,Desktop,30.81,Completed,10,Wednesday
USER_0058,2026-06-17 10:28:10,Desktop,17.88,Completed,10,Wednesday
USER_0738,2026-06-17 11:41:59,Unknown,80.0,Completed,11,Wednesday
USER_0376,2026-06-17 14:41:13,Tablet,84.43,Abandoned,14,Wednesday
USER_0689,2026-06-17 17:58:49,Mobile,78.17,Completed,17,Wednesday
USER_1255,2026-06-17 18:24:34,Tablet,23.2,Completed,18,Wednesday
USER_1231,2026-06-17 19:12:21,Desktop,57.65,Completed,19,Wednesday
USER_1475,2026-06-17 20:02:28,Desktop,80.5,Abandoned,20,Wednesday
USER_0078,2026-06-17 20:15:49,Mobile,101.38,Completed,20,Wednesday
USER_0919,2026-06-17 20:35:36,Unknown,82.14,Abandoned,20,Wednesday
USER_0702,2026-06-17 20:51:19,Mobile,102.24,Completed,20,Wednesday
USER_1480,2026-06-17 21:43:20,Desktop,109.27,Completed,21,Wednesday
USER_1165,2026-06-17 22:49:56,Mobile,58.45,Completed,22,Wednesday
USER_0181,2026-06-17 23:46:58,Desktop,75.49,Completed,23,Wednesday
USER_0506,2026-06-18 00:41:42,Mobile,104.56,Abandoned,0,Thursday
USER_0490,2026-06-18 00:52:22,Desktop,70.36,Completed,0,Thursday
USER_0857,2026-06-18 02:03:58,Mobile,119.03,Abandoned,2,Thursday
USER_0526,2026-06-18 02:09:38,Mobile,96.39,Abandoned,2,Thursday
USER_1250,2026-06-18 02:30:57,Mobile,36.19,Abandoned,2,Thursday
USER_0202,2026-06-18 03:41:00,Mobile,23.36,Abandoned,3,Thursday
USER_1008,2026-06-18 05:05:51,Mobile,55.29,Completed,5,Thursday
USER_1063,2026-06-18 05:06:12,Desktop,25.34,Abandoned,5,Thursday
USER_0700,2026-06-18 05:14:16,Mobile,57.63,Abandoned,5,Thursday
USER_0714,2026-06-18 05:39:06,Mobile,54.34,Completed,5,Thursday
USER_0043,2026-06-18 06:52:13,Desktop,54.730000000000004,Completed,6,Thursday
USER_1393,2026-06-18 11:04:30,Mobile,75.81,Completed,11,Thursday
USER_0283,2026-06-18 13:05:54,Tablet,103.1,Abandoned,13,Thursday
USER_1459,2026-06-18 14:11:04,Tablet,39.72,Completed,14,Thursday
USER_0043,2026-06-18 15:56:42,Mobile,147.57,Abandoned,15,Thursday
USER_1288,2026-06-18 16:24:08,Mobile,54.730000000000004,Completed,16,Thursday
USER_1292,2026-06-18 17:35:45,Mobile,72.08,Completed,17,Thursday
USER_0687,2026-06-18 17:41:09,Desktop,16.87,Completed,17,Thursday
USER_0868,2026-06-18 17:47:58,Desktop,117.47,Abandoned,17,Thursday
USER_0770,2026-06-18 21:04:17,Desktop,172.89,Completed,21,Thursday
USER_0649,2026-06-18 21:25:25,Desktop,55.0,Completed,21,Thursday
USER_0726,2026-06-18 21:32:02,Mobile,55.74,Completed,21,Thursday
USER_0339,2026-06-19 01:12:19,Desktop,39.02,Abandoned,1,Friday
USER_0751,2026-06-19 02:07:53,Desktop,18.9,Completed,2,Friday
USER_1106,2026-06-19 03:47:34,Desktop,37.89,Abandoned,3,Friday
USER_1474,2026-06-19 05:10:24,Desktop,160.55,Completed,5,Friday
USER_1153,2026-06-19 06:24:53,Desktop,110.1,Completed,6,Friday
USER_0239,2026-06-19 07:59:35,Mobile,33.04,Abandoned,7,Friday
USER_1287,2026-06-19 08:39:47,Mobile,37.49,Abandoned,8,Friday
USER_1415,2026-06-19 09:11:41,Mobile,218.72,Completed,9,Friday
USER_0141,2026-06-19 10:30:59,Mobile,28.13,Abandoned,10,Friday
USER_0095,2026-06-19 11:29:18,Tablet,34.29,Abandoned,11,Friday
USER_0644,2026-06-19 11:34:28,Mobile,41.3,Completed,11,Friday
USER_0073,2026-06-19 13:23:37,Desktop,22.59,Completed,13,Friday
USER_1439,2026-06-19 15:52:30,Mobile,38.5,Abandoned,15,Friday
USER_1157,2026-06-19 17:30:54,Mobile,38.88,Abandoned,17,Friday
USER_1192,2026-06-19 18:02:23,Tablet,30.37,Abandoned,18,Friday
USER_1436,2026-06-19 19:07:52,Desktop,129.44,Completed,19,Friday
USER_1419,2026-06-19 19:11:36,Unknown,25.57,Abandoned,19,Friday
USER_0386,2026-06-19 19:16:49,Mobile,49.79,Completed,19,Friday
USER_1465,2026-06-19 19:35:49,Mobile,30.88,Completed,19,Friday
USER_0932,2026-06-19 19:51:30,Mobile,47.63,Abandoned,19,Friday
USER_0256,2026-06-19 21:42:28,Mobile,29.96,Abandoned,21,Friday
USER_0397,2026-06-19 22:12:59,Mobile,57.36,Completed,22,Friday
USER_0115,2026-06-19 22:43:42,Tablet,67.29,Completed,22,Friday
USER_0116,2026-06-19 23:23:14,Desktop,135.83,Completed,23,Friday
USER_1123,2026-06-20 01:12:50,Desktop,37.24,Completed,1,Saturday
USER_0720,2026-06-20 01:57:39,Desktop,156.27,Completed,1,Saturday
USER_0881,2026-06-20 02:34:18,Mobile,32.31,Abandoned,2,Saturday
USER_1253,2026-06-20 03:26:27,Desktop,46.77,Abandoned,3,Saturday
USER_0715,2026-06-20 03:35:19,Mobile,171.93,Completed,3,Saturday
USER_0729,2026-06-20 03:38:26,Desktop,360.29,Completed,3,Saturday
USER_0777,2026-06-20 04:05:56,Mobile,163.34,Abandoned,4,Saturday
USER_0162,2026-06-20 04:56:43,Mobile,47.21,Abandoned,4,Saturday
USER_0981,2026-06-20 08:18:44,Desktop,76.3,Completed,8,Saturday
USER_1231,2026-06-20 08:40:12,Desktop,85.09,Completed,8,Saturday
USER_0356,2026-06-20 09:24:01,Desktop,68.34,Completed,9,Saturday
USER_0989,2026-06-20 09:38:58,Tablet,28.36,Completed,9,Saturday
USER_0838,2026-06-20 09:58:40,Mobile,63.59,Completed,9,Saturday
USER_0575,2026-06-20 10:16:16,Mobile,39.3,Completed,10,Saturday
USER_0231,2026-06-20 10:28:03,Mobile,29.09,Completed,10,Saturday
USER_0841,2026-06-20 10:29:13,Desktop,44.59,Completed,10,Saturday
USER_0453,2026-06-20 11:04:03,Desktop,67.02,Completed,11,Saturday
USER_0497,2026-06-20 11:34:13,Mobile,104.68,Abandoned,11,Saturday
USER_1272,2026-06-20 11:52:55,Desktop,46.29,Completed,11,Saturday
USER_0435,2026-06-20 12:16:31,Desktop,54.730000000000004,Completed,12,Saturday
USER_1044,2026-06-20 12:20:08,Mobile,92.07,Abandoned,12,Saturday
USER_1319,2026-06-20 13:38:46,Desktop,57.17,Abandoned,13,Saturday
USER_0468,2026-06-20 13:53:23,Desktop,69.97,Abandoned,13,Saturday
USER_0211,2026-06-20 14:13:48,Tablet,57.44,Completed,14,Saturday
USER_0014,2026-06-20 14:24:45,Mobile,62.29,Completed,14,Saturday
USER_0428,2026-06-20 15:05:51,Mobile,27.08,Abandoned,15,Saturday
USER_0555,2026-06-20 15:51:34,Mobile,59.12,Completed,15,Saturday
USER_0363,2026-06-20 16:11:57,Mobile,54.730000000000004,Abandoned,16,Saturday
USER_0227,2026-06-20 16:47:13,Tablet,60.94,Completed,16,Saturday
USER_0558,2026-06-20 19:27:56,Mobile,31.76,Abandoned,19,Saturday
USER_0334,2026-06-20 20:03:36,Desktop,142.56,Completed,20,Saturday
USER_0408,2026-06-20 20:53:07,Mobile,87.26,Abandoned,20,Saturday
USER_0668,2026-06-20 21:13:47,Unknown,89.92,Abandoned,21,Saturday
USER_1396,2026-06-20 22:05:17,Mobile,88.35,Completed,22,Saturday
USER_1094,2026-06-20 22:36:57,Desktop,26.26,Abandoned,22,Saturday
USER_0943,2026-06-20 23:08:13,Desktop,83.19,Completed,23,Saturday
USER_1228,2026-06-20 23:09:12,Mobile,134.29,Abandoned,23,Saturday
USER_1373,2026-06-21 00:24:14,Tablet,39.96,Abandoned,0,Sunday
USER_0489,2026-06-21 01:57:51,Mobile,15.59,Abandoned,1,Sunday
USER_0245,2026-06-21 02:39:44,Mobile,69.24,Abandoned,2,Sunday
USER_0594,2026-06-21 03:40:37,Mobile,55.77,Abandoned,3,Sunday
USER_1483,2026-06-21 04:23:14,Mobile,19.97,Completed,4,Sunday
USER_0346,2026-06-21 06:31:01,Tablet,80.92,Abandoned,6,Sunday
USER_0362,2026-06-21 07:27:13,Mobile,77.07,Completed,7,Sunday
USER_0320,2026-06-21 07:41:39,Mobile,21.05,Abandoned,7,Sunday
USER_0730,2026-06-21 08:10:41,Mobile,186.43,Completed,8,Sunday
USER_0278,2026-06-21 09:13:56,Desktop,88.96,Abandoned,9,Sunday
USER_1135,2026-06-21 09:57:37,Mobile,15.98,Abandoned,9,Sunday
USER_1169,2026-06-21 10:25:34,Desktop,92.97,Completed,10,Sunday
USER_1414,2026-06-21 11:39:09,Mobile,91.23,Abandoned,11,Sunday
USER_1034,2026-06-21 11:55:27,Mobile,136.97,Abandoned,11,Sunday
USER_1113,2026-06-21 12:24:29,Desktop,36.4,Completed,12,Sunday
USER_1117,2026-06-21 14:10:28,Mobile,93.85,Abandoned,14,Sunday
USER_0128,2026-06-21 14:22:59,Desktop,46.81,Completed,14,Sunday
USER_0855,2026-06-21 16:31:41,Mobile,38.03,Abandoned,16,Sunday
USER_1110,2026-06-21 16:41:59,Desktop,31.12,Abandoned,16,Sunday
USER_0563,2026-06-21 17:22:21,Mobile,15.85,Completed,17,Sunday
USER_1173,2026-06-21 17:28:39,Desktop,77.58,Completed,17,Sunday
USER_1077,2026-06-21 17:59:18,Mobile,45.72,Abandoned,17,Sunday
USER_0387,2026-06-21 18:54:58,Mobile,10.0,Abandoned,18,Sunday
USER_1010,2026-06-21 19:11:06,Mobile,57.34,Completed,19,Sunday
USER_0199,2026-06-21 19:27:48,Mobile,115.89,Completed,19,Sunday
USER_0638,2026-06-21 19:41:54,Mobile,23.35,Completed,19,Sunday
USER_1153,2026-06-21 20:10:27,Mobile,34.36,Completed,20,Sunday
USER_0947,2026-06-21 20:37:44,Desktop,72.72,Abandoned,20,Sunday
USER_0853,2026-06-21 21:09:58,Desktop,10.35,Completed,21,Sunday
USER_0501,2026-06-21 21:17:00,Unknown,38.59,Completed,21,Sunday
USER_1277,2026-06-21 21:42:46,Desktop,54.730000000000004,Completed,21,Sunday
USER_0730,2026-06-21 23:07:41,Mobile,37.91,Abandoned,23,Sunday
USER_0582,2026-06-21 23:10:27,Mobile,23.48,Abandoned,23,Sunday
USER_0864,2026-06-21 23:53:08,Mobile,24.23,Completed,23,Sunday
USER_0584,2026-06-22 00:40:27,Desktop,19.15,Abandoned,0,Monday
USER_1193,2026-06-22 02:33:05,Mobile,36.18,Abandoned,2,Monday
USER_0676,2026-06-22 03:57:43,Mobile,108.51,Abandoned,3,Monday
USER_0025,2026-06-22 04:14:15,Desktop,253.47,Abandoned,4,Monday
USER_0020,2026-06-22 04:39:02,Mobile,55.9,Abandoned,4,Monday
USER_0546,2026-06-22 06:04:54,Desktop,89.96,Completed,6,Monday
USER_1391,2026-06-22 06:24:58,Desktop,29.62,Abandoned,6,Monday
USER_0929,2026-06-22 07:13:01,Mobile,14.02,Completed,7,Monday
USER_1099,2026-06-22 07:27:40,Mobile,181.92,Completed,7,Monday
USER_0202,2026-06-22 09:42:49,Mobile,37.08,Completed,9,Monday
USER_0343,2026-06-22 12:13:21,Desktop,87.11,Completed,12,Monday
USER_0338,2026-06-22 14:01:41,Mobile,60.52,Abandoned,14,Monday
USER_1177,2026-06-22 14:23:04,Desktop,104.22,Completed,14,Monday
USER_1206,2026-06-22 16:18:39,Desktop,101.51,Abandoned,16,Monday
USER_0039,2026-06-22 16:53:19,Mobile,65.4,Completed,16,Monday
USER_0886,2026-06-22 17:16:38,Mobile,70.25,Abandoned,17,Monday
USER_1303,2026-06-22 17:55:46,Desktop,120.08,Completed,17,Monday
USER_1327,2026-06-22 18:05:11,Mobile,41.83,Completed,18,Monday
USER_0619,2026-06-22 18:33:25,Desktop,150.08,Completed,18,Monday
USER_0710,2026-06-22 18:39:32,Mobile,34.46,Completed,18,Monday
USER_1242,2026-06-22 18:41:08,Desktop,57.38,Completed,18,Monday
USER_0871,2026-06-22 19:11:40,Desktop,82.18,Completed,19,Monday
USER_0737,2026-06-22 19:21:53,Desktop,18.94,Completed,19,Monday
USER_1179,2026-06-22 19:32:07,Mobile,134.05,Abandoned,19,Monday
USER_0637,2026-06-22 19:45:03,Mobile,74.39,Completed,19,Monday
USER_0763,2026-06-22 20:14:32,Desktop,466.67,Completed,20,Monday
USER_1010,2026-06-22 22:45:42,Mobile,211.12,Abandoned,22,Monday
USER_0474,2026-06-23 00:24:38,Mobile,54.21,Completed,0,Tuesday
USER_0302,2026-06-23 01:38:06,Unknown,174.27,Abandoned,1,Tuesday
USER_1225,2026-06-23 02:39:59,Mobile,94.71,Completed,2,Tuesday
USER_0938,2026-06-23 03:37:39,Mobile,63.45,Completed,3,Tuesday
USER_0770,2026-06-23 03:59:28,Mobile,18.57,Completed,3,Tuesday
USER_0842,2026-06-23 04:12:04,Desktop,21.64,Abandoned,4,Tuesday
USER_1348,2026-06-23 04:24:31,Desktop,54.75,Abandoned,4,Tuesday
USER_1077,2026-06-23 05:37:04,Mobile,39.57,Completed,5,Tuesday
USER_1077,2026-06-23 06:32:40,Mobile,63.2,Completed,6,Tuesday
USER_1366,2026-06-23 07:28:51,Mobile,133.23,Abandoned,7,Tuesday
USER_1284,2026-06-23 11:28:58,Desktop,95.8,Completed,11,Tuesday
USER_1240,2026-06-23 11:29:03,Mobile,34.72,Abandoned,11,Tuesday
USER_0075,2026-06-23 11:44:02,Tablet,99.61,Completed,11,Tuesday
USER_1313,2026-06-23 11:46:13,Unknown,30.14,Abandoned,11,Tuesday
USER_0187,2026-06-23 13:40:27,Tablet,25.99,Abandoned,13,Tuesday
USER_0665,2026-06-23 13:56:40,Unknown,69.97,Completed,13,Tuesday
USER_0234,2026-06-23 14:30:12,Desktop,32.16,Abandoned,14,Tuesday
USER_0577,2026-06-23 16:07:32,Mobile,35.97,Completed,16,Tuesday
USER_1309,2026-06-23 17:04:39,Mobile,104.18,Abandoned,17,Tuesday
USER_0611,2026-06-23 20:15:17,Desktop,83.72,Abandoned,20,Tuesday
USER_0794,2026-06-23 21:42:24,Desktop,42.88,Completed,21,Tuesday
USER_0559,2026-06-23 21:52:20,Mobile,18.99,Abandoned,21,Tuesday
USER_0829,2026-06-23 22:32:36,Desktop,33.86,Abandoned,22,Tuesday
USER_0225,2026-06-24 00:48:11,Desktop,192.93,Completed,0,Wednesday
USER_0014,2026-06-24 01:31:18,Desktop,102.33,Abandoned,1,Wednesday
USER_0676,2026-06-24 02:15:16,Mobile,137.74,Completed,2,Wednesday
USER_0065,2026-06-24 04:28:57,Unknown,64.48,Abandoned,4,Wednesday
USER_1284,2026-06-24 06:07:16,Mobile,43.46,Completed,6,Wednesday
USER_0936,2026-06-24 08:05:52,Mobile,98.33,Abandoned,8,Wednesday
USER_1068,2026-06-24 08:44:31,Desktop,125.61,Abandoned,8,Wednesday
USER_0739,2026-06-24 10:50:15,Mobile,39.97,Abandoned,10,Wednesday
USER_1235,2026-06-24 10:50:39,Mobile,34.34,Abandoned,10,Wednesday
USER_1469,2026-06-24 12:35:09,Desktop,20.31,Abandoned,12,Wednesday
USER_0690,2026-06-24 12:50:13,Desktop,33.79,Abandoned,12,Wednesday
USER_1242,2026-06-24 14:08:11,Mobile,84.34,Abandoned,14,Wednesday
USER_0877,2026-06-24 17:47:26,Mobile,37.06,Completed,17,Wednesday
USER_1454,2026-06-24 18:19:39,Tablet,100.05,Completed,18,Wednesday
USER_1274,2026-06-24 18:25:40,Mobile,196.11,Abandoned,18,Wednesday
USER_0929,2026-06-24 20:01:47,Desktop,55.49,Completed,20,Wednesday
USER_1009,2026-06-24 20:38:42,Desktop,54.02,Completed,20,Wednesday
USER_0770,2026-06-24 20:58:53,Mobile,77.99,Abandoned,20,Wednesday
USER_0731,2026-06-24 21:38:20,Tablet,54.730000000000004,Completed,21,Wednesday
USER_0646,2026-06-24 22:49:10,Desktop,35.85,Completed,22,Wednesday
USER_1379,2026-06-24 23:05:34,Mobile,36.55,Completed,23,Wednesday
USER_0018,2026-06-24 23:08:46,Desktop,25.93,Abandoned,23,Wednesday
USER_1370,2026-06-24 23:21:55,Desktop,54.730000000000004,Completed,23,Wednesday
USER_0353,2026-06-25 00:08:04,Desktop,39.54,Completed,0,Thursday
USER_1442,2026-06-25 01:05:19,Desktop,112.44,Completed,1,Thursday
USER_0979,2026-06-25 02:07:47,Mobile,77.02,Abandoned,2,Thursday
USER_0570,2026-06-25 02:25:12,Mobile,53.8,Abandoned,2,Thursday
USER_0295,2026-06-25 05:43:06,Mobile,92.41,Completed,5,Thursday
USER_0700,2026-06-25 07:54:03,Mobile,29.57,Abandoned,7,Thursday
USER_1440,2026-06-25 11:38:46,Mobile,32.88,Abandoned,11,Thursday
USER_1213,2026-06-25 12:01:40,Desktop,86.82,Abandoned,12,Thursday
USER_0902,2026-06-25 12:04:34,Desktop,13.1,Abandoned,12,Thursday
USER_0648,2026-06-25 12:19:06,Desktop,55.12,Completed,12,Thursday
USER_0607,2026-06-25 14:13:05,Desktop,80.14,Completed,14,Thursday
USER_0794,2026-06-25 14:24:42,Desktop,128.01,Completed,14,Thursday
USER_0279,2026-06-25 14:44:51,Mobile,146.21,Abandoned,14,Thursday
USER_0170,2026-06-25 16:16:10,Desktop,50.16,Completed,16,Thursday
USER_0905,2026-06-25 18:09:53,Mobile,90.08,Abandoned,18,Thursday
USER_0589,2026-06-25 19:17:38,Tablet,32.37,Abandoned,19,Thursday
USER_0932,2026-06-25 21:07:00,Desktop,40.92,Abandoned,21,Thursday
USER_1425,2026-06-25 23:06:20,Mobile,132.82,Abandoned,23,Thursday
USER_0689,2026-06-26 01:30:04,Desktop,53.2,Completed,1,Friday
USER_0055,2026-06-26 02:06:07,Mobile,60.57,Abandoned,2,Friday
USER_0958,2026-06-26 02:16:26,Mobile,27.9,Completed,2,Friday
USER_0221,2026-06-26 02:49:36,Desktop,71.86,Abandoned,2,Friday
USER_1441,2026-06-26 02:54:09,Mobile,89.13,Completed,2,Friday
USER_0489,2026-06-26 04:55:25,Mobile,87.35,Abandoned,4,Friday
USER_0605,2026-06-26 05:11:03,Tablet,24.84,Abandoned,5,Friday
USER_0914,2026-06-26 07:34:32,Desktop,104.58,Abandoned,7,Friday
USER_1154,2026-06-26 07:40:22,Desktop,28.54,Completed,7,Friday
USER_1313,2026-06-26 07:42:25,Desktop,53.67,Completed,7,Friday
USER_0134,2026-06-26 08:12:33,Mobile,19.07,Abandoned,8,Friday
USER_1122,2026-06-26 09:14:27,Mobile,54.730000000000004,Abandoned,9,Friday
USER_0560,2026-06-26 10:40:54,Desktop,28.44,Completed,10,Friday
USER_0760,2026-06-26 11:03:18,Tablet,40.78,Completed,11,Friday
USER_1410,2026-06-26 11:56:58,Mobile,56.77,Completed,11,Friday
USER_0137,2026-06-26 12:10:42,Desktop,93.48,Abandoned,12,Friday
USER_1398,2026-06-26 13:29:11,Tablet,91.41,Abandoned,13,Friday
USER_0227,2026-06-26 13:43:54,Desktop,11.95,Completed,13,Friday
USER_1487,2026-06-26 14:37:07,Tablet,84.85,Completed,14,Friday
USER_1266,2026-06-26 15:18:46,Mobile,62.43,Completed,15,Friday
USER_0629,2026-06-26 15:41:52,Tablet,54.730000000000004,Completed,15,Friday
USER_0256,2026-06-26 17:00:00,Desktop,30.81,Abandoned,17,Friday
USER_0598,2026-06-26 17:38:56,Mobile,52.43,Completed,17,Friday
USER_0718,2026-06-26 18:15:18,Tablet,63.43,Completed,18,Friday
USER_0928,2026-06-26 18:44:16,Mobile,69.8,Completed,18,Friday
USER_1251,2026-06-26 18:59:23,Mobile,48.03,Abandoned,18,Friday
USER_0414,2026-06-26 19:22:37,Desktop,10.58,Completed,19,Friday
USER_0802,2026-06-26 19:31:53,Mobile,39.57,Completed,19,Friday
USER_0499,2026-06-26 19:36:27,Mobile,25.29,Abandoned,19,Friday
USER_1017,2026-06-26 20:39:23,Desktop,207.66,Completed,20,Friday
USER_0445,2026-06-26 21:05:15,Mobile,56.74,Abandoned,21,Friday
USER_1351,2026-06-26 22:12:50,Mobile,54.730000000000004,Completed,22,Friday
USER_0809,2026-06-26 22:43:32,Mobile,82.5,Completed,22,Friday
USER_0973,2026-06-27 02:05:17,Mobile,66.8,Abandoned,2,Saturday
USER_0459,2026-06-27 02:32:56,Desktop,41.66,Completed,2,Saturday
USER_1185,2026-06-27 02:59:26,Desktop,38.34,Completed,2,Saturday
USER_0483,2026-06-27 03:52:45,Tablet,14.68,Completed,3,Saturday
USER_1438,2026-06-27 04:29:59,Desktop,59.88,Completed,4,Saturday
USER_0338,2026-06-27 04:53:52,Mobile,66.37,Abandoned,4,Saturday
USER_0396,2026-06-27 05:48:03,Tablet,52.93,Completed,5,Saturday
USER_0945,2026-06-27 06:52:50,Desktop,59.93,Abandoned,6,Saturday
USER_1132,2026-06-27 07:25:10,Desktop,24.92,Abandoned,7,Saturday
USER_0050,2026-06-27 08:37:33,Desktop,45.1,Completed,8,Saturday
USER_1439,2026-06-27 08:42:06,Tablet,35.79,Completed,8,Saturday
USER_0558,2026-06-27 09:47:43,Desktop,84.12,Abandoned,9,Saturday
USER_0588,2026-06-27 10:09:09,Mobile,56.07,Completed,10,Saturday
USER_0361,2026-06-27 11:26:40,Desktop,36.02,Completed,11,Saturday
USER_0548,2026-06-27 13:08:30,Mobile,54.730000000000004,Completed,13,Saturday
USER_0681,2026-06-27 14:24:31,Mobile,54.730000000000004,Abandoned,14,Saturday
USER_0593,2026-06-27 14:25:51,Mobile,44.11,Completed,14,Saturday
USER_0720,2026-06-27 14:43:11,Mobile,79.74,Abandoned,14,Saturday
USER_0422,2026-06-27 15:41:25,Mobile,22.97,Completed,15,Saturday
USER_0021,2026-06-27 16:51:26,Mobile,54.730000000000004,Completed,16,Saturday
USER_0162,2026-06-27 17:09:57,Desktop,33.53,Completed,17,Saturday
USER_0518,2026-06-27 17:22:46,Desktop,22.98,Completed,17,Saturday
USER_0775,2026-06-27 17:39:39,Tablet,183.54,Completed,17,Saturday
USER_0218,2026-06-27 17:51:48,Mobile,123.34,Abandoned,17,Saturday
USER_0391,2026-06-27 18:16:29,Desktop,37.01,Completed,18,Saturday
USER_0301,2026-06-27 19:17:15,Tablet,45.23,Completed,19,Saturday
USER_0293,2026-06-27 20:20:31,Mobile,14.67,Abandoned,20,Saturday
USER_0198,2026-06-27 21:57:48,Desktop,19.39,Completed,21,Saturday
USER_1032,2026-06-27 23:57:05,Desktop,26.23,Completed,23,Saturday
USER_0428,2026-06-28 00:21:03,Unknown,53.42,Completed,0,Sunday
USER_0992,2026-06-28 01:27:41,Desktop,50.67,Completed,1,Sunday
USER_1158,2026-06-28 04:01:15,Desktop,67.74,Abandoned,4,Sunday
USER_0817,2026-06-28 04:37:12,Mobile,84.87,Abandoned,4,Sunday
USER_0581,2026-06-28 04:48:22,Mobile,65.41,Abandoned,4,Sunday
USER_1474,2026-06-28 06:47:03,Mobile,27.03,Abandoned,6,Sunday
USER_0406,2026-06-28 06:51:11,Mobile,67.4,Completed,6,Sunday
USER_0186,2026-06-28 07:36:50,Mobile,82.51,Abandoned,7,Sunday
USER_0951,2026-06-28 09:00:40,Mobile,41.36,Abandoned,9,Sunday
USER_1144,2026-06-28 10:41:55,Mobile,16.44,Completed,10,Sunday
USER_1498,2026-06-28 13:27:11,Tablet,117.88,Completed,13,Sunday
USER_0889,2026-06-28 13:50:51,Mobile,57.82,Abandoned,13,Sunday
USER_0053,2026-06-28 14:08:30,Mobile,10.0,Abandoned,14,Sunday
USER_0754,2026-06-28 16:57:21,Mobile,209.7,Abandoned,16,Sunday
USER_0853,2026-06-28 17:04:16,Mobile,40.0,Abandoned,17,Sunday
USER_0430,2026-06-28 17:30:42,Mobile,266.5,Completed,17,Sunday
USER_1093,2026-06-28 18:11:05,Mobile,69.78,Completed,18,Sunday
USER_0358,2026-06-28 18:29:34,Mobile,47.86,Abandoned,18,Sunday
USER_0335,2026-06-28 18:46:26,Desktop,61.52,Completed,18,Sunday
USER_0953,2026-06-28 18:49:11,Tablet,34.43,Abandoned,18,Sunday
USER_0981,2026-06-28 19:07:20,Mobile,56.82,Completed,19,Sunday
USER_0320,2026-06-28 20:02:15,Mobile,201.72,Abandoned,20,Sunday
USER_0231,2026-06-28 20:44:39,Desktop,30.44,Completed,20,Sunday
USER_0988,2026-06-28 22:31:41,Unknown,77.22,Completed,22,Sunday
USER_0326,2026-06-28 23:46:56,Mobile,34.2,Abandoned,23,Sunday
USER_0160,2026-06-29 00:31:28,Tablet,48.95,Abandoned,0,Monday
USER_0302,2026-06-29 02:13:51,Desktop,197.31,Abandoned,2,Monday
USER_0544,2026-06-29 02:21:46,Mobile,76.88,Abandoned,2,Monday
USER_0795,2026-06-29 04:20:15,Desktop,88.65,Abandoned,4,Monday
USER_0041,2026-06-29 05:38:39,Tablet,57.17,Completed,5,Monday
USER_0933,2026-06-29 06:11:31,Unknown,314.84,Completed,6,Monday
USER_0984,2026-06-29 08:19:42,Unknown,29.45,Completed,8,Monday
USER_0833,2026-06-29 08:26:47,Mobile,19.56,Completed,8,Monday
USER_0036,2026-06-29 09:57:56,Mobile,163.35,Abandoned,9,Monday
USER_1500,2026-06-29 10:17:58,Mobile,42.6,Abandoned,10,Monday
USER_1151,2026-06-29 10:44:11,Desktop,71.28,Completed,10,Monday
USER_1383,2026-06-29 12:01:58,Desktop,166.61,Completed,12,Monday
USER_0253,2026-06-29 12:10:29,Desktop,71.9,Completed,12,Monday
USER_0957,2026-06-29 12:30:11,Tablet,232.77,Completed,12,Monday
USER_1440,2026-06-29 12:52:12,Mobile,59.65,Abandoned,12,Monday
USER_0634,2026-06-29 13:00:23,Desktop,34.46,Completed,13,Monday
USER_1350,2026-06-29 13:01:27,Desktop,11.83,Completed,13,Monday
USER_0086,2026-06-29 14:04:12,Mobile,66.38,Abandoned,14,Monday
USER_0911,2026-06-29 14:11:46,Desktop,12.76,Completed,14,Monday
USER_0433,2026-06-29 16:53:18,Mobile,67.42,Abandoned,16,Monday
USER_0569,2026-06-29 17:05:42,Desktop,140.99,Completed,17,Monday
USER_0428,2026-06-29 17:37:08,Mobile,54.0,Completed,17,Monday
USER_0983,2026-06-29 18:16:28,Mobile,61.78,Completed,18,Monday
USER_0054,2026-06-29 18:48:04,Desktop,99.01,Completed,18,Monday
USER_0566,2026-06-29 18:48:46,Desktop,54.730000000000004,Completed,18,Monday
USER_1091,2026-06-29 19:07:22,Mobile,116.09,Abandoned,19,Monday
USER_0055,2026-06-29 20:00:13,Mobile,53.92,Completed,20,Monday
USER_0454,2026-06-29 20:13:10,Mobile,12.64,Abandoned,20,Monday
USER_0406,2026-06-29 21:37:57,Desktop,117.26,Completed,21,Monday
USER_1150,2026-06-29 21:38:12,Desktop,46.75,Completed,21,Monday
USER_0534,2026-06-29 22:10:25,Tablet,30.84,Completed,22,Monday
USER_0759,2026-06-29 22:57:56,Mobile,67.92,Abandoned,22,Monday
USER_1062,2026-06-29 23:40:57,Desktop,61.64,Completed,23,Monday
